source_file,source_question,source_page,topic,question_summary,inferred_block_topic,classification_note,review_basis
2026-usnco-local-exam.pdf,1,3,Stoichiometry/Solutions,"How many atoms are there in 0.300 mol of potassium nitrate, KNO (M = 101.11)? 3",Stoichiometry/Solutions,,previously checked README classification (2016-2026)
2026-usnco-local-exam.pdf,2,3,Stoichiometry/Solutions,"A student isolates 22.0 g of ethyl bromide, C H Br (M = 2 5 108.96), from the reaction of 34.0 g of ethyl alcohol (M = 46.07) with 59.0 g of phosphorus tribromide (M = 270.67) according to the balanced reaction below. What is the percent yield of the reaction? 3 C H OH(l) + PBr (",Stoichiometry/Solutions,,previously checked README classification (2016-2026)
2026-usnco-local-exam.pdf,3,3,Stoichiometry/Solutions,"A 25.00 mL sample of aqueous HCl is titrated with 0.150 M NaOH, which requires adding 18.75 mL of the NaOH solution to reach the equivalence point. What is the concentration of chloride ion in the final solution?",Stoichiometry/Solutions,,previously checked README classification (2016-2026)
2026-usnco-local-exam.pdf,4,3,Stoichiometry/Solutions,A colorless liquid hydrocarbon contains carbon and hydrogen in a 6.0 : 1 ratio by mass. Which is its molecular formula?,Stoichiometry/Solutions,,previously checked README classification (2016-2026)
2026-usnco-local-exam.pdf,5,3,Stoichiometry/Solutions,Mixing equal volumes of 0.15 M Ba(NO ) and 0.20 M 3 2 NaF causes the precipitation of insoluble barium fluoride. In which are the concentrations of ions in the supernatant listed in increasing order?,Stoichiometry/Solutions,,previously checked README classification (2016-2026)
2026-usnco-local-exam.pdf,6,3,Stoichiometry/Solutions,"A solution of which compound, at a concentration of 25 g L–1, has the lowest freezing point?",Stoichiometry/Solutions,,previously checked README classification (2016-2026)
2026-usnco-local-exam.pdf,7,3,Descriptive/Laboratory,"A 0.01 M solution of a metal salt forms white precipitates when mixed with equal volumes of 0.01 M Na CO and 2 3 0.01 M Na SO , but no precipitate with 0.01 M NaOH. 2 4 What is the metal salt?",Descriptive/Laboratory,,previously checked README classification (2016-2026)
2026-usnco-local-exam.pdf,8,3,Descriptive/Laboratory,"A new balance is tested with replicate measurements of a standard 50.00 g mass, and gives readings of 49.31 g, 49.31 g, 49.29 g, and 49.30 g. Which description best characterizes the new balance?",Descriptive/Laboratory,,previously checked README classification (2016-2026)
2026-usnco-local-exam.pdf,9,3,Descriptive/Laboratory,"Oxalate ion, C O 2–, can be quantitated by titration with 2 4 potassium permanganate in acidic solution. Which is used to identify the endpoint?",Descriptive/Laboratory,,previously checked README classification (2016-2026)
2026-usnco-local-exam.pdf,10,3,Descriptive/Laboratory,The number of moles of a weak monoprotic acid is determined by titrating with standardized NaOH solution to a phenolphthalein endpoint. The procedure calls for the acid to be dissolved in 50 mL of distilled water. What error would be introduced by using 75 mL of distilled water i,Descriptive/Laboratory,,previously checked README classification (2016-2026)
2026-usnco-local-exam.pdf,11,4,Descriptive/Laboratory,Solutions of which metal salt give a yellow flame test?,Descriptive/Laboratory,,previously checked README classification (2016-2026)
2026-usnco-local-exam.pdf,12,4,Descriptive/Laboratory,The concentration of which salt would be most difficult to measure using UV-visible spectroscopy?,Descriptive/Laboratory,,previously checked README classification (2016-2026)
2026-usnco-local-exam.pdf,13,4,States Of Matter,A gas mixture containing 160 parts per million by volume of H S in Ne has a total pressure of 725 mmHg. 2 What is the partial pressure of H S? 2,States Of Matter,,previously checked README classification (2016-2026)
2026-usnco-local-exam.pdf,14,4,States Of Matter,Which gas has the highest root-mean-square velocity at 298 K?,States Of Matter,,previously checked README classification (2016-2026)
2026-usnco-local-exam.pdf,15,4,States Of Matter,Which statement describes a change when a pure solid melts spontaneously?,States Of Matter,,previously checked README classification (2016-2026)
2026-usnco-local-exam.pdf,16,4,States Of Matter,Which compound has the highest vapor pressure at 25 °C?,States Of Matter,,previously checked README classification (2016-2026)
2026-usnco-local-exam.pdf,17,4,States Of Matter,"Sulfur has two stable solid phases, monoclinic and orthorhombic sulfur. Which regions of the phase diagram correspond to these two solid phases?",States Of Matter,,previously checked README classification (2016-2026)
2026-usnco-local-exam.pdf,18,4,States Of Matter,"The mineral perovskite has the cubic unit cell shown below, with the oxygens occupying the centers of the faces, the titanium in the center, and the calciums on the corners of the cube. What is the formula of perovskite?",States Of Matter,,previously checked README classification (2016-2026)
2026-usnco-local-exam.pdf,19,4,Thermodynamics,What is the standard enthalpy change for the reaction of ClF with F to form ClF ? (All species are in the gas 2 3 phase.) 2 ClF + O → Cl O + F O ∆H° = 168 kJ mol–1 2 2 2 2 ClF + 2 O → Cl O + 3 F O ∆H° = 350 kJ mol–1 3 2 2 2 2 F + O → 2 F O ∆H° = –45 kJ mol–1 2 2 2 ClF + F → ClF ∆,Thermodynamics,,previously checked README classification (2016-2026)
2026-usnco-local-exam.pdf,20,4,Thermodynamics,"At 25 °C, the standard free energy change for the gas- phase reaction of hydrogen and nitrogen to form NH is 3 –33.0 kJ mol–1. N (g) + 3 H (g) → 2 NH (g) ∆G° = –33 kJ mol–1 2 2 3 Under what circumstances is ∆G > 0 at 298 K?",Thermodynamics,,previously checked README classification (2016-2026)
2026-usnco-local-exam.pdf,21,4,Thermodynamics,"In a coal-fired power plant, coal is burned to generate heat that boils water. 2.5 kg of coal is burned to heat 500.0 kg of water at 95 °C, ultimately converting 30.0 kg to steam. Which type of coal was burned? (For liquid water near 100 °C , C = 4.21 kJ kg–1 K–1 and ΔH° = p vap ",Thermodynamics,,previously checked README classification (2016-2026)
2026-usnco-local-exam.pdf,22,5,Thermodynamics,"In a vacuum calorimetry experiment, high-energy plasma discharges between Ti(s) electrodes are used to electrolyze water in dilute KOH(aq). During an experiment, the electrical input is 500. kJ and the calorimeter records 610. kJ of heat release into the surroundings. Which best ",Thermodynamics,,previously checked README classification (2016-2026)
2026-usnco-local-exam.pdf,23,5,Thermodynamics,The standard enthalpy of combustion of ethyne can be estimated from the tabulated bond dissociation enthalpies (BDE) shown below to be –982 kJ mol–1. The experimental ∆H° is –1256 kJ mol–1. Which is combustion the best explanation for the discrepancy? Bond BDE (kJ mol–1) C≡C 839 ,Thermodynamics,,previously checked README classification (2016-2026)
2026-usnco-local-exam.pdf,24,5,Thermodynamics,For which reaction is ∆S° > 0?,Thermodynamics,,previously checked README classification (2016-2026)
2026-usnco-local-exam.pdf,25,5,Kinetics,"Nitrogen dioxide decomposes to nitric oxide and oxygen according to the following reaction: 2 NO (g) → 2 NO(g) + O (g) 2 2 If ∆[NO ]/∆t is –0.0024 M s–1, what is ∆[O ]/∆t? 2 2",Kinetics,,previously checked README classification (2016-2026)
2026-usnco-local-exam.pdf,26,5,Kinetics,"For the reaction below, initial rate data appear in the table. What is the rate law for the reaction? 2 A(aq) + B(aq) → C(aq) + D(aq) Experiment [A] , M [B] , M Initial rate, 0 0 M s–1 1 0.10 0.10 0.086 2 0.20 0.10 0.342 3 0.20 0.20 0.344",Kinetics,,previously checked README classification (2016-2026)
2026-usnco-local-exam.pdf,27,5,Kinetics,"Two reactions have the same rate constant at 300.0 K. Reaction 1 has an activation energy of 48.2 kJ/mol, while reaction 2 has an activation energy of 20.0 kJ/mol. What is k /k at 320.0 K? 1 2",Kinetics,,previously checked README classification (2016-2026)
2026-usnco-local-exam.pdf,28,5,Kinetics,"The reaction between A and B has the rate law Rate = k[A][B]. A reaction is conducted with [A] = 0.0245 M 0 and [B] = 3.24  10–5 M, and the natural logarithm of the 0 concentration of [B] is plotted as a function of time in seconds. The plot is linear, with a slope of –3.96  10",Kinetics,,previously checked README classification (2016-2026)
2026-usnco-local-exam.pdf,29,5,Kinetics,"In the depiction of an irreversible chemical reaction shown below, the large circles represent atoms of element A and the small circles represent atoms of element B. At t = 0, only compound AB is present. The rate law of the reaction is Rate = k[AB]2. What is the value of t in th",Kinetics,,previously checked README classification (2016-2026)
2026-usnco-local-exam.pdf,30,6,Kinetics,"The chlorination of ethene is proposed to occur by the following mechanism: C H + Cl → C H Cl+ + Cl– (Step 1) 2 4 2 2 4 C H Cl+ + Cl– → C H Cl (Step 2) 2 4 2 4 2 Which step could possibly be rate-determining, given a rate law of Rate = k[C H ][Cl ]? 2 4 2",Kinetics,,previously checked README classification (2016-2026)
2026-usnco-local-exam.pdf,31,6,Equilibrium,"The reaction of nitrogen and hydrogen to form ammonia is maintained at equilibrium in a rigid container at fixed temperature: N (g) + 3 H (g) 2 NH (g) 2 2 3 Helium gas is introduced into the system, causing the total pressure to increase by a factor of two. How will the equilibri",Equilibrium,,previously checked README classification (2016-2026)
2026-usnco-local-exam.pdf,32,6,Equilibrium,"Cacodylic acid, (CH ) AsO(OH), has a pK of 6.25. At 3 2 a what concentration of cacodylic acid would a solution of it have a pH = 4.00?",Equilibrium,,previously checked README classification (2016-2026)
2026-usnco-local-exam.pdf,33,6,Equilibrium,The decomposition of PCl is endothermic. Which 5 change will result in an increase in the value of K ? eq PCl (g) PCl (g) + Cl (g) ∆H° > 0 5 3 2 I. Increasing temperature II. Increasing volume,Equilibrium,,previously checked README classification (2016-2026)
2026-usnco-local-exam.pdf,34,6,Equilibrium,What concentration of carbonate ion must be achieved to precipitate 99.99% of the silver ion from a 0.100 M solution of silver nitrate? The K of Ag CO is sp 2 3 8.1  10–12.,Equilibrium,,previously checked README classification (2016-2026)
2026-usnco-local-exam.pdf,35,6,Equilibrium,"What is the pH after 0.100 mol of NaOH is added to 250.0 mL of 0.300 M H PO ? For H PO , pK = 2.12, 3 4 3 4 a1 pK = 7.21, and pK = 12.38. a2 a3",Equilibrium,,previously checked README classification (2016-2026)
2026-usnco-local-exam.pdf,36,6,Equilibrium,Zinc hydroxide is a sparingly soluble compound (K = sp 4.5  10–17) that dissolves in strongly basic solution due to the formation of the Zn(OH) 2– complex ion (K = 5.0 4 f  1014). What is the minimum concentration of sodium hydroxide needed in 1.0 L of a solution which could be,Equilibrium,,previously checked README classification (2016-2026)
2026-usnco-local-exam.pdf,37,6,Oxidation - Reduction,What is the oxidizing agent in the following reaction? Fe(CN) 3– + Co(CN) 3– + CN– → Fe(CN) 4– + Co(CN) 3– 6 5 6 6,Oxidation - Reduction,,previously checked README classification (2016-2026)
2026-usnco-local-exam.pdf,38,6,Oxidation - Reduction,What are the oxidation states of N in NH NO ? 4 3,Oxidation - Reduction,,previously checked README classification (2016-2026)
2026-usnco-local-exam.pdf,39,6,Oxidation - Reduction,"A 0.4679 g sample of iron-containing ore is dissolved in acid and the iron reduced to the +2 oxidation state. The solution is titrated with 0.03930 M KMnO , requiring 4 26.82 mL to reach the equivalence point. What is the percentage by mass of iron in the ore?",Oxidation - Reduction,,previously checked README classification (2016-2026)
2026-usnco-local-exam.pdf,40,6,Oxidation - Reduction,Ships sometimes have strips of titanium welded to their steel hulls to protect them from corrosion. Which is the best explanation for this protective action?,Oxidation - Reduction,,previously checked README classification (2016-2026)
2026-usnco-local-exam.pdf,41,6,Oxidation - Reduction,Hypophosphorous acid (H PO ) disproportionates in 3 2 acidic solution to give phosphine (PH ) and phosphorous 3 acid (H PO ). What ratio of PH : H PO is produced? 3 3 3 3 3,Oxidation - Reduction,,previously checked README classification (2016-2026)
2026-usnco-local-exam.pdf,42,7,Oxidation - Reduction,A solution containing 0.0100 mol of silver nitrate and 0.0100 mol copper(II) nitrate is electrolyzed with a current of 0.170 A for 152 minutes. What mass of metal is deposited on the cathode?,Oxidation - Reduction,,previously checked README classification (2016-2026)
2026-usnco-local-exam.pdf,43,7,Atomic Structure/Periodicity,Which species has the largest ionic radius?,Atomic Structure/Periodicity,,previously checked README classification (2016-2026)
2026-usnco-local-exam.pdf,44,7,Atomic Structure/Periodicity,Which set of quantum numbers is not possible for an electron?,Atomic Structure/Periodicity,,previously checked README classification (2016-2026)
2026-usnco-local-exam.pdf,45,7,Atomic Structure/Periodicity,For which gas-phase atoms are the 4s orbitals lower in energy than the 3d orbitals? I. H II. K,Atomic Structure/Periodicity,,previously checked README classification (2016-2026)
2026-usnco-local-exam.pdf,46,7,Atomic Structure/Periodicity,Which element has the largest first ionization energy?,Atomic Structure/Periodicity,,previously checked README classification (2016-2026)
2026-usnco-local-exam.pdf,47,7,Atomic Structure/Periodicity,Which best describes the distribution of electrons among the 3d orbitals in Fe(H O) 2+ in its most stable state? 2 6,Atomic Structure/Periodicity,,previously checked README classification (2016-2026)
2026-usnco-local-exam.pdf,48,7,Atomic Structure/Periodicity,An isotope of phosphorus undergoes – decay to give which daughter nucleus?,Atomic Structure/Periodicity,,previously checked README classification (2016-2026)
2026-usnco-local-exam.pdf,49,7,Bonding/Molecular Structure,In which are the species arranged in increasing order of N-O bond length?,Bonding/Molecular Structure,,previously checked README classification (2016-2026)
2026-usnco-local-exam.pdf,50,7,Bonding/Molecular Structure,Which statement does not accurately describe  and π bonding?,Bonding/Molecular Structure,,previously checked README classification (2016-2026)
2026-usnco-local-exam.pdf,51,7,Bonding/Molecular Structure,"What is the bond order in superoxide ion, O –? 2",Bonding/Molecular Structure,,previously checked README classification (2016-2026)
2026-usnco-local-exam.pdf,52,7,Bonding/Molecular Structure,Which is the best description of the geometry of XeOF ? 4,Bonding/Molecular Structure,,previously checked README classification (2016-2026)
2026-usnco-local-exam.pdf,53,7,Bonding/Molecular Structure,"Which is the best description of the arrangement of the atoms in space in the protonated urea ion, H CN O+? 5 2",Bonding/Molecular Structure,,previously checked README classification (2016-2026)
2026-usnco-local-exam.pdf,54,7,Bonding/Molecular Structure,"How many stereoisomers are there of the square planar complex (en)PtClBr (en = 1,2-ethylenediamine, H NCH CH NH )? 2 2 2 2",Bonding/Molecular Structure,,previously checked README classification (2016-2026)
2026-usnco-local-exam.pdf,55,7,Organic/Biochemistry,Which hydrogen is most acidic?,Organic/Biochemistry,,previously checked README classification (2016-2026)
2026-usnco-local-exam.pdf,56,8,Organic/Biochemistry,In which compound are the carbon atoms not coplanar in the most stable conformation?,Organic/Biochemistry,,previously checked README classification (2016-2026)
2026-usnco-local-exam.pdf,57,8,Organic/Biochemistry,What is the relationship between the two structures?,Organic/Biochemistry,,previously checked README classification (2016-2026)
2026-usnco-local-exam.pdf,58,8,Organic/Biochemistry,What functional group is formed by the reaction of a Grignard reagent with an aldehyde?,Organic/Biochemistry,,previously checked README classification (2016-2026)
2026-usnco-local-exam.pdf,59,8,Organic/Biochemistry,Which compound undergoes electrophilic aromatic substitution under the mildest conditions?,Organic/Biochemistry,,previously checked README classification (2016-2026)
2026-usnco-local-exam.pdf,60,8,Organic/Biochemistry,"Which class of enzyme catalyzes the reaction of two molecules to form a larger product, usually using ATP as an energy source?",Organic/Biochemistry,,previously checked README classification (2016-2026)
2025-usnco-local-exam.pdf,1,3,Stoichiometry/Solutions,How many nitrogen atoms are present in 486 g of N O ? 2 5,Stoichiometry/Solutions,,previously checked README classification (2016-2026)
2025-usnco-local-exam.pdf,2,3,Stoichiometry/Solutions,What is the empirical formula of a compound that is 50% S and 50% O by mass?,Stoichiometry/Solutions,,previously checked README classification (2016-2026)
2025-usnco-local-exam.pdf,3,3,Stoichiometry/Solutions,How much chlorine is required to completely consume 13.5 g of aluminum to form aluminum chloride?,Stoichiometry/Solutions,,previously checked README classification (2016-2026)
2025-usnco-local-exam.pdf,4,3,Stoichiometry/Solutions,A solution of 0.500 L of 0.150 M KI is mixed with 0.250 L of 0.200 M CaI . What is the concentration of iodide in 2 the final solution?,Stoichiometry/Solutions,,previously checked README classification (2016-2026)
2025-usnco-local-exam.pdf,5,3,Stoichiometry/Solutions,"The only source of copper in an ore sample is the mineral malachite, Cu CO (OH) (M = 221.1). A 1.00 kg sample 2 3 2 of this ore is smelted to obtain 47.0 g of metallic copper. Assuming a complete recovery of the copper, what percentage by mass of the ore is malachite?",Stoichiometry/Solutions,,previously checked README classification (2016-2026)
2025-usnco-local-exam.pdf,6,3,Stoichiometry/Solutions,Which aqueous solution has the highest boiling point when 10.00 g of the substance is dissolved in 100.0 g of water?,Stoichiometry/Solutions,,previously checked README classification (2016-2026)
2025-usnco-local-exam.pdf,7,3,Descriptive/Laboratory,Which compound could be used to remove Ca2+ from hard water?,Descriptive/Laboratory,,previously checked README classification (2016-2026)
2025-usnco-local-exam.pdf,8,3,Descriptive/Laboratory,Addition of silver nitrate solution to 1.0 M solutions of which compounds will result in a yellow precipitate? I. NaCl II. KI,Descriptive/Laboratory,,previously checked README classification (2016-2026)
2025-usnco-local-exam.pdf,9,3,Descriptive/Laboratory,A student is cleaning a buret in preparation for a titration in which the buret will be filled with 0.100 M NaOH. What should be used for the final rinse of the buret?,Descriptive/Laboratory,,previously checked README classification (2016-2026)
2025-usnco-local-exam.pdf,10,3,Descriptive/Laboratory,In which solvent does solid iodine dissolve to give a purple solution?,Descriptive/Laboratory,,previously checked README classification (2016-2026)
2025-usnco-local-exam.pdf,11,3,Descriptive/Laboratory,Which glassware would be most suitable for preparing a 0.1500 M solution of silver nitrate?,Descriptive/Laboratory,,previously checked README classification (2016-2026)
2025-usnco-local-exam.pdf,12,3,Descriptive/Laboratory,A 2.00 g sample of NaHCO (s) is heated in a 10.00 g 3 crucible to drive off H O and CO . The mass data in the 2 2 table were collected by heating the crucible and then periodically letting it cool to room temperature and reweighing it. Which is the first measurement after which h,Descriptive/Laboratory,,previously checked README classification (2016-2026)
2025-usnco-local-exam.pdf,13,4,States Of Matter,1.53 g of a gas occupies a volume of 264 mL at 722 mm Hg and 22 °C. What is the molecular formula of the gas?,States Of Matter,,previously checked README classification (2016-2026)
2025-usnco-local-exam.pdf,14,4,States Of Matter,A mole of which gas will have a volume closest to 22.4 L at 0 °C and 1 atm pressure?,States Of Matter,,previously checked README classification (2016-2026)
2025-usnco-local-exam.pdf,15,4,States Of Matter,Two identical steel cylinders at the same temperature contain equal masses of CO(g) and C H (g). Which 2 2 quantities will be greater for the cylinder containing C H ? 2 2 I. Pressure II. Average molecular velocity,States Of Matter,,previously checked README classification (2016-2026)
2025-usnco-local-exam.pdf,16,4,States Of Matter,The critical point of carbon dioxide is 31.0 °C and 72.8 atm. Which best describes the composition of a sample of pure CO at 29.0 °C and 75 atm? 2,States Of Matter,,previously checked README classification (2016-2026)
2025-usnco-local-exam.pdf,17,4,States Of Matter,"The normal boiling point of ethane (C H ) is –88.5 °C, 2 6 while the normal boiling point of fluoromethane (CH F) 3 is –78.4 °C. A difference in which type of intermolecular forces is most responsible for the higher boiling point of fluoromethane?",States Of Matter,,previously checked README classification (2016-2026)
2025-usnco-local-exam.pdf,18,4,States Of Matter,Cadmium metal crystallizes in a hexagonal closest packed structure. How many nearest neighbors does a cadmium atom have in this structure?,States Of Matter,,previously checked README classification (2016-2026)
2025-usnco-local-exam.pdf,19,4,Thermodynamics,"The standard enthalpy of fusion of 1,4-dichlorobenzene is 18.2 kJ mol-1 and its standard entropy of fusion is 55.3 J mol-1 K-1. What is the melting point of 1,4- dichlorobenzene?",Thermodynamics,,previously checked README classification (2016-2026)
2025-usnco-local-exam.pdf,20,4,Thermodynamics,"What is ∆H° for the gas-phase reaction of ethene and rxn fluorine shown below? C H (g) + 6 F (g) → 2 CF (g) + 4 HF(g) ∆H° = ??? 2 4 2 4 rxn Substance ∆H°, kJ mol-1 f C H (g) 52.4 2 4 CF (g) –679.0 4 HF(g) –273.3",Thermodynamics,,previously checked README classification (2016-2026)
2025-usnco-local-exam.pdf,21,4,Thermodynamics,Which reactions are spontaneous under standard conditions? I. N H (l) → N (g) + 2 H (g) K = 1.4  1026 2 4 2 2 p II. MgCO (s) → MgO(s) + CO (g) K = 7.0  10–9 3 2 p,Thermodynamics,,previously checked README classification (2016-2026)
2025-usnco-local-exam.pdf,22,4,Thermodynamics,Solid gallium melts at 29.8 °C with an enthalpy of fusion of 5.59 kJ mol-1. The heat capacity of solid gallium is 26.1 J mol-1 K-1 and the heat capacity of liquid gallium is 28.5 J mol-1 K-1. If equal masses of solid gallium at 20.0 °C and liquid gallium at 60.0 °C are mixed in a,Thermodynamics,,previously checked README classification (2016-2026)
2025-usnco-local-exam.pdf,23,4,Thermodynamics,"What is the K of AgBr at 298 K? sp Species ∆G° (298 K), f kJ mol-1 Ag+(aq) 77.1 Br–(aq) –102.8 AgBr(s) –96.9",Thermodynamics,,previously checked README classification (2016-2026)
2025-usnco-local-exam.pdf,24,4,Thermodynamics,"For a chemical reaction under conditions where it is at equilibrium, which statements must be true? I.∆S > 0 II. ∆G = 0 rxn rxn",Thermodynamics,,previously checked README classification (2016-2026)
2025-usnco-local-exam.pdf,25,5,Kinetics,"When iodate ion reacts with iodide ion in acidic solution, which statement about how concentrations are changing is correct? IO –(aq) + 8 I–(aq) + 6 H+(aq) → 3 I –(aq) + 3 H O(l) 3 3 2",Kinetics,,previously checked README classification (2016-2026)
2025-usnco-local-exam.pdf,26,5,Kinetics,"For the irreversible reaction between CO(g) and Cl (g) to 2 form COCl (g), the rate law is Rate = k[CO][Cl ]. In an 2 2 experiment where equimolar quantities of CO(g) and Cl (g) are reacted, which of the following would change 2 linearly with reaction time?",Kinetics,,previously checked README classification (2016-2026)
2025-usnco-local-exam.pdf,27,5,Kinetics,"A sample containing radium-226 was measured in 1925 to have an activity of 3.74  106 disintegrations per second. The same sample, re-measured in 2025, has an activity of 3.58  106 disintegrations per second. What is the half-life of 226Ra?",Kinetics,,previously checked README classification (2016-2026)
2025-usnco-local-exam.pdf,28,5,Kinetics,"The rate constant for the addition of pyridine to an iridium compound is measured at a variety of temperatures, and the variation of ln(k) with 1/T is shown below. What is the activation energy of this reaction?",Kinetics,,previously checked README classification (2016-2026)
2025-usnco-local-exam.pdf,29,5,Kinetics,"Cyclopropane is proposed to isomerize to propene through an intermediate diradical as shown below. The overall reaction is observed to follow the rate law Rate = k[cyclo-C H ]. If k is much smaller than k , what is the 3 6 2 –1 value of k in terms of k , k , and k ? 1 –1 2 k 1 cy",Kinetics,,previously checked README classification (2016-2026)
2025-usnco-local-exam.pdf,30,5,Kinetics,"The reaction of MnO –(aq) and H C O (aq) in acidic 4 2 2 4 solution is autocatalytic because one of the products, Mn2+(aq), is a reducing agent. Starting from a mixture of reactants, which of the following graphs best shows how the concentration of MnO –(aq) changes over time? 4",Kinetics,,previously checked README classification (2016-2026)
2025-usnco-local-exam.pdf,31,5,Equilibrium,Which statements must be correct at equilibrium? I. The rate constants for the forward and reverse reactions are equal. II. The rates of the forward and reverse reactions are equal.,Equilibrium,,previously checked README classification (2016-2026)
2025-usnco-local-exam.pdf,32,5,Equilibrium,What is the equilibrium constant expression for the reaction below? AgCl(s) + 2 NH (aq) ⇌ Ag(NH ) +(aq) + Cl–(aq) 3 3 2,Equilibrium,,previously checked README classification (2016-2026)
2025-usnco-local-exam.pdf,33,5,Equilibrium,"Phosphoric acid has pK values of pK = 2.15, pK = a a1 a2 7.20, and pK = 12.35. Which species is most abundant a3 at pH = 11.5?",Equilibrium,,previously checked README classification (2016-2026)
2025-usnco-local-exam.pdf,34,6,Equilibrium,A buffer is made by mixing 0.900 mol Na[CH CO ] and 3 2 0.500 mol HCl in enough water to make 2.50 L of solution. What is the pH of this solution? The pK of a CH COOH is 4.75. 3,Equilibrium,,previously checked README classification (2016-2026)
2025-usnco-local-exam.pdf,35,6,Equilibrium,A sealed container with a volume of 1.00 L contains an equilibrium mixture of N O (g) and NO (g) at a given 2 4 2 temperature. Which quantities will increase if the volume of the container is increased to 2.00 L while maintaining the same temperature? I. The number of moles of NO,Equilibrium,,previously checked README classification (2016-2026)
2025-usnco-local-exam.pdf,36,6,Equilibrium,"A solution is 0.05 M in each of the anions fluoride (F–), carbonate (CO 2-), and phosphate (PO 3-). As calcium ion 3 4 is added slowly to this solution, in what order will the solids precipitate? The K values are: CaF , 3.9  10-11; sp 2 CaCO , 3.8  10-9; Ca (PO ) , 1.0  10-25.",Equilibrium,,previously checked README classification (2016-2026)
2025-usnco-local-exam.pdf,37,6,Oxidation - Reduction,"What is the average oxidation state of iron in halotrichite, FeAl (SO ) • 22 H O? 2 4 4 2",Oxidation - Reduction,,previously checked README classification (2016-2026)
2025-usnco-local-exam.pdf,38,6,Oxidation - Reduction,Which half-reaction takes place at the anode during electrolysis of aqueous sodium iodide?,Oxidation - Reduction,,previously checked README classification (2016-2026)
2025-usnco-local-exam.pdf,39,6,Oxidation - Reduction,"In an electrochemical cell, the reaction shown below occurs. Which changes will decrease the cell potential? Fe2+(aq) + Ag+(aq) → Fe3+(aq) + Ag(s) I. Decreasing the concentration of Fe2+(aq) II. Increasing the size of the silver electrode",Oxidation - Reduction,,previously checked README classification (2016-2026)
2025-usnco-local-exam.pdf,40,6,Oxidation - Reduction,180 mL of a solution that is 0.024 M in both AgNO and 3 Cu(NO ) is electrolyzed with a current of 0.70 A for 350 3 2 s.What deposits on the cathode?,Oxidation - Reduction,,previously checked README classification (2016-2026)
2025-usnco-local-exam.pdf,41,6,Oxidation - Reduction,"What is the standard potential of a fuel cell where methanol is oxidized to carbon dioxide and oxygen is reduced to water? Half-reaction E°, V CO (g) + 6 H+(aq) + 6 e– → –0.02 2 CH OH(l) + H O(l) 3 2 O (g) + 4 H+(aq) + 4 e– → 2 H O(l) 1.23 2 2",Oxidation - Reduction,,previously checked README classification (2016-2026)
2025-usnco-local-exam.pdf,42,6,Oxidation - Reduction,The half-cell potential at 298 K for the reduction of an oxoanion becomes more negative by 0.118 V for each increase of 1 pH unit. How many protons and electrons are involved in this half-reaction?,Oxidation - Reduction,,previously checked README classification (2016-2026)
2025-usnco-local-exam.pdf,43,6,Atomic Structure/Periodicity,Which atom has the smallest first ionization energy?,Atomic Structure/Periodicity,,previously checked README classification (2016-2026)
2025-usnco-local-exam.pdf,44,6,Atomic Structure/Periodicity,How many electrons in a ground-state atom of uranium (U)have the principal quantum number n = 4?,Atomic Structure/Periodicity,,previously checked README classification (2016-2026)
2025-usnco-local-exam.pdf,45,6,Atomic Structure/Periodicity,Which property of a photon is directly proportional to its frequency?,Atomic Structure/Periodicity,,previously checked README classification (2016-2026)
2025-usnco-local-exam.pdf,46,6,Atomic Structure/Periodicity,Photoelectron spectroscopy of Ar provides information about which properties of Ar? I. Ionization energy II. Electronic subshell structure,Atomic Structure/Periodicity,,previously checked README classification (2016-2026)
2025-usnco-local-exam.pdf,47,7,Atomic Structure/Periodicity,Which statements about fluorine are correct? I. It has the highest electronegativity of any element. II. Its electron affinity is the largest in magnitude of any element.,Atomic Structure/Periodicity,,previously checked README classification (2016-2026)
2025-usnco-local-exam.pdf,48,7,Atomic Structure/Periodicity,"Thorium-232 decays by emission first of an alpha particle, then of a beta particle, then of a second beta particle, and then of a second alpha particle. What is the daughter nucleus after the fourth disintegration?",Atomic Structure/Periodicity,,previously checked README classification (2016-2026)
2025-usnco-local-exam.pdf,49,7,Bonding/Molecular Structure,Which molecule is trigonal planar?,Bonding/Molecular Structure,,previously checked README classification (2016-2026)
2025-usnco-local-exam.pdf,50,7,Bonding/Molecular Structure,Which molecule has the shortest N–O bond?,Bonding/Molecular Structure,,previously checked README classification (2016-2026)
2025-usnco-local-exam.pdf,51,7,Bonding/Molecular Structure,"How many lone pairs are there in the Lewis structure of nitromethane, CH NO ? 3 2",Bonding/Molecular Structure,,previously checked README classification (2016-2026)
2025-usnco-local-exam.pdf,52,7,Bonding/Molecular Structure,Which is the strongest acid in aqueous solution?,Bonding/Molecular Structure,,previously checked README classification (2016-2026)
2025-usnco-local-exam.pdf,53,7,Bonding/Molecular Structure,"Which is the best representation of the three-dimensional arrangement of the atoms in thionyl fluoride, SOF ? 2",Bonding/Molecular Structure,,previously checked README classification (2016-2026)
2025-usnco-local-exam.pdf,54,7,Bonding/Molecular Structure,Which ion is diamagnetic?,Bonding/Molecular Structure,,previously checked README classification (2016-2026)
2025-usnco-local-exam.pdf,55,7,Organic/Biochemistry,What is the relationship between the two alcohols?,Organic/Biochemistry,,previously checked README classification (2016-2026)
2025-usnco-local-exam.pdf,56,7,Organic/Biochemistry,"In ethinylestradiol, shown below, how many sp2- hybridized and sp-hybridized carbons are there?",Organic/Biochemistry,,previously checked README classification (2016-2026)
2025-usnco-local-exam.pdf,57,7,Organic/Biochemistry,Which statement most accurately describes the most stable conformation of cyclohexane?,Organic/Biochemistry,,previously checked README classification (2016-2026)
2025-usnco-local-exam.pdf,58,7,Organic/Biochemistry,The tertiary alcohol 2-methyl-2-propanol reacts with concentrated aqueous hydrochloric acid at 0 °C to form 2-chloro-2-methylpropane. How is the mechanism of this reaction best described?,Organic/Biochemistry,,previously checked README classification (2016-2026)
2025-usnco-local-exam.pdf,59,7,Organic/Biochemistry,Which statement most accurately describes the properties of ketones and esters?,Organic/Biochemistry,,previously checked README classification (2016-2026)
2025-usnco-local-exam.pdf,60,7,Organic/Biochemistry,Which is not found in a typical nucleic acid?,Organic/Biochemistry,,previously checked README classification (2016-2026)
2024-usnco-local-exam.pdf,1,3,Stoichiometry/Solutions,Moles of ions,Stoichiometry/Solutions,,previously checked README classification (2016-2026)
2024-usnco-local-exam.pdf,2,3,Stoichiometry/Solutions,limiting-reagent yield,Stoichiometry/Solutions,,previously checked README classification (2016-2026)
2024-usnco-local-exam.pdf,3,3,Stoichiometry/Solutions,fluorine atom count,Stoichiometry/Solutions,,previously checked README classification (2016-2026)
2024-usnco-local-exam.pdf,4,3,Stoichiometry/Solutions,copper content from titration,Stoichiometry/Solutions,,previously checked README classification (2016-2026)
2024-usnco-local-exam.pdf,5,3,Stoichiometry/Solutions,serial dilution,Stoichiometry/Solutions,,previously checked README classification (2016-2026)
2024-usnco-local-exam.pdf,6,3,Stoichiometry/Solutions,freezing-point depression,Stoichiometry/Solutions,,previously checked README classification (2016-2026)
2024-usnco-local-exam.pdf,7,3,Descriptive/Laboratory,Solid collection apparatus,Descriptive/Laboratory,,previously checked README classification (2016-2026)
2024-usnco-local-exam.pdf,8,3,Descriptive/Laboratory,information needed for molarity,Descriptive/Laboratory,,previously checked README classification (2016-2026)
2024-usnco-local-exam.pdf,9,3,Descriptive/Laboratory,solution color,Descriptive/Laboratory,,previously checked README classification (2016-2026)
2024-usnco-local-exam.pdf,10,3,Descriptive/Laboratory,heat on mixing with water,Descriptive/Laboratory,,previously checked README classification (2016-2026)
2024-usnco-local-exam.pdf,11,3,Descriptive/Laboratory,precipitation test,Descriptive/Laboratory,,previously checked README classification (2016-2026)
2024-usnco-local-exam.pdf,12,4,Descriptive/Laboratory,distinguishing bromine isotopes by measurement,Descriptive/Laboratory,,previously checked README classification (2016-2026)
2024-usnco-local-exam.pdf,13,4,States Of Matter,Properties of an ionic solid,States Of Matter,,previously checked README classification (2016-2026)
2024-usnco-local-exam.pdf,14,4,States Of Matter,gas mixing pressure,States Of Matter,,previously checked README classification (2016-2026)
2024-usnco-local-exam.pdf,15,4,States Of Matter,microscopic mixture/phase description,States Of Matter,,previously checked README classification (2016-2026)
2024-usnco-local-exam.pdf,16,4,States Of Matter,triple point,States Of Matter,,previously checked README classification (2016-2026)
2024-usnco-local-exam.pdf,17,4,States Of Matter,lattice energy,States Of Matter,,previously checked README classification (2016-2026)
2024-usnco-local-exam.pdf,18,4,States Of Matter,body-centered cubic neighbors,States Of Matter,,previously checked README classification (2016-2026)
2024-usnco-local-exam.pdf,19,4,Thermodynamics,Phase-transition energetics,Thermodynamics,,previously checked README classification (2016-2026)
2024-usnco-local-exam.pdf,20,4,Thermodynamics,bond enthalpy reaction calculation,Thermodynamics,,previously checked README classification (2016-2026)
2024-usnco-local-exam.pdf,21,4,Thermodynamics,nonspontaneity and Gibbs energy,Thermodynamics,,previously checked README classification (2016-2026)
2024-usnco-local-exam.pdf,22,4,Thermodynamics,entropy of vaporization,Thermodynamics,,previously checked README classification (2016-2026)
2024-usnco-local-exam.pdf,23,5,Thermodynamics,sign of reaction entropy,Thermodynamics,,previously checked README classification (2016-2026)
2024-usnco-local-exam.pdf,24,5,Thermodynamics,Ksp from enthalpy and entropy,Thermodynamics,,previously checked README classification (2016-2026)
2024-usnco-local-exam.pdf,25,5,Kinetics,Relative formation rates,Kinetics,,previously checked README classification (2016-2026)
2024-usnco-local-exam.pdf,26,5,Kinetics,temperature dependence of rate,Kinetics,,previously checked README classification (2016-2026)
2024-usnco-local-exam.pdf,27,5,Kinetics,limits of inferring a rate law,Kinetics,,previously checked README classification (2016-2026)
2024-usnco-local-exam.pdf,28,5,Kinetics,radioactive half-life,Kinetics,,previously checked README classification (2016-2026)
2024-usnco-local-exam.pdf,29,5,Kinetics,catalyst and activation energy,Kinetics,,previously checked README classification (2016-2026)
2024-usnco-local-exam.pdf,30,5,Kinetics,mechanism-derived rate law,Kinetics,,previously checked README classification (2016-2026)
2024-usnco-local-exam.pdf,31,5,Equilibrium,Combining acid-base equilibrium constants,Equilibrium,,previously checked README classification (2016-2026)
2024-usnco-local-exam.pdf,32,6,Equilibrium,carbon dioxide equilibrium shift,Equilibrium,,previously checked README classification (2016-2026)
2024-usnco-local-exam.pdf,33,6,Equilibrium,relative stability from Ksp,Equilibrium,,previously checked README classification (2016-2026)
2024-usnco-local-exam.pdf,34,6,Equilibrium,strong-acid pH,Equilibrium,,previously checked README classification (2016-2026)
2024-usnco-local-exam.pdf,35,6,Equilibrium,gas equilibrium composition,Equilibrium,,previously checked README classification (2016-2026)
2024-usnco-local-exam.pdf,36,6,Equilibrium,selective precipitation,Equilibrium,,previously checked README classification (2016-2026)
2024-usnco-local-exam.pdf,37,6,Oxidation - Reduction,Methanol oxidation number,Oxidation - Reduction,,previously checked README classification (2016-2026)
2024-usnco-local-exam.pdf,38,6,Oxidation - Reduction,galvanic-cell cathode and voltage,Oxidation - Reduction,,previously checked README classification (2016-2026)
2024-usnco-local-exam.pdf,39,6,Oxidation - Reduction,silver electroplating time,Oxidation - Reduction,,previously checked README classification (2016-2026)
2024-usnco-local-exam.pdf,40,6,Oxidation - Reduction,anode product,Oxidation - Reduction,,previously checked README classification (2016-2026)
2024-usnco-local-exam.pdf,41,6,Oxidation - Reduction,temperature dependence of cell potential,Oxidation - Reduction,,previously checked README classification (2016-2026)
2024-usnco-local-exam.pdf,42,6,Oxidation - Reduction,combining reduction potentials,Oxidation - Reduction,,previously checked README classification (2016-2026)
2024-usnco-local-exam.pdf,43,6,Atomic Structure/Periodicity,Electronegativity comparison,Atomic Structure/Periodicity,,previously checked README classification (2016-2026)
2024-usnco-local-exam.pdf,44,7,Atomic Structure/Periodicity,photon emission and atomic energy,Atomic Structure/Periodicity,,previously checked README classification (2016-2026)
2024-usnco-local-exam.pdf,45,7,Atomic Structure/Periodicity,orbital quantum numbers,Atomic Structure/Periodicity,,previously checked README classification (2016-2026)
2024-usnco-local-exam.pdf,46,7,Atomic Structure/Periodicity,electron configurations,Atomic Structure/Periodicity,,previously checked README classification (2016-2026)
2024-usnco-local-exam.pdf,47,7,Atomic Structure/Periodicity,group 10 reduction-potential trend,Atomic Structure/Periodicity,,previously checked README classification (2016-2026)
2024-usnco-local-exam.pdf,48,7,Atomic Structure/Periodicity,nuclear fission,Atomic Structure/Periodicity,,previously checked README classification (2016-2026)
2024-usnco-local-exam.pdf,49,7,Bonding/Molecular Structure,Nitrogen bond lengths,Bonding/Molecular Structure,,previously checked README classification (2016-2026)
2024-usnco-local-exam.pdf,50,7,Bonding/Molecular Structure,ozone lone pairs,Bonding/Molecular Structure,,previously checked README classification (2016-2026)
2024-usnco-local-exam.pdf,51,7,Bonding/Molecular Structure,linear molecular geometry,Bonding/Molecular Structure,,previously checked README classification (2016-2026)
2024-usnco-local-exam.pdf,52,7,Bonding/Molecular Structure,antibonding electrons and bond length,Bonding/Molecular Structure,,previously checked README classification (2016-2026)
2024-usnco-local-exam.pdf,53,7,Bonding/Molecular Structure,nitramide geometry,Bonding/Molecular Structure,,previously checked README classification (2016-2026)
2024-usnco-local-exam.pdf,54,7,Bonding/Molecular Structure,coordination-complex stereoisomers,Bonding/Molecular Structure,,previously checked README classification (2016-2026)
2024-usnco-local-exam.pdf,55,7,Organic/Biochemistry,Organic stereoisomer relationships,Organic/Biochemistry,,previously checked README classification (2016-2026)
2024-usnco-local-exam.pdf,56,7,Organic/Biochemistry,haloacetic acid strength,Organic/Biochemistry,,previously checked README classification (2016-2026)
2024-usnco-local-exam.pdf,57,8,Organic/Biochemistry,aromaticity,Organic/Biochemistry,,previously checked README classification (2016-2026)
2024-usnco-local-exam.pdf,58,8,Organic/Biochemistry,alcohol oxidation,Organic/Biochemistry,,previously checked README classification (2016-2026)
2024-usnco-local-exam.pdf,59,8,Organic/Biochemistry,acid catalysis in esterification,Organic/Biochemistry,,previously checked README classification (2016-2026)
2024-usnco-local-exam.pdf,60,8,Organic/Biochemistry,glucose reaction with methanol,Organic/Biochemistry,,previously checked README classification (2016-2026)
2023-usnco-local-exam-original.pdf,1,3,Stoichiometry/Solutions,Carbon dioxide combustion yield,Stoichiometry/Solutions,,previously checked README classification (2016-2026)
2023-usnco-local-exam-original.pdf,2,3,Stoichiometry/Solutions,chlorine atom count,Stoichiometry/Solutions,,previously checked README classification (2016-2026)
2023-usnco-local-exam-original.pdf,3,3,Stoichiometry/Solutions,sodium ion molality,Stoichiometry/Solutions,,previously checked README classification (2016-2026)
2023-usnco-local-exam-original.pdf,4,3,Stoichiometry/Solutions,concentrations after acid-base mixing,Stoichiometry/Solutions,,previously checked README classification (2016-2026)
2023-usnco-local-exam-original.pdf,5,3,Stoichiometry/Solutions,percent yield,Stoichiometry/Solutions,,previously checked README classification (2016-2026)
2023-usnco-local-exam-original.pdf,6,3,Stoichiometry/Solutions,vapor-pressure lowering,Stoichiometry/Solutions,,previously checked README classification (2016-2026)
2023-usnco-local-exam-original.pdf,7,3,Descriptive/Laboratory,Boiling chips,Descriptive/Laboratory,,previously checked README classification (2016-2026)
2023-usnco-local-exam-original.pdf,8,3,Descriptive/Laboratory,qualitative precipitation analysis,Descriptive/Laboratory,,previously checked README classification (2016-2026)
2023-usnco-local-exam-original.pdf,9,3,Descriptive/Laboratory,preventing iron hydroxide precipitation,Descriptive/Laboratory,,previously checked README classification (2016-2026)
2023-usnco-local-exam-original.pdf,10,3,Descriptive/Laboratory,gas evolution,Descriptive/Laboratory,,previously checked README classification (2016-2026)
2023-usnco-local-exam-original.pdf,11,4,Descriptive/Laboratory,purity and melting point,Descriptive/Laboratory,,previously checked README classification (2016-2026)
2023-usnco-local-exam-original.pdf,12,4,Descriptive/Laboratory,gas-collection measurement errors,Descriptive/Laboratory,,previously checked README classification (2016-2026)
2023-usnco-local-exam-original.pdf,13,4,States Of Matter,Gas expansion pressure,States Of Matter,,previously checked README classification (2016-2026)
2023-usnco-local-exam-original.pdf,14,4,States Of Matter,molecular speeds,States Of Matter,,previously checked README classification (2016-2026)
2023-usnco-local-exam-original.pdf,15,4,States Of Matter,silane intermolecular forces,States Of Matter,,previously checked README classification (2016-2026)
2023-usnco-local-exam-original.pdf,16,4,States Of Matter,solid/liquid vapor pressures,States Of Matter,,previously checked README classification (2016-2026)
2023-usnco-local-exam-original.pdf,17,4,States Of Matter,microscopic phase identification,States Of Matter,,previously checked README classification (2016-2026)
2023-usnco-local-exam-original.pdf,18,4,States Of Matter,ammonia triple point,States Of Matter,,previously checked README classification (2016-2026)
2023-usnco-local-exam-original.pdf,19,5,Thermodynamics,Hess's law,Thermodynamics,,previously checked README classification (2016-2026)
2023-usnco-local-exam-original.pdf,20,5,Thermodynamics,positive formation enthalpy,Thermodynamics,,previously checked README classification (2016-2026)
2023-usnco-local-exam-original.pdf,21,5,Thermodynamics,Gibbs energy and gas pressures,Thermodynamics,,previously checked README classification (2016-2026)
2023-usnco-local-exam-original.pdf,22,5,Thermodynamics,heat balance during gallium melting,Thermodynamics,,previously checked README classification (2016-2026)
2023-usnco-local-exam-original.pdf,23,5,Thermodynamics,isomer equilibrium from Gibbs energy,Thermodynamics,,previously checked README classification (2016-2026)
2023-usnco-local-exam-original.pdf,24,5,Thermodynamics,thermometric titration,Thermodynamics,,previously checked README classification (2016-2026)
2023-usnco-local-exam-original.pdf,25,5,Kinetics,Relative reaction rates,Kinetics,,previously checked README classification (2016-2026)
2023-usnco-local-exam-original.pdf,26,5,Kinetics,integrated second-order rate plot,Kinetics,,previously checked README classification (2016-2026)
2023-usnco-local-exam-original.pdf,27,6,Kinetics,mechanism-derived rate law,Kinetics,,previously checked README classification (2016-2026)
2023-usnco-local-exam-original.pdf,28,6,Kinetics,radioactive decay time,Kinetics,,previously checked README classification (2016-2026)
2023-usnco-local-exam-original.pdf,29,6,Kinetics,concentration effect on combustion rate,Kinetics,,previously checked README classification (2016-2026)
2023-usnco-local-exam-original.pdf,30,6,Kinetics,Arrhenius temperature calculation,Kinetics,,previously checked README classification (2016-2026)
2023-usnco-local-exam-original.pdf,31,6,Equilibrium,Lead fluoride solubility shifts,Equilibrium,,previously checked README classification (2016-2026)
2023-usnco-local-exam-original.pdf,32,6,Equilibrium,acid dissociation constant,Equilibrium,,previously checked README classification (2016-2026)
2023-usnco-local-exam-original.pdf,33,6,Equilibrium,gas equilibrium shifts,Equilibrium,,previously checked README classification (2016-2026)
2023-usnco-local-exam-original.pdf,34,6,Equilibrium,equilibrium partial pressure,Equilibrium,,previously checked README classification (2016-2026)
2023-usnco-local-exam-original.pdf,35,6,Equilibrium,buffer composition,Equilibrium,,previously checked README classification (2016-2026)
2023-usnco-local-exam-original.pdf,36,6,Equilibrium,diprotic-acid titration species,Equilibrium,,previously checked README classification (2016-2026)
2023-usnco-local-exam-original.pdf,37,7,Oxidation - Reduction,Average sulfur oxidation state,Oxidation - Reduction,,previously checked README classification (2016-2026)
2023-usnco-local-exam-original.pdf,38,7,Oxidation - Reduction,redox equation balancing,Oxidation - Reduction,,previously checked README classification (2016-2026)
2023-usnco-local-exam-original.pdf,39,7,Oxidation - Reduction,water electrolysis time,Oxidation - Reduction,,previously checked README classification (2016-2026)
2023-usnco-local-exam-original.pdf,40,7,Oxidation - Reduction,cathode reaction,Oxidation - Reduction,,previously checked README classification (2016-2026)
2023-usnco-local-exam-original.pdf,41,7,Oxidation - Reduction,redox cell potential,Oxidation - Reduction,,previously checked README classification (2016-2026)
2023-usnco-local-exam-original.pdf,42,7,Oxidation - Reduction,reduction potential involving a sparingly soluble salt,Oxidation - Reduction,,previously checked README classification (2016-2026)
2023-usnco-local-exam-original.pdf,43,7,Atomic Structure/Periodicity,Ionic radii,Atomic Structure/Periodicity,,previously checked README classification (2016-2026)
2023-usnco-local-exam-original.pdf,44,7,Atomic Structure/Periodicity,ionization energy,Atomic Structure/Periodicity,,previously checked README classification (2016-2026)
2023-usnco-local-exam-original.pdf,45,7,Atomic Structure/Periodicity,orbital electron counts,Atomic Structure/Periodicity,,previously checked README classification (2016-2026)
2023-usnco-local-exam-original.pdf,46,7,Atomic Structure/Periodicity,manganese ion configuration,Atomic Structure/Periodicity,,previously checked README classification (2016-2026)
2023-usnco-local-exam-original.pdf,47,7,Atomic Structure/Periodicity,photon energy and wavelength,Atomic Structure/Periodicity,,previously checked README classification (2016-2026)
2023-usnco-local-exam-original.pdf,48,7,Atomic Structure/Periodicity,alpha-decay daughter proton count,Atomic Structure/Periodicity,,previously checked README classification (2016-2026)
2023-usnco-local-exam-original.pdf,49,7,Bonding/Molecular Structure,Bond angles,Bonding/Molecular Structure,,previously checked README classification (2016-2026)
2023-usnco-local-exam-original.pdf,50,7,Bonding/Molecular Structure,bond length,Bonding/Molecular Structure,,previously checked README classification (2016-2026)
2023-usnco-local-exam-original.pdf,51,7,Bonding/Molecular Structure,molecular orbital bond order,Bonding/Molecular Structure,,previously checked README classification (2016-2026)
2023-usnco-local-exam-original.pdf,52,8,Bonding/Molecular Structure,IF7 geometry,Bonding/Molecular Structure,,previously checked README classification (2016-2026)
2023-usnco-local-exam-original.pdf,53,8,Bonding/Molecular Structure,carbon monoxide dipole moment,Bonding/Molecular Structure,,previously checked README classification (2016-2026)
2023-usnco-local-exam-original.pdf,54,8,Bonding/Molecular Structure,tendency to dimerize,Bonding/Molecular Structure,,previously checked README classification (2016-2026)
2023-usnco-local-exam-original.pdf,55,8,Organic/Biochemistry,One-carbon organic molecule count,Organic/Biochemistry,,previously checked README classification (2016-2026)
2023-usnco-local-exam-original.pdf,56,8,Organic/Biochemistry,acidity of acetic acid versus ethanol,Organic/Biochemistry,,previously checked README classification (2016-2026)
2023-usnco-local-exam-original.pdf,57,8,Organic/Biochemistry,aromatic substitution symmetry,Organic/Biochemistry,,previously checked README classification (2016-2026)
2023-usnco-local-exam-original.pdf,58,8,Organic/Biochemistry,alkene addition regioselectivity,Organic/Biochemistry,,previously checked README classification (2016-2026)
2023-usnco-local-exam-original.pdf,59,8,Organic/Biochemistry,distinguishing alcohols and ethers,Organic/Biochemistry,,previously checked README classification (2016-2026)
2023-usnco-local-exam-original.pdf,60,8,Organic/Biochemistry,alanine ionization form,Organic/Biochemistry,,previously checked README classification (2016-2026)
2023-usnco-local-exam-new.pdf,1,3,Stoichiometry/Solutions,Carbon dioxide combustion yield,Stoichiometry/Solutions,,previously checked README classification (2016-2026)
2023-usnco-local-exam-new.pdf,2,3,Stoichiometry/Solutions,isotope abundance calculation,Stoichiometry/Solutions,,previously checked README classification (2016-2026)
2023-usnco-local-exam-new.pdf,3,3,Stoichiometry/Solutions,barium salt from precipitate mass,Stoichiometry/Solutions,,previously checked README classification (2016-2026)
2023-usnco-local-exam-new.pdf,4,3,Stoichiometry/Solutions,hydrated salt solution preparation,Stoichiometry/Solutions,,previously checked README classification (2016-2026)
2023-usnco-local-exam-new.pdf,5,3,Stoichiometry/Solutions,sodium sulfate concentration,Stoichiometry/Solutions,,previously checked README classification (2016-2026)
2023-usnco-local-exam-new.pdf,6,3,Stoichiometry/Solutions,vapor-pressure lowering,Stoichiometry/Solutions,,previously checked README classification (2016-2026)
2023-usnco-local-exam-new.pdf,7,3,Descriptive/Laboratory,Thin-layer chromatography mobile phase,Descriptive/Laboratory,,previously checked README classification (2016-2026)
2023-usnco-local-exam-new.pdf,8,3,Descriptive/Laboratory,acid identification,Descriptive/Laboratory,,previously checked README classification (2016-2026)
2023-usnco-local-exam-new.pdf,9,3,Descriptive/Laboratory,electrical conductivity,Descriptive/Laboratory,,previously checked README classification (2016-2026)
2023-usnco-local-exam-new.pdf,10,3,Descriptive/Laboratory,metal reaction with water,Descriptive/Laboratory,,previously checked README classification (2016-2026)
2023-usnco-local-exam-new.pdf,11,3,Descriptive/Laboratory,titration errors,Descriptive/Laboratory,,previously checked README classification (2016-2026)
2023-usnco-local-exam-new.pdf,12,4,Descriptive/Laboratory,measuring and dispensing glassware,Descriptive/Laboratory,,previously checked README classification (2016-2026)
2023-usnco-local-exam-new.pdf,13,4,States Of Matter,Argon partial pressure,States Of Matter,,previously checked README classification (2016-2026)
2023-usnco-local-exam-new.pdf,14,4,States Of Matter,isomer boiling points,States Of Matter,,previously checked README classification (2016-2026)
2023-usnco-local-exam-new.pdf,15,4,States Of Matter,gas molecular speeds and collisions,States Of Matter,,previously checked README classification (2016-2026)
2023-usnco-local-exam-new.pdf,16,4,States Of Matter,phase diagram,States Of Matter,,previously checked README classification (2016-2026)
2023-usnco-local-exam-new.pdf,17,4,States Of Matter,silicon crystal neighbors,States Of Matter,,previously checked README classification (2016-2026)
2023-usnco-local-exam-new.pdf,18,4,States Of Matter,methanol pressure-volume phase behavior,States Of Matter,,previously checked README classification (2016-2026)
2023-usnco-local-exam-new.pdf,19,5,Thermodynamics,Energy conservation,Thermodynamics,,previously checked README classification (2016-2026)
2023-usnco-local-exam-new.pdf,20,5,Thermodynamics,Gibbs energy of formation,Thermodynamics,,previously checked README classification (2016-2026)
2023-usnco-local-exam-new.pdf,21,5,Thermodynamics,reaction entropy and enthalpy versus internal energy,Thermodynamics,,previously checked README classification (2016-2026)
2023-usnco-local-exam-new.pdf,22,5,Thermodynamics,neutralization calorimetry,Thermodynamics,,previously checked README classification (2016-2026)
2023-usnco-local-exam-new.pdf,23,5,Thermodynamics,Gibbs energy from Ksp,Thermodynamics,,previously checked README classification (2016-2026)
2023-usnco-local-exam-new.pdf,24,5,Thermodynamics,sublimation enthalpy,Thermodynamics,,previously checked README classification (2016-2026)
2023-usnco-local-exam-new.pdf,25,5,Kinetics,Rate dependence on concentrations,Kinetics,,previously checked README classification (2016-2026)
2023-usnco-local-exam-new.pdf,26,5,Kinetics,first-order rate constant,Kinetics,,previously checked README classification (2016-2026)
2023-usnco-local-exam-new.pdf,27,5,Kinetics,drug elimination half-life,Kinetics,,previously checked README classification (2016-2026)
2023-usnco-local-exam-new.pdf,28,6,Kinetics,proposed reaction mechanism,Kinetics,,previously checked README classification (2016-2026)
2023-usnco-local-exam-new.pdf,29,6,Kinetics,catalyst effects,Kinetics,,previously checked README classification (2016-2026)
2023-usnco-local-exam-new.pdf,30,6,Kinetics,activation energy,Kinetics,,previously checked README classification (2016-2026)
2023-usnco-local-exam-new.pdf,31,6,Equilibrium,Lead fluoride solubility,Equilibrium,,previously checked README classification (2016-2026)
2023-usnco-local-exam-new.pdf,32,6,Equilibrium,pyridine pH,Equilibrium,,previously checked README classification (2016-2026)
2023-usnco-local-exam-new.pdf,33,6,Equilibrium,silver chloride dissolution shifts,Equilibrium,,previously checked README classification (2016-2026)
2023-usnco-local-exam-new.pdf,34,6,Equilibrium,iodine equilibrium concentration,Equilibrium,,previously checked README classification (2016-2026)
2023-usnco-local-exam-new.pdf,35,6,Equilibrium,iodine equilibrium shifts,Equilibrium,,previously checked README classification (2016-2026)
2023-usnco-local-exam-new.pdf,36,6,Equilibrium,diprotic-acid titration species,Equilibrium,,previously checked README classification (2016-2026)
2023-usnco-local-exam-new.pdf,37,6,Oxidation - Reduction,Average iron oxidation state,Oxidation - Reduction,,previously checked README classification (2016-2026)
2023-usnco-local-exam-new.pdf,38,6,Oxidation - Reduction,electrolytic deposition mass,Oxidation - Reduction,,previously checked README classification (2016-2026)
2023-usnco-local-exam-new.pdf,39,7,Oxidation - Reduction,galvanic-cell interpretation,Oxidation - Reduction,,previously checked README classification (2016-2026)
2023-usnco-local-exam-new.pdf,40,7,Oxidation - Reduction,metal displacement half-reactions,Oxidation - Reduction,,previously checked README classification (2016-2026)
2023-usnco-local-exam-new.pdf,41,7,Oxidation - Reduction,redox cell potential,Oxidation - Reduction,,previously checked README classification (2016-2026)
2023-usnco-local-exam-new.pdf,42,7,Oxidation - Reduction,pH dependence of reduction potential,Oxidation - Reduction,,previously checked README classification (2016-2026)
2023-usnco-local-exam-new.pdf,43,7,Atomic Structure/Periodicity,Electron affinities,Atomic Structure/Periodicity,,previously checked README classification (2016-2026)
2023-usnco-local-exam-new.pdf,44,7,Atomic Structure/Periodicity,element similarity,Atomic Structure/Periodicity,,previously checked README classification (2016-2026)
2023-usnco-local-exam-new.pdf,45,7,Atomic Structure/Periodicity,orbital electron capacity,Atomic Structure/Periodicity,,previously checked README classification (2016-2026)
2023-usnco-local-exam-new.pdf,46,7,Atomic Structure/Periodicity,nickel ion electron arrangement,Atomic Structure/Periodicity,,previously checked README classification (2016-2026)
2023-usnco-local-exam-new.pdf,47,7,Atomic Structure/Periodicity,photon wavelength,Atomic Structure/Periodicity,,previously checked README classification (2016-2026)
2023-usnco-local-exam-new.pdf,48,8,Atomic Structure/Periodicity,alpha-decay parent nuclide,Atomic Structure/Periodicity,,previously checked README classification (2016-2026)
2023-usnco-local-exam-new.pdf,49,8,Bonding/Molecular Structure,Bond strength,Bonding/Molecular Structure,,previously checked README classification (2016-2026)
2023-usnco-local-exam-new.pdf,50,8,Bonding/Molecular Structure,iodate geometry,Bonding/Molecular Structure,,previously checked README classification (2016-2026)
2023-usnco-local-exam-new.pdf,51,8,Bonding/Molecular Structure,resonance structures,Bonding/Molecular Structure,,previously checked README classification (2016-2026)
2023-usnco-local-exam-new.pdf,52,8,Bonding/Molecular Structure,nitrogen hybridization,Bonding/Molecular Structure,,previously checked README classification (2016-2026)
2023-usnco-local-exam-new.pdf,53,8,Bonding/Molecular Structure,molecular orbital explanation of ionization energy,Bonding/Molecular Structure,,previously checked README classification (2016-2026)
2023-usnco-local-exam-new.pdf,54,8,Bonding/Molecular Structure,octahedral stereoisomers,Bonding/Molecular Structure,,previously checked README classification (2016-2026)
2023-usnco-local-exam-new.pdf,55,8,Organic/Biochemistry,Organic isomer count,Organic/Biochemistry,,previously checked README classification (2016-2026)
2023-usnco-local-exam-new.pdf,56,8,Organic/Biochemistry,stereoisomer relationships,Organic/Biochemistry,,previously checked README classification (2016-2026)
2023-usnco-local-exam-new.pdf,57,8,Organic/Biochemistry,dichromate oxidation of organic compounds,Organic/Biochemistry,,previously checked README classification (2016-2026)
2023-usnco-local-exam-new.pdf,58,8,Organic/Biochemistry,cyanide as a nucleophile,Organic/Biochemistry,,previously checked README classification (2016-2026)
2023-usnco-local-exam-new.pdf,59,8,Organic/Biochemistry,amino acid substitution and protein charge,Organic/Biochemistry,,previously checked README classification (2016-2026)
2023-usnco-local-exam-new.pdf,60,9,Organic/Biochemistry,starch and cellulose monomers,Organic/Biochemistry,,previously checked README classification (2016-2026)
2022-usnco-local-exam.pdf,1,3,Stoichiometry/Solutions,Mass percent composition,Stoichiometry/Solutions,,previously checked README classification (2016-2026)
2022-usnco-local-exam.pdf,2,3,Stoichiometry/Solutions,sulfur atom count,Stoichiometry/Solutions,,previously checked README classification (2016-2026)
2022-usnco-local-exam.pdf,3,3,Stoichiometry/Solutions,combustion stoichiometry and gas volumes,Stoichiometry/Solutions,,previously checked README classification (2016-2026)
2022-usnco-local-exam.pdf,4,3,Stoichiometry/Solutions,nitrate concentration,Stoichiometry/Solutions,,previously checked README classification (2016-2026)
2022-usnco-local-exam.pdf,5,3,Stoichiometry/Solutions,metal carbonate composition,Stoichiometry/Solutions,,previously checked README classification (2016-2026)
2022-usnco-local-exam.pdf,6,3,Stoichiometry/Solutions,concentrations after precipitation,Stoichiometry/Solutions,,previously checked README classification (2016-2026)
2022-usnco-local-exam.pdf,7,3,Descriptive/Laboratory,Solution color,Descriptive/Laboratory,,previously checked README classification (2016-2026)
2022-usnco-local-exam.pdf,8,3,Descriptive/Laboratory,observable acid-base changes,Descriptive/Laboratory,,previously checked README classification (2016-2026)
2022-usnco-local-exam.pdf,9,3,Descriptive/Laboratory,buret reading,Descriptive/Laboratory,,previously checked README classification (2016-2026)
2022-usnco-local-exam.pdf,10,3,Descriptive/Laboratory,suitable redox analytical method,Descriptive/Laboratory,,previously checked README classification (2016-2026)
2022-usnco-local-exam.pdf,11,4,Descriptive/Laboratory,sodium reactivity,Descriptive/Laboratory,,previously checked README classification (2016-2026)
2022-usnco-local-exam.pdf,12,4,Descriptive/Laboratory,calorimetry procedure error,Descriptive/Laboratory,,previously checked README classification (2016-2026)
2022-usnco-local-exam.pdf,13,4,States Of Matter,Freezing of water,States Of Matter,,previously checked README classification (2016-2026)
2022-usnco-local-exam.pdf,14,4,States Of Matter,solubility of organic isomers,States Of Matter,,previously checked README classification (2016-2026)
2022-usnco-local-exam.pdf,15,4,States Of Matter,boiling points,States Of Matter,,previously checked README classification (2016-2026)
2022-usnco-local-exam.pdf,16,4,States Of Matter,gas condensation and pressure,States Of Matter,,previously checked README classification (2016-2026)
2022-usnco-local-exam.pdf,17,4,States Of Matter,sulfur phase diagram,States Of Matter,,previously checked README classification (2016-2026)
2022-usnco-local-exam.pdf,18,4,States Of Matter,crystal density,States Of Matter,,previously checked README classification (2016-2026)
2022-usnco-local-exam.pdf,19,4,Thermodynamics,Heat transfer through condensation and melting,Thermodynamics,,previously checked README classification (2016-2026)
2022-usnco-local-exam.pdf,20,4,Thermodynamics,Hess's law,Thermodynamics,,previously checked README classification (2016-2026)
2022-usnco-local-exam.pdf,21,5,Thermodynamics,bomb calorimetry and internal energy,Thermodynamics,,previously checked README classification (2016-2026)
2022-usnco-local-exam.pdf,22,5,Thermodynamics,bond dissociation enthalpy,Thermodynamics,,previously checked README classification (2016-2026)
2022-usnco-local-exam.pdf,23,5,Thermodynamics,entropy and equilibrium relationships,Thermodynamics,,previously checked README classification (2016-2026)
2022-usnco-local-exam.pdf,24,5,Thermodynamics,reaction entropy,Thermodynamics,,previously checked README classification (2016-2026)
2022-usnco-local-exam.pdf,25,5,Kinetics,Relative reaction rates,Kinetics,,previously checked README classification (2016-2026)
2022-usnco-local-exam.pdf,26,5,Kinetics,radioactive half-life,Kinetics,,previously checked README classification (2016-2026)
2022-usnco-local-exam.pdf,27,5,Kinetics,rate constant versus temperature,Kinetics,,previously checked README classification (2016-2026)
2022-usnco-local-exam.pdf,28,5,Kinetics,mechanism-derived rate law,Kinetics,,previously checked README classification (2016-2026)
2022-usnco-local-exam.pdf,29,6,Kinetics,integrated rate law,Kinetics,,previously checked README classification (2016-2026)
2022-usnco-local-exam.pdf,30,6,Kinetics,catalyst effects,Kinetics,,previously checked README classification (2016-2026)
2022-usnco-local-exam.pdf,31,6,Equilibrium,Lead iodide solubility,Equilibrium,,previously checked README classification (2016-2026)
2022-usnco-local-exam.pdf,32,6,Equilibrium,heterogeneous gas equilibrium,Equilibrium,,previously checked README classification (2016-2026)
2022-usnco-local-exam.pdf,33,6,Equilibrium,acid-base species concentrations,Equilibrium,,previously checked README classification (2016-2026)
2022-usnco-local-exam.pdf,34,6,Equilibrium,silver salt solubility,Equilibrium,,previously checked README classification (2016-2026)
2022-usnco-local-exam.pdf,35,6,Equilibrium,ammonium fluoride pH,Equilibrium,,previously checked README classification (2016-2026)
2022-usnco-local-exam.pdf,36,6,Equilibrium,titration curve identification,Equilibrium,,previously checked README classification (2016-2026)
2022-usnco-local-exam.pdf,37,6,Oxidation - Reduction,Average manganese oxidation state,Oxidation - Reduction,,previously checked README classification (2016-2026)
2022-usnco-local-exam.pdf,38,7,Oxidation - Reduction,identifying reduction,Oxidation - Reduction,,previously checked README classification (2016-2026)
2022-usnco-local-exam.pdf,39,7,Oxidation - Reduction,galvanic-cell voltage and anode,Oxidation - Reduction,,previously checked README classification (2016-2026)
2022-usnco-local-exam.pdf,40,7,Oxidation - Reduction,sodium electrolysis mass,Oxidation - Reduction,,previously checked README classification (2016-2026)
2022-usnco-local-exam.pdf,41,7,Oxidation - Reduction,concentration effects on cell voltage,Oxidation - Reduction,,previously checked README classification (2016-2026)
2022-usnco-local-exam.pdf,42,7,Oxidation - Reduction,acidic versus basic reduction potential,Oxidation - Reduction,,previously checked README classification (2016-2026)
2022-usnco-local-exam.pdf,43,7,Atomic Structure/Periodicity,Photon wavelength,Atomic Structure/Periodicity,,previously checked README classification (2016-2026)
2022-usnco-local-exam.pdf,44,7,Atomic Structure/Periodicity,isoelectronic species,Atomic Structure/Periodicity,,previously checked README classification (2016-2026)
2022-usnco-local-exam.pdf,45,7,Atomic Structure/Periodicity,quantum transitions,Atomic Structure/Periodicity,,previously checked README classification (2016-2026)
2022-usnco-local-exam.pdf,46,7,Atomic Structure/Periodicity,unpaired atomic electrons,Atomic Structure/Periodicity,,previously checked README classification (2016-2026)
2022-usnco-local-exam.pdf,47,7,Atomic Structure/Periodicity,Pauli exclusion principle,Atomic Structure/Periodicity,,previously checked README classification (2016-2026)
2022-usnco-local-exam.pdf,48,7,Atomic Structure/Periodicity,positron-decay daughter,Atomic Structure/Periodicity,,previously checked README classification (2016-2026)
2022-usnco-local-exam.pdf,49,7,Bonding/Molecular Structure,Molecular dipole moment,Bonding/Molecular Structure,,previously checked README classification (2016-2026)
2022-usnco-local-exam.pdf,50,7,Bonding/Molecular Structure,cyanogen pi bonds,Bonding/Molecular Structure,,previously checked README classification (2016-2026)
2022-usnco-local-exam.pdf,51,7,Bonding/Molecular Structure,azomethane geometry,Bonding/Molecular Structure,,previously checked README classification (2016-2026)
2022-usnco-local-exam.pdf,52,7,Bonding/Molecular Structure,molecular orbital bond order,Bonding/Molecular Structure,,previously checked README classification (2016-2026)
2022-usnco-local-exam.pdf,53,8,Bonding/Molecular Structure,nitrogen versus phosphorus bonding,Bonding/Molecular Structure,,previously checked README classification (2016-2026)
2022-usnco-local-exam.pdf,54,8,Bonding/Molecular Structure,coordination-complex stereoisomers,Bonding/Molecular Structure,,previously checked README classification (2016-2026)
2022-usnco-local-exam.pdf,55,8,Organic/Biochemistry,Functional groups from a molecular formula,Organic/Biochemistry,,previously checked README classification (2016-2026)
2022-usnco-local-exam.pdf,56,8,Organic/Biochemistry,branched alkane isomers,Organic/Biochemistry,,previously checked README classification (2016-2026)
2022-usnco-local-exam.pdf,57,8,Organic/Biochemistry,cycloalkane bond angles,Organic/Biochemistry,,previously checked README classification (2016-2026)
2022-usnco-local-exam.pdf,58,8,Organic/Biochemistry,alkene reactivity,Organic/Biochemistry,,previously checked README classification (2016-2026)
2022-usnco-local-exam.pdf,59,8,Organic/Biochemistry,enantiomer identification,Organic/Biochemistry,,previously checked README classification (2016-2026)
2022-usnco-local-exam.pdf,60,8,Organic/Biochemistry,biomolecule functional groups,Organic/Biochemistry,,previously checked README classification (2016-2026)
2021-usnco-local-exam.pdf,1,3,Stoichiometry/Solutions,Combustion volume ratios,Stoichiometry/Solutions,,previously checked README classification (2016-2026)
2021-usnco-local-exam.pdf,2,3,Stoichiometry/Solutions,monomer molecule count,Stoichiometry/Solutions,,previously checked README classification (2016-2026)
2021-usnco-local-exam.pdf,3,3,Stoichiometry/Solutions,empirical formula,Stoichiometry/Solutions,,previously checked README classification (2016-2026)
2021-usnco-local-exam.pdf,4,3,Stoichiometry/Solutions,bromide concentration after mixing,Stoichiometry/Solutions,,previously checked README classification (2016-2026)
2021-usnco-local-exam.pdf,5,3,Stoichiometry/Solutions,hydrate composition,Stoichiometry/Solutions,,previously checked README classification (2016-2026)
2021-usnco-local-exam.pdf,6,3,Stoichiometry/Solutions,colligative properties and dissociation,Stoichiometry/Solutions,,previously checked README classification (2016-2026)
2021-usnco-local-exam.pdf,7,3,Descriptive/Laboratory,Fractional distillation,Descriptive/Laboratory,,previously checked README classification (2016-2026)
2021-usnco-local-exam.pdf,8,3,Descriptive/Laboratory,elemental abundance,Descriptive/Laboratory,,previously checked README classification (2016-2026)
2021-usnco-local-exam.pdf,9,3,Descriptive/Laboratory,gas solubility,Descriptive/Laboratory,,previously checked README classification (2016-2026)
2021-usnco-local-exam.pdf,10,3,Descriptive/Laboratory,compound color,Descriptive/Laboratory,,previously checked README classification (2016-2026)
2021-usnco-local-exam.pdf,11,4,Descriptive/Laboratory,chlorine/iodide observations,Descriptive/Laboratory,,previously checked README classification (2016-2026)
2021-usnco-local-exam.pdf,12,4,Descriptive/Laboratory,hydrate analysis procedure errors,Descriptive/Laboratory,,previously checked README classification (2016-2026)
2021-usnco-local-exam.pdf,13,4,States Of Matter,Microscopic phase identification,States Of Matter,,previously checked README classification (2016-2026)
2021-usnco-local-exam.pdf,14,4,States Of Matter,gas density,States Of Matter,,previously checked README classification (2016-2026)
2021-usnco-local-exam.pdf,15,4,States Of Matter,intermolecular forces,States Of Matter,,previously checked README classification (2016-2026)
2021-usnco-local-exam.pdf,16,4,States Of Matter,pressure dependence of melting,States Of Matter,,previously checked README classification (2016-2026)
2021-usnco-local-exam.pdf,17,4,States Of Matter,gas mixture condensation,States Of Matter,,previously checked README classification (2016-2026)
2021-usnco-local-exam.pdf,18,4,States Of Matter,crystal unit-cell composition,States Of Matter,,previously checked README classification (2016-2026)
2021-usnco-local-exam.pdf,19,4,Thermodynamics,Combustion and formation enthalpy,Thermodynamics,,previously checked README classification (2016-2026)
2021-usnco-local-exam.pdf,20,5,Thermodynamics,specific heat capacity,Thermodynamics,,previously checked README classification (2016-2026)
2021-usnco-local-exam.pdf,21,5,Thermodynamics,entropy and spontaneity,Thermodynamics,,previously checked README classification (2016-2026)
2021-usnco-local-exam.pdf,22,5,Thermodynamics,boiling point under pressure,Thermodynamics,,previously checked README classification (2016-2026)
2021-usnco-local-exam.pdf,23,5,Thermodynamics,reaction enthalpy,Thermodynamics,,previously checked README classification (2016-2026)
2021-usnco-local-exam.pdf,24,5,Thermodynamics,entropy of fusion,Thermodynamics,,previously checked README classification (2016-2026)
2021-usnco-local-exam.pdf,25,5,Kinetics,Relative reaction rates,Kinetics,,previously checked README classification (2016-2026)
2021-usnco-local-exam.pdf,26,5,Kinetics,forward/reverse rate laws,Kinetics,,previously checked README classification (2016-2026)
2021-usnco-local-exam.pdf,27,5,Kinetics,integrated rate plot,Kinetics,,previously checked README classification (2016-2026)
2021-usnco-local-exam.pdf,28,5,Kinetics,catalysis,Kinetics,,previously checked README classification (2016-2026)
2021-usnco-local-exam.pdf,29,5,Kinetics,radioactive half-life,Kinetics,,previously checked README classification (2016-2026)
2021-usnco-local-exam.pdf,30,6,Kinetics,mechanism-derived rate law,Kinetics,,previously checked README classification (2016-2026)
2021-usnco-local-exam.pdf,31,6,Equilibrium,Equilibrium expression,Equilibrium,,previously checked README classification (2016-2026)
2021-usnco-local-exam.pdf,32,6,Equilibrium,HF dissociation,Equilibrium,,previously checked README classification (2016-2026)
2021-usnco-local-exam.pdf,33,6,Equilibrium,common-ion solubility,Equilibrium,,previously checked README classification (2016-2026)
2021-usnco-local-exam.pdf,34,6,Equilibrium,acid pKa from titration,Equilibrium,,previously checked README classification (2016-2026)
2021-usnco-local-exam.pdf,35,6,Equilibrium,gas equilibrium constant,Equilibrium,,previously checked README classification (2016-2026)
2021-usnco-local-exam.pdf,36,6,Equilibrium,triprotic-acid titration,Equilibrium,,previously checked README classification (2016-2026)
2021-usnco-local-exam.pdf,37,6,Oxidation - Reduction,Average tin oxidation state,Oxidation - Reduction,,previously checked README classification (2016-2026)
2021-usnco-local-exam.pdf,38,6,Oxidation - Reduction,inert electrodes,Oxidation - Reduction,,previously checked README classification (2016-2026)
2021-usnco-local-exam.pdf,39,6,Oxidation - Reduction,chromium electroplating,Oxidation - Reduction,,previously checked README classification (2016-2026)
2021-usnco-local-exam.pdf,40,7,Oxidation - Reduction,combining reduction potentials,Oxidation - Reduction,,previously checked README classification (2016-2026)
2021-usnco-local-exam.pdf,41,7,Oxidation - Reduction,disproportionation equilibrium from potentials,Oxidation - Reduction,,previously checked README classification (2016-2026)
2021-usnco-local-exam.pdf,42,7,Oxidation - Reduction,pH-dependent reduction potential,Oxidation - Reduction,,previously checked README classification (2016-2026)
2021-usnco-local-exam.pdf,43,7,Atomic Structure/Periodicity,Quantum numbers,Atomic Structure/Periodicity,,previously checked README classification (2016-2026)
2021-usnco-local-exam.pdf,44,7,Atomic Structure/Periodicity,successive ionization energies,Atomic Structure/Periodicity,,previously checked README classification (2016-2026)
2021-usnco-local-exam.pdf,45,7,Atomic Structure/Periodicity,cobalt ion configuration,Atomic Structure/Periodicity,,previously checked README classification (2016-2026)
2021-usnco-local-exam.pdf,46,7,Atomic Structure/Periodicity,photon energy,Atomic Structure/Periodicity,,previously checked README classification (2016-2026)
2021-usnco-local-exam.pdf,47,7,Atomic Structure/Periodicity,electron affinity,Atomic Structure/Periodicity,,previously checked README classification (2016-2026)
2021-usnco-local-exam.pdf,48,7,Atomic Structure/Periodicity,electron-capture daughter,Atomic Structure/Periodicity,,previously checked README classification (2016-2026)
2021-usnco-local-exam.pdf,49,7,Bonding/Molecular Structure,Carbon-oxygen bond strength,Bonding/Molecular Structure,,previously checked README classification (2016-2026)
2021-usnco-local-exam.pdf,50,7,Bonding/Molecular Structure,molecular dipole moment,Bonding/Molecular Structure,,previously checked README classification (2016-2026)
2021-usnco-local-exam.pdf,51,7,Bonding/Molecular Structure,nitromethane bonding,Bonding/Molecular Structure,,previously checked README classification (2016-2026)
2021-usnco-local-exam.pdf,52,7,Bonding/Molecular Structure,superoxide bond order and electrons,Bonding/Molecular Structure,,previously checked README classification (2016-2026)
2021-usnco-local-exam.pdf,53,8,Bonding/Molecular Structure,P4 geometry,Bonding/Molecular Structure,,previously checked README classification (2016-2026)
2021-usnco-local-exam.pdf,54,8,Bonding/Molecular Structure,coordination-complex isomers,Bonding/Molecular Structure,,previously checked README classification (2016-2026)
2021-usnco-local-exam.pdf,55,8,Organic/Biochemistry,Organic structure representations,Organic/Biochemistry,,previously checked README classification (2016-2026)
2021-usnco-local-exam.pdf,56,8,Organic/Biochemistry,isomer relationships,Organic/Biochemistry,,previously checked README classification (2016-2026)
2021-usnco-local-exam.pdf,57,8,Organic/Biochemistry,amine properties,Organic/Biochemistry,,previously checked README classification (2016-2026)
2021-usnco-local-exam.pdf,58,8,Organic/Biochemistry,ester synthesis,Organic/Biochemistry,,previously checked README classification (2016-2026)
2021-usnco-local-exam.pdf,59,8,Organic/Biochemistry,cyclohexane conformation,Organic/Biochemistry,,previously checked README classification (2016-2026)
2021-usnco-local-exam.pdf,60,8,Organic/Biochemistry,DNA elemental composition,Organic/Biochemistry,,previously checked README classification (2016-2026)
2020-usnco-local-exam.pdf,1,3,Stoichiometry/Solutions,Combustion gas volumes,Stoichiometry/Solutions,,previously checked README classification (2016-2026)
2020-usnco-local-exam.pdf,2,3,Stoichiometry/Solutions,hydrogen atom count,Stoichiometry/Solutions,,previously checked README classification (2016-2026)
2020-usnco-local-exam.pdf,3,3,Stoichiometry/Solutions,reaction yield,Stoichiometry/Solutions,,previously checked README classification (2016-2026)
2020-usnco-local-exam.pdf,4,3,Stoichiometry/Solutions,acid dilution,Stoichiometry/Solutions,,previously checked README classification (2016-2026)
2020-usnco-local-exam.pdf,5,3,Stoichiometry/Solutions,mass percent to molarity,Stoichiometry/Solutions,,previously checked README classification (2016-2026)
2020-usnco-local-exam.pdf,6,3,Stoichiometry/Solutions,composition of a salt mixture,Stoichiometry/Solutions,,previously checked README classification (2016-2026)
2020-usnco-local-exam.pdf,7,3,Descriptive/Laboratory,Solution color,Descriptive/Laboratory,,previously checked README classification (2016-2026)
2020-usnco-local-exam.pdf,8,3,Descriptive/Laboratory,buret reading,Descriptive/Laboratory,,previously checked README classification (2016-2026)
2020-usnco-local-exam.pdf,9,3,Descriptive/Laboratory,metal displacement observations,Descriptive/Laboratory,,previously checked README classification (2016-2026)
2020-usnco-local-exam.pdf,10,3,Descriptive/Laboratory,allotropes,Descriptive/Laboratory,,previously checked README classification (2016-2026)
2020-usnco-local-exam.pdf,11,3,Descriptive/Laboratory,exothermic reaction identification,Descriptive/Laboratory,,previously checked README classification (2016-2026)
2020-usnco-local-exam.pdf,12,4,Descriptive/Laboratory,volatile-liquid molar mass procedure error,Descriptive/Laboratory,,previously checked README classification (2016-2026)
2020-usnco-local-exam.pdf,13,4,States Of Matter,Gas effusion,States Of Matter,,previously checked README classification (2016-2026)
2020-usnco-local-exam.pdf,14,4,States Of Matter,boiling points,States Of Matter,,previously checked README classification (2016-2026)
2020-usnco-local-exam.pdf,15,4,States Of Matter,sulfur phase diagram,States Of Matter,,previously checked README classification (2016-2026)
2020-usnco-local-exam.pdf,16,4,States Of Matter,lattice energies,States Of Matter,,previously checked README classification (2016-2026)
2020-usnco-local-exam.pdf,17,4,States Of Matter,crystal density,States Of Matter,,previously checked README classification (2016-2026)
2020-usnco-local-exam.pdf,18,4,States Of Matter,unit-cell atom count,States Of Matter,,previously checked README classification (2016-2026)
2020-usnco-local-exam.pdf,19,4,Thermodynamics,Formation enthalpy definition,Thermodynamics,,previously checked README classification (2016-2026)
2020-usnco-local-exam.pdf,20,4,Thermodynamics,ice/water calorimetry,Thermodynamics,,previously checked README classification (2016-2026)
2020-usnco-local-exam.pdf,21,4,Thermodynamics,vapor pressure and vaporization enthalpy,Thermodynamics,,previously checked README classification (2016-2026)
2020-usnco-local-exam.pdf,22,5,Thermodynamics,bond dissociation enthalpy,Thermodynamics,,previously checked README classification (2016-2026)
2020-usnco-local-exam.pdf,23,5,Thermodynamics,equilibrium and thermodynamic signs,Thermodynamics,,previously checked README classification (2016-2026)
2020-usnco-local-exam.pdf,24,5,Thermodynamics,vaporization Gibbs energy,Thermodynamics,,previously checked README classification (2016-2026)
2020-usnco-local-exam.pdf,25,5,Kinetics,Relative reaction rates,Kinetics,,previously checked README classification (2016-2026)
2020-usnco-local-exam.pdf,26,5,Kinetics,factors affecting rate constants,Kinetics,,previously checked README classification (2016-2026)
2020-usnco-local-exam.pdf,27,5,Kinetics,first-order decomposition time,Kinetics,,previously checked README classification (2016-2026)
2020-usnco-local-exam.pdf,28,5,Kinetics,activation energy,Kinetics,,previously checked README classification (2016-2026)
2020-usnco-local-exam.pdf,29,5,Kinetics,catalyst effect on forward/reverse rates,Kinetics,,previously checked README classification (2016-2026)
2020-usnco-local-exam.pdf,30,5,Kinetics,mechanism-derived orders,Kinetics,,previously checked README classification (2016-2026)
2020-usnco-local-exam.pdf,31,6,Equilibrium,Heterogeneous equilibrium shifts,Equilibrium,,previously checked README classification (2016-2026)
2020-usnco-local-exam.pdf,32,6,Equilibrium,ammonia concentration from pH,Equilibrium,,previously checked README classification (2016-2026)
2020-usnco-local-exam.pdf,33,6,Equilibrium,complex-ion formation equilibrium,Equilibrium,,previously checked README classification (2016-2026)
2020-usnco-local-exam.pdf,34,6,Equilibrium,fluoride precipitation threshold,Equilibrium,,previously checked README classification (2016-2026)
2020-usnco-local-exam.pdf,35,6,Equilibrium,triprotic-acid titration,Equilibrium,,previously checked README classification (2016-2026)
2020-usnco-local-exam.pdf,36,6,Equilibrium,cobalt complex equilibrium shifts,Equilibrium,,previously checked README classification (2016-2026)
2020-usnco-local-exam.pdf,37,6,Oxidation - Reduction,Average tungsten oxidation state,Oxidation - Reduction,,previously checked README classification (2016-2026)
2020-usnco-local-exam.pdf,38,6,Oxidation - Reduction,redox balancing,Oxidation - Reduction,,previously checked README classification (2016-2026)
2020-usnco-local-exam.pdf,39,6,Oxidation - Reduction,spontaneous redox reactions,Oxidation - Reduction,,previously checked README classification (2016-2026)
2020-usnco-local-exam.pdf,40,7,Oxidation - Reduction,copper electrolysis,Oxidation - Reduction,,previously checked README classification (2016-2026)
2020-usnco-local-exam.pdf,41,7,Oxidation - Reduction,Gibbs energy from reduction potentials,Oxidation - Reduction,,previously checked README classification (2016-2026)
2020-usnco-local-exam.pdf,42,7,Oxidation - Reduction,nonstandard cell potential,Oxidation - Reduction,,previously checked README classification (2016-2026)
2020-usnco-local-exam.pdf,43,7,Atomic Structure/Periodicity,Common elemental oxidation states,Atomic Structure/Periodicity,,previously checked README classification (2016-2026)
2020-usnco-local-exam.pdf,44,7,Atomic Structure/Periodicity,filled atomic orbitals,Atomic Structure/Periodicity,,previously checked README classification (2016-2026)
2020-usnco-local-exam.pdf,45,7,Atomic Structure/Periodicity,ionization energy,Atomic Structure/Periodicity,,previously checked README classification (2016-2026)
2020-usnco-local-exam.pdf,46,7,Atomic Structure/Periodicity,electronegativity trend,Atomic Structure/Periodicity,,previously checked README classification (2016-2026)
2020-usnco-local-exam.pdf,47,7,Atomic Structure/Periodicity,quantum numbers,Atomic Structure/Periodicity,,previously checked README classification (2016-2026)
2020-usnco-local-exam.pdf,48,7,Atomic Structure/Periodicity,nuclear decay pathways,Atomic Structure/Periodicity,,previously checked README classification (2016-2026)
2020-usnco-local-exam.pdf,49,7,Bonding/Molecular Structure,Molecular planarity,Bonding/Molecular Structure,,previously checked README classification (2016-2026)
2020-usnco-local-exam.pdf,50,7,Bonding/Molecular Structure,unpaired molecular electrons,Bonding/Molecular Structure,,previously checked README classification (2016-2026)
2020-usnco-local-exam.pdf,51,7,Bonding/Molecular Structure,phosphite Lewis structure,Bonding/Molecular Structure,,previously checked README classification (2016-2026)
2020-usnco-local-exam.pdf,52,8,Bonding/Molecular Structure,resonance and bond lengths,Bonding/Molecular Structure,,previously checked README classification (2016-2026)
2020-usnco-local-exam.pdf,53,8,Bonding/Molecular Structure,carbon monoxide versus nitric oxide bonding,Bonding/Molecular Structure,,previously checked README classification (2016-2026)
2020-usnco-local-exam.pdf,54,8,Bonding/Molecular Structure,square-planar stereoisomers,Bonding/Molecular Structure,,previously checked README classification (2016-2026)
2020-usnco-local-exam.pdf,55,8,Organic/Biochemistry,Ester identification,Organic/Biochemistry,,previously checked README classification (2016-2026)
2020-usnco-local-exam.pdf,56,8,Organic/Biochemistry,optical activity,Organic/Biochemistry,,previously checked README classification (2016-2026)
2020-usnco-local-exam.pdf,57,8,Organic/Biochemistry,sulfide alkylation,Organic/Biochemistry,,previously checked README classification (2016-2026)
2020-usnco-local-exam.pdf,58,8,Organic/Biochemistry,alkane isomer count,Organic/Biochemistry,,previously checked README classification (2016-2026)
2020-usnco-local-exam.pdf,59,8,Organic/Biochemistry,electrophilic aromatic substitution,Organic/Biochemistry,,previously checked README classification (2016-2026)
2020-usnco-local-exam.pdf,60,8,Organic/Biochemistry,unsaturated fats,Organic/Biochemistry,,previously checked README classification (2016-2026)
2019-usnco-local-exam.pdf,1,3,Stoichiometry/Solutions,Hydrocarbon mass composition,Stoichiometry/Solutions,,previously checked README classification (2016-2026)
2019-usnco-local-exam.pdf,2,3,Stoichiometry/Solutions,decomposition mole ratios,Stoichiometry/Solutions,,previously checked README classification (2016-2026)
2019-usnco-local-exam.pdf,3,3,Stoichiometry/Solutions,gas mixture mole fractions and partial pressure,Stoichiometry/Solutions,,previously checked README classification (2016-2026)
2019-usnco-local-exam.pdf,4,3,Stoichiometry/Solutions,airbag gas yield,Stoichiometry/Solutions,,previously checked README classification (2016-2026)
2019-usnco-local-exam.pdf,5,3,Stoichiometry/Solutions,solution preparation,Stoichiometry/Solutions,,previously checked README classification (2016-2026)
2019-usnco-local-exam.pdf,6,3,Stoichiometry/Solutions,boiling-point elevation,Stoichiometry/Solutions,,previously checked README classification (2016-2026)
2019-usnco-local-exam.pdf,7,3,Descriptive/Laboratory,Flame test,Descriptive/Laboratory,,previously checked README classification (2016-2026)
2019-usnco-local-exam.pdf,8,3,Descriptive/Laboratory,gas evolution,Descriptive/Laboratory,,previously checked README classification (2016-2026)
2019-usnco-local-exam.pdf,9,3,Descriptive/Laboratory,qualitative solubility,Descriptive/Laboratory,,previously checked README classification (2016-2026)
2019-usnco-local-exam.pdf,10,3,Descriptive/Laboratory,analytical methods,Descriptive/Laboratory,,previously checked README classification (2016-2026)
2019-usnco-local-exam.pdf,11,3,Descriptive/Laboratory,gravimetric analysis errors,Descriptive/Laboratory,,previously checked README classification (2016-2026)
2019-usnco-local-exam.pdf,12,4,Descriptive/Laboratory,volumetric pipet technique,Descriptive/Laboratory,,previously checked README classification (2016-2026)
2019-usnco-local-exam.pdf,13,4,States Of Matter,Effusion and temperature,States Of Matter,,previously checked README classification (2016-2026)
2019-usnco-local-exam.pdf,14,4,States Of Matter,hydrogen bonding and boiling points,States Of Matter,,previously checked README classification (2016-2026)
2019-usnco-local-exam.pdf,15,4,States Of Matter,ionic solid melting points,States Of Matter,,previously checked README classification (2016-2026)
2019-usnco-local-exam.pdf,16,4,States Of Matter,crystal type,States Of Matter,,previously checked README classification (2016-2026)
2019-usnco-local-exam.pdf,17,4,States Of Matter,phase diagram,States Of Matter,,previously checked README classification (2016-2026)
2019-usnco-local-exam.pdf,18,4,States Of Matter,unit-cell formula,States Of Matter,,previously checked README classification (2016-2026)
2019-usnco-local-exam.pdf,19,4,Thermodynamics,Heat capacity and cooling,Thermodynamics,,previously checked README classification (2016-2026)
2019-usnco-local-exam.pdf,20,5,Thermodynamics,relative entropy,Thermodynamics,,previously checked README classification (2016-2026)
2019-usnco-local-exam.pdf,21,5,Thermodynamics,endothermic spontaneity,Thermodynamics,,previously checked README classification (2016-2026)
2019-usnco-local-exam.pdf,22,5,Thermodynamics,internal energy versus enthalpy,Thermodynamics,,previously checked README classification (2016-2026)
2019-usnco-local-exam.pdf,23,5,Thermodynamics,formation enthalpy,Thermodynamics,,previously checked README classification (2016-2026)
2019-usnco-local-exam.pdf,24,5,Thermodynamics,Gibbs energy from Ksp,Thermodynamics,,previously checked README classification (2016-2026)
2019-usnco-local-exam.pdf,25,5,Kinetics,Initial-rate reaction orders,Kinetics,,previously checked README classification (2016-2026)
2019-usnco-local-exam.pdf,26,5,Kinetics,first-order completion time,Kinetics,,previously checked README classification (2016-2026)
2019-usnco-local-exam.pdf,27,5,Kinetics,temperature dependence of rate,Kinetics,,previously checked README classification (2016-2026)
2019-usnco-local-exam.pdf,28,5,Kinetics,enzyme inhibition,Kinetics,,previously checked README classification (2016-2026)
2019-usnco-local-exam.pdf,29,5,Kinetics,integrated rate law,Kinetics,,previously checked README classification (2016-2026)
2019-usnco-local-exam.pdf,30,6,Kinetics,mechanism consistent with an observed rate law,Kinetics,,previously checked README classification (2016-2026)
2019-usnco-local-exam.pdf,31,6,Equilibrium,Microscopic equilibrium behavior,Equilibrium,,previously checked README classification (2016-2026)
2019-usnco-local-exam.pdf,32,6,Equilibrium,cyanide solution pH,Equilibrium,,previously checked README classification (2016-2026)
2019-usnco-local-exam.pdf,33,6,Equilibrium,pressure-dependent equilibrium yield,Equilibrium,,previously checked README classification (2016-2026)
2019-usnco-local-exam.pdf,34,6,Equilibrium,pH-dependent solubility,Equilibrium,,previously checked README classification (2016-2026)
2019-usnco-local-exam.pdf,35,6,Equilibrium,scaling equilibrium constants,Equilibrium,,previously checked README classification (2016-2026)
2019-usnco-local-exam.pdf,36,6,Equilibrium,buffer titration curve,Equilibrium,,previously checked README classification (2016-2026)
2019-usnco-local-exam.pdf,37,7,Oxidation - Reduction,Redox balancing,Oxidation - Reduction,,previously checked README classification (2016-2026)
2019-usnco-local-exam.pdf,38,7,Oxidation - Reduction,oxidation state from electrodeposition,Oxidation - Reduction,,previously checked README classification (2016-2026)
2019-usnco-local-exam.pdf,39,7,Oxidation - Reduction,Ksp from electrode potentials,Oxidation - Reduction,,previously checked README classification (2016-2026)
2019-usnco-local-exam.pdf,40,7,Oxidation - Reduction,water electrolysis gas volumes,Oxidation - Reduction,,previously checked README classification (2016-2026)
2019-usnco-local-exam.pdf,41,7,Oxidation - Reduction,standard cell voltage,Oxidation - Reduction,,previously checked README classification (2016-2026)
2019-usnco-local-exam.pdf,42,7,Oxidation - Reduction,nonstandard cell voltage,Oxidation - Reduction,,previously checked README classification (2016-2026)
2019-usnco-local-exam.pdf,43,7,Atomic Structure/Periodicity,Photon energy,Atomic Structure/Periodicity,,previously checked README classification (2016-2026)
2019-usnco-local-exam.pdf,44,7,Atomic Structure/Periodicity,orbital electron count,Atomic Structure/Periodicity,,previously checked README classification (2016-2026)
2019-usnco-local-exam.pdf,45,7,Atomic Structure/Periodicity,ionization-energy order,Atomic Structure/Periodicity,,previously checked README classification (2016-2026)
2019-usnco-local-exam.pdf,46,7,Atomic Structure/Periodicity,nuclear decay mode,Atomic Structure/Periodicity,,previously checked README classification (2016-2026)
2019-usnco-local-exam.pdf,47,8,Atomic Structure/Periodicity,atomic diamagnetism,Atomic Structure/Periodicity,,previously checked README classification (2016-2026)
2019-usnco-local-exam.pdf,48,8,Atomic Structure/Periodicity,alkali metal periodic trend,Atomic Structure/Periodicity,,previously checked README classification (2016-2026)
2019-usnco-local-exam.pdf,49,8,Bonding/Molecular Structure,Carbonate geometry,Bonding/Molecular Structure,,previously checked README classification (2016-2026)
2019-usnco-local-exam.pdf,50,8,Bonding/Molecular Structure,trigonal pyramidal geometry,Bonding/Molecular Structure,,previously checked README classification (2016-2026)
2019-usnco-local-exam.pdf,51,8,Bonding/Molecular Structure,halogen bond strength,Bonding/Molecular Structure,,previously checked README classification (2016-2026)
2019-usnco-local-exam.pdf,52,8,Bonding/Molecular Structure,resonance contributors,Bonding/Molecular Structure,,previously checked README classification (2016-2026)
2019-usnco-local-exam.pdf,53,8,Bonding/Molecular Structure,allene sigma/pi bonds,Bonding/Molecular Structure,,previously checked README classification (2016-2026)
2019-usnco-local-exam.pdf,54,8,Bonding/Molecular Structure,metallic bonding and malleability,Bonding/Molecular Structure,,previously checked README classification (2016-2026)
2019-usnco-local-exam.pdf,55,8,Organic/Biochemistry,Geometric isomerism,Organic/Biochemistry,,previously checked README classification (2016-2026)
2019-usnco-local-exam.pdf,56,8,Organic/Biochemistry,cyclohexane strain,Organic/Biochemistry,,previously checked README classification (2016-2026)
2019-usnco-local-exam.pdf,57,8,Organic/Biochemistry,esterification,Organic/Biochemistry,,previously checked README classification (2016-2026)
2019-usnco-local-exam.pdf,58,8,Organic/Biochemistry,aromatic substitution count,Organic/Biochemistry,,previously checked README classification (2016-2026)
2019-usnco-local-exam.pdf,59,8,Organic/Biochemistry,aromaticity,Organic/Biochemistry,,previously checked README classification (2016-2026)
2019-usnco-local-exam.pdf,60,8,Organic/Biochemistry,DNA phosphate bonding,Organic/Biochemistry,,previously checked README classification (2016-2026)
2018-usnco-local-exam.pdf,1,3,Stoichiometry/Solutions,Oxygen atom count,Stoichiometry/Solutions,,previously checked README classification (2016-2026)
2018-usnco-local-exam.pdf,2,3,Stoichiometry/Solutions,acid dilution,Stoichiometry/Solutions,,previously checked README classification (2016-2026)
2018-usnco-local-exam.pdf,3,3,Stoichiometry/Solutions,reduction reaction mass ratios,Stoichiometry/Solutions,,previously checked README classification (2016-2026)
2018-usnco-local-exam.pdf,4,3,Stoichiometry/Solutions,empirical formula,Stoichiometry/Solutions,,previously checked README classification (2016-2026)
2018-usnco-local-exam.pdf,5,3,Stoichiometry/Solutions,sample purity,Stoichiometry/Solutions,,previously checked README classification (2016-2026)
2018-usnco-local-exam.pdf,6,3,Stoichiometry/Solutions,freezing-point depression,Stoichiometry/Solutions,,previously checked README classification (2016-2026)
2018-usnco-local-exam.pdf,7,3,Descriptive/Laboratory,Gas evolution,Descriptive/Laboratory,,previously checked README classification (2016-2026)
2018-usnco-local-exam.pdf,8,3,Descriptive/Laboratory,qualitative metal-ion analysis,Descriptive/Laboratory,,previously checked README classification (2016-2026)
2018-usnco-local-exam.pdf,9,3,Descriptive/Laboratory,solution color,Descriptive/Laboratory,,previously checked README classification (2016-2026)
2018-usnco-local-exam.pdf,10,3,Descriptive/Laboratory,selective precipitation reagents,Descriptive/Laboratory,,previously checked README classification (2016-2026)
2018-usnco-local-exam.pdf,11,3,Descriptive/Laboratory,measuring liquid volume,Descriptive/Laboratory,,previously checked README classification (2016-2026)
2018-usnco-local-exam.pdf,12,3,Descriptive/Laboratory,titration procedure errors,Descriptive/Laboratory,,previously checked README classification (2016-2026)
2018-usnco-local-exam.pdf,13,4,States Of Matter,Microscopic state of matter,States Of Matter,,previously checked README classification (2016-2026)
2018-usnco-local-exam.pdf,14,4,States Of Matter,hydrogen bonding and boiling point,States Of Matter,,previously checked README classification (2016-2026)
2018-usnco-local-exam.pdf,15,4,States Of Matter,molecular speeds,States Of Matter,,previously checked README classification (2016-2026)
2018-usnco-local-exam.pdf,16,4,States Of Matter,ideal versus real gases,States Of Matter,,previously checked README classification (2016-2026)
2018-usnco-local-exam.pdf,17,4,States Of Matter,solid type,States Of Matter,,previously checked README classification (2016-2026)
2018-usnco-local-exam.pdf,18,4,States Of Matter,vapor-pressure behavior,States Of Matter,,previously checked README classification (2016-2026)
2018-usnco-local-exam.pdf,19,4,Thermodynamics,Calorimetry,Thermodynamics,,previously checked README classification (2016-2026)
2018-usnco-local-exam.pdf,20,4,Thermodynamics,formation enthalpy definition,Thermodynamics,,previously checked README classification (2016-2026)
2018-usnco-local-exam.pdf,21,4,Thermodynamics,bond dissociation enthalpy,Thermodynamics,,previously checked README classification (2016-2026)
2018-usnco-local-exam.pdf,22,4,Thermodynamics,Gibbs energy of formation,Thermodynamics,,previously checked README classification (2016-2026)
2018-usnco-local-exam.pdf,23,5,Thermodynamics,spontaneous vaporization,Thermodynamics,,previously checked README classification (2016-2026)
2018-usnco-local-exam.pdf,24,5,Thermodynamics,reaction entropy,Thermodynamics,,previously checked README classification (2016-2026)
2018-usnco-local-exam.pdf,25,5,Kinetics,Relative reaction rates,Kinetics,,previously checked README classification (2016-2026)
2018-usnco-local-exam.pdf,26,5,Kinetics,radioactive half-life,Kinetics,,previously checked README classification (2016-2026)
2018-usnco-local-exam.pdf,27,5,Kinetics,integrated rate plot,Kinetics,,previously checked README classification (2016-2026)
2018-usnco-local-exam.pdf,28,5,Kinetics,activation energy,Kinetics,,previously checked README classification (2016-2026)
2018-usnco-local-exam.pdf,29,5,Kinetics,mechanism-derived rate law,Kinetics,,previously checked README classification (2016-2026)
2018-usnco-local-exam.pdf,30,5,Kinetics,reaction intermediate identification,Kinetics,,previously checked README classification (2016-2026)
2018-usnco-local-exam.pdf,31,5,Equilibrium,Silver chloride solubility,Equilibrium,,previously checked README classification (2016-2026)
2018-usnco-local-exam.pdf,32,5,Equilibrium,benzoate pH,Equilibrium,,previously checked README classification (2016-2026)
2018-usnco-local-exam.pdf,33,5,Equilibrium,gas equilibrium constant,Equilibrium,,previously checked README classification (2016-2026)
2018-usnco-local-exam.pdf,34,5,Equilibrium,temperature/volume equilibrium shifts,Equilibrium,,previously checked README classification (2016-2026)
2018-usnco-local-exam.pdf,35,6,Equilibrium,acid dissociation constant,Equilibrium,,previously checked README classification (2016-2026)
2018-usnco-local-exam.pdf,36,6,Equilibrium,pH-dependent fluoride solubility,Equilibrium,,previously checked README classification (2016-2026)
2018-usnco-local-exam.pdf,37,6,Oxidation - Reduction,Mixed iron oxidation states,Oxidation - Reduction,,previously checked README classification (2016-2026)
2018-usnco-local-exam.pdf,38,6,Oxidation - Reduction,electrolysis products,Oxidation - Reduction,,previously checked README classification (2016-2026)
2018-usnco-local-exam.pdf,39,6,Oxidation - Reduction,redox titration,Oxidation - Reduction,,previously checked README classification (2016-2026)
2018-usnco-local-exam.pdf,40,6,Oxidation - Reduction,standard cell voltage,Oxidation - Reduction,,previously checked README classification (2016-2026)
2018-usnco-local-exam.pdf,41,6,Oxidation - Reduction,concentration cell,Oxidation - Reduction,,previously checked README classification (2016-2026)
2018-usnco-local-exam.pdf,42,6,Oxidation - Reduction,silver mass from electrodeposition,Oxidation - Reduction,,previously checked README classification (2016-2026)
2018-usnco-local-exam.pdf,43,6,Atomic Structure/Periodicity,Aluminum ion configuration,Atomic Structure/Periodicity,,previously checked README classification (2016-2026)
2018-usnco-local-exam.pdf,44,6,Atomic Structure/Periodicity,metal melting-point trend,Atomic Structure/Periodicity,,previously checked README classification (2016-2026)
2018-usnco-local-exam.pdf,45,6,Atomic Structure/Periodicity,photon energy,Atomic Structure/Periodicity,,previously checked README classification (2016-2026)
2018-usnco-local-exam.pdf,46,6,Atomic Structure/Periodicity,orbital electron occupancy,Atomic Structure/Periodicity,,previously checked README classification (2016-2026)
2018-usnco-local-exam.pdf,47,6,Atomic Structure/Periodicity,ionization energy,Atomic Structure/Periodicity,,previously checked README classification (2016-2026)
2018-usnco-local-exam.pdf,48,7,Atomic Structure/Periodicity,group 16 hydride acidity trend,Atomic Structure/Periodicity,,previously checked README classification (2016-2026)
2018-usnco-local-exam.pdf,49,7,Bonding/Molecular Structure,Ionic and covalent bonding,Bonding/Molecular Structure,,previously checked README classification (2016-2026)
2018-usnco-local-exam.pdf,50,7,Bonding/Molecular Structure,molecular geometry,Bonding/Molecular Structure,,previously checked README classification (2016-2026)
2018-usnco-local-exam.pdf,51,7,Bonding/Molecular Structure,chlorate lone pairs,Bonding/Molecular Structure,,previously checked README classification (2016-2026)
2018-usnco-local-exam.pdf,52,7,Bonding/Molecular Structure,coordination geometry and isomerism,Bonding/Molecular Structure,,previously checked README classification (2016-2026)
2018-usnco-local-exam.pdf,53,7,Bonding/Molecular Structure,antibonding electrons and bond length,Bonding/Molecular Structure,,previously checked README classification (2016-2026)
2018-usnco-local-exam.pdf,54,7,Bonding/Molecular Structure,guanidinium hybridization,Bonding/Molecular Structure,,previously checked README classification (2016-2026)
2018-usnco-local-exam.pdf,55,7,Organic/Biochemistry,Pi bonds in propyne,Organic/Biochemistry,,previously checked README classification (2016-2026)
2018-usnco-local-exam.pdf,56,7,Organic/Biochemistry,organic isomer count,Organic/Biochemistry,,previously checked README classification (2016-2026)
2018-usnco-local-exam.pdf,57,7,Organic/Biochemistry,chirality,Organic/Biochemistry,,previously checked README classification (2016-2026)
2018-usnco-local-exam.pdf,58,7,Organic/Biochemistry,alkene bromine test,Organic/Biochemistry,,previously checked README classification (2016-2026)
2018-usnco-local-exam.pdf,59,7,Organic/Biochemistry,alkene-forming reactions,Organic/Biochemistry,,previously checked README classification (2016-2026)
2018-usnco-local-exam.pdf,60,7,Organic/Biochemistry,photosynthesis,Organic/Biochemistry,,previously checked README classification (2016-2026)
2017-usnco-local-exam.pdf,1,3,Stoichiometry/Solutions,Empirical formula,Stoichiometry/Solutions,,previously checked README classification (2016-2026)
2017-usnco-local-exam.pdf,2,3,Stoichiometry/Solutions,hydroxide ion count,Stoichiometry/Solutions,,previously checked README classification (2016-2026)
2017-usnco-local-exam.pdf,3,3,Stoichiometry/Solutions,mixture mass percent,Stoichiometry/Solutions,,previously checked README classification (2016-2026)
2017-usnco-local-exam.pdf,4,3,Stoichiometry/Solutions,chloride concentration after mixing,Stoichiometry/Solutions,,previously checked README classification (2016-2026)
2017-usnco-local-exam.pdf,5,3,Stoichiometry/Solutions,reaction percent yield,Stoichiometry/Solutions,,previously checked README classification (2016-2026)
2017-usnco-local-exam.pdf,6,3,Stoichiometry/Solutions,boiling-point elevation,Stoichiometry/Solutions,,previously checked README classification (2016-2026)
2017-usnco-local-exam.pdf,7,3,Descriptive/Laboratory,Qualitative precipitation,Descriptive/Laboratory,,previously checked README classification (2016-2026)
2017-usnco-local-exam.pdf,8,3,Descriptive/Laboratory,reactive metal identification,Descriptive/Laboratory,,previously checked README classification (2016-2026)
2017-usnco-local-exam.pdf,9,3,Descriptive/Laboratory,qualitative salt basicity,Descriptive/Laboratory,,previously checked README classification (2016-2026)
2017-usnco-local-exam.pdf,10,3,Descriptive/Laboratory,gas evolution,Descriptive/Laboratory,,previously checked README classification (2016-2026)
2017-usnco-local-exam.pdf,11,3,Descriptive/Laboratory,titration errors,Descriptive/Laboratory,,previously checked README classification (2016-2026)
2017-usnco-local-exam.pdf,12,3,Descriptive/Laboratory,precise liquid delivery,Descriptive/Laboratory,,previously checked README classification (2016-2026)
2017-usnco-local-exam.pdf,13,4,States Of Matter,Gas temperature-volume relationship,States Of Matter,,previously checked README classification (2016-2026)
2017-usnco-local-exam.pdf,14,4,States Of Matter,intermolecular forces,States Of Matter,,previously checked README classification (2016-2026)
2017-usnco-local-exam.pdf,15,4,States Of Matter,network solid properties,States Of Matter,,previously checked README classification (2016-2026)
2017-usnco-local-exam.pdf,16,4,States Of Matter,critical point and liquid phase,States Of Matter,,previously checked README classification (2016-2026)
2017-usnco-local-exam.pdf,17,4,States Of Matter,lattice energy,States Of Matter,,previously checked README classification (2016-2026)
2017-usnco-local-exam.pdf,18,4,States Of Matter,metallic solid bonding,States Of Matter,,previously checked README classification (2016-2026)
2017-usnco-local-exam.pdf,19,4,Thermodynamics,Heat capacity,Thermodynamics,,previously checked README classification (2016-2026)
2017-usnco-local-exam.pdf,20,4,Thermodynamics,Hess's law,Thermodynamics,,previously checked README classification (2016-2026)
2017-usnco-local-exam.pdf,21,4,Thermodynamics,equilibrium temperature from thermodynamic data,Thermodynamics,,previously checked README classification (2016-2026)
2017-usnco-local-exam.pdf,22,4,Thermodynamics,bond enthalpy and formation enthalpy,Thermodynamics,,previously checked README classification (2016-2026)
2017-usnco-local-exam.pdf,23,4,Thermodynamics,spontaneity and entropy,Thermodynamics,,previously checked README classification (2016-2026)
2017-usnco-local-exam.pdf,24,5,Thermodynamics,Gibbs energy from equilibrium data,Thermodynamics,,previously checked README classification (2016-2026)
2017-usnco-local-exam.pdf,25,5,Kinetics,Relative reaction rates,Kinetics,,previously checked README classification (2016-2026)
2017-usnco-local-exam.pdf,26,5,Kinetics,radioactive half-life,Kinetics,,previously checked README classification (2016-2026)
2017-usnco-local-exam.pdf,27,5,Kinetics,initial-rate law,Kinetics,,previously checked README classification (2016-2026)
2017-usnco-local-exam.pdf,28,5,Kinetics,catalyst effects,Kinetics,,previously checked README classification (2016-2026)
2017-usnco-local-exam.pdf,29,5,Kinetics,temperature effects on forward/reverse rates,Kinetics,,previously checked README classification (2016-2026)
2017-usnco-local-exam.pdf,30,5,Kinetics,steady-state mechanism,Kinetics,,previously checked README classification (2016-2026)
2017-usnco-local-exam.pdf,31,5,Equilibrium,Percent ionization,Equilibrium,,previously checked README classification (2016-2026)
2017-usnco-local-exam.pdf,32,5,Equilibrium,solubility product,Equilibrium,,previously checked README classification (2016-2026)
2017-usnco-local-exam.pdf,33,5,Equilibrium,carbonate solution pH,Equilibrium,,previously checked README classification (2016-2026)
2017-usnco-local-exam.pdf,34,6,Equilibrium,weak-base titration,Equilibrium,,previously checked README classification (2016-2026)
2017-usnco-local-exam.pdf,35,6,Equilibrium,volume-dependent gas equilibrium,Equilibrium,,previously checked README classification (2016-2026)
2017-usnco-local-exam.pdf,36,6,Equilibrium,complexation and solubility,Equilibrium,,previously checked README classification (2016-2026)
2017-usnco-local-exam.pdf,37,6,Oxidation - Reduction,Electrolysis cathode product,Oxidation - Reduction,,previously checked README classification (2016-2026)
2017-usnco-local-exam.pdf,38,6,Oxidation - Reduction,oxidation states,Oxidation - Reduction,,previously checked README classification (2016-2026)
2017-usnco-local-exam.pdf,39,6,Oxidation - Reduction,redox balancing,Oxidation - Reduction,,previously checked README classification (2016-2026)
2017-usnco-local-exam.pdf,40,6,Oxidation - Reduction,standard cell potential,Oxidation - Reduction,,previously checked README classification (2016-2026)
2017-usnco-local-exam.pdf,41,6,Oxidation - Reduction,copper salt from electrolysis,Oxidation - Reduction,,previously checked README classification (2016-2026)
2017-usnco-local-exam.pdf,42,6,Oxidation - Reduction,Ksp from electrode potentials,Oxidation - Reduction,,previously checked README classification (2016-2026)
2017-usnco-local-exam.pdf,43,6,Atomic Structure/Periodicity,Orbital counts,Atomic Structure/Periodicity,,previously checked README classification (2016-2026)
2017-usnco-local-exam.pdf,44,6,Atomic Structure/Periodicity,electron affinity,Atomic Structure/Periodicity,,previously checked README classification (2016-2026)
2017-usnco-local-exam.pdf,45,7,Atomic Structure/Periodicity,photon energy,Atomic Structure/Periodicity,,previously checked README classification (2016-2026)
2017-usnco-local-exam.pdf,46,7,Atomic Structure/Periodicity,unpaired atomic electrons,Atomic Structure/Periodicity,,previously checked README classification (2016-2026)
2017-usnco-local-exam.pdf,47,7,Atomic Structure/Periodicity,radioactive decay mode,Atomic Structure/Periodicity,,previously checked README classification (2016-2026)
2017-usnco-local-exam.pdf,48,7,Atomic Structure/Periodicity,orbital radial wavefunction,Atomic Structure/Periodicity,,previously checked README classification (2016-2026)
2017-usnco-local-exam.pdf,49,7,Bonding/Molecular Structure,Molecular dipole moment,Bonding/Molecular Structure,,previously checked README classification (2016-2026)
2017-usnco-local-exam.pdf,50,7,Bonding/Molecular Structure,SF4 geometry,Bonding/Molecular Structure,,previously checked README classification (2016-2026)
2017-usnco-local-exam.pdf,51,7,Bonding/Molecular Structure,sigma/pi bonds,Bonding/Molecular Structure,,previously checked README classification (2016-2026)
2017-usnco-local-exam.pdf,52,7,Bonding/Molecular Structure,formal charge,Bonding/Molecular Structure,,previously checked README classification (2016-2026)
2017-usnco-local-exam.pdf,53,7,Bonding/Molecular Structure,nitrogen geometry,Bonding/Molecular Structure,,previously checked README classification (2016-2026)
2017-usnco-local-exam.pdf,54,7,Bonding/Molecular Structure,superoxide unpaired electrons,Bonding/Molecular Structure,,previously checked README classification (2016-2026)
2017-usnco-local-exam.pdf,55,7,Organic/Biochemistry,Organic isomer relationships,Organic/Biochemistry,,previously checked README classification (2016-2026)
2017-usnco-local-exam.pdf,56,7,Organic/Biochemistry,hydroxide as nucleophile,Organic/Biochemistry,,previously checked README classification (2016-2026)
2017-usnco-local-exam.pdf,57,8,Organic/Biochemistry,organic oxidation,Organic/Biochemistry,,previously checked README classification (2016-2026)
2017-usnco-local-exam.pdf,58,8,Organic/Biochemistry,polypropylene structure,Organic/Biochemistry,,previously checked README classification (2016-2026)
2017-usnco-local-exam.pdf,59,8,Organic/Biochemistry,protein primary structure,Organic/Biochemistry,,previously checked README classification (2016-2026)
2017-usnco-local-exam.pdf,60,8,Organic/Biochemistry,biopolymer hydrolysis,Organic/Biochemistry,,previously checked README classification (2016-2026)
2016-usnco-local-exam.pdf,1,3,Stoichiometry/Solutions,Decomposition gas yield,Stoichiometry/Solutions,,previously checked README classification (2016-2026)
2016-usnco-local-exam.pdf,2,3,Stoichiometry/Solutions,precipitate yield,Stoichiometry/Solutions,,previously checked README classification (2016-2026)
2016-usnco-local-exam.pdf,3,3,Stoichiometry/Solutions,hydrated salt solution preparation,Stoichiometry/Solutions,,previously checked README classification (2016-2026)
2016-usnco-local-exam.pdf,4,3,Stoichiometry/Solutions,empirical formula from combustion,Stoichiometry/Solutions,,previously checked README classification (2016-2026)
2016-usnco-local-exam.pdf,5,3,Stoichiometry/Solutions,nonelectrolyte identification,Stoichiometry/Solutions,,previously checked README classification (2016-2026)
2016-usnco-local-exam.pdf,6,3,Stoichiometry/Solutions,freezing-point depression,Stoichiometry/Solutions,,previously checked README classification (2016-2026)
2016-usnco-local-exam.pdf,7,3,Descriptive/Laboratory,Heat of salt dissolution observations,Descriptive/Laboratory,,previously checked README classification (2016-2026)
2016-usnco-local-exam.pdf,8,3,Descriptive/Laboratory,gas evolution,Descriptive/Laboratory,,previously checked README classification (2016-2026)
2016-usnco-local-exam.pdf,9,3,Descriptive/Laboratory,qualitative precipitation,Descriptive/Laboratory,,previously checked README classification (2016-2026)
2016-usnco-local-exam.pdf,10,3,Descriptive/Laboratory,flame test,Descriptive/Laboratory,,previously checked README classification (2016-2026)
2016-usnco-local-exam.pdf,11,3,Descriptive/Laboratory,solution color,Descriptive/Laboratory,,previously checked README classification (2016-2026)
2016-usnco-local-exam.pdf,12,3,Descriptive/Laboratory,measuring and dispensing glassware,Descriptive/Laboratory,,previously checked README classification (2016-2026)
2016-usnco-local-exam.pdf,13,4,States Of Matter,Gas density,States Of Matter,,previously checked README classification (2016-2026)
2016-usnco-local-exam.pdf,14,4,States Of Matter,gas molecular motion,States Of Matter,,previously checked README classification (2016-2026)
2016-usnco-local-exam.pdf,15,4,States Of Matter,intermolecular forces and boiling point,States Of Matter,,previously checked README classification (2016-2026)
2016-usnco-local-exam.pdf,16,4,States Of Matter,methanol pressure-volume phases,States Of Matter,,previously checked README classification (2016-2026)
2016-usnco-local-exam.pdf,17,4,States Of Matter,silicon crystal neighbors,States Of Matter,,previously checked README classification (2016-2026)
2016-usnco-local-exam.pdf,18,4,States Of Matter,atom counts in gases at different pressures/temperatures,States Of Matter,,previously checked README classification (2016-2026)
2016-usnco-local-exam.pdf,19,4,Thermodynamics,Formation enthalpy definition,Thermodynamics,,previously checked README classification (2016-2026)
2016-usnco-local-exam.pdf,20,4,Thermodynamics,reaction heat from formation enthalpies,Thermodynamics,,previously checked README classification (2016-2026)
2016-usnco-local-exam.pdf,21,4,Thermodynamics,ice/water calorimetry,Thermodynamics,,previously checked README classification (2016-2026)
2016-usnco-local-exam.pdf,22,4,Thermodynamics,entropy and solvation,Thermodynamics,,previously checked README classification (2016-2026)
2016-usnco-local-exam.pdf,23,5,Thermodynamics,Gibbs energy from Ksp,Thermodynamics,,previously checked README classification (2016-2026)
2016-usnco-local-exam.pdf,24,5,Thermodynamics,bond dissociation enthalpy,Thermodynamics,,previously checked README classification (2016-2026)
2016-usnco-local-exam.pdf,25,5,Kinetics,Reaction mechanisms,Kinetics,,previously checked README classification (2016-2026)
2016-usnco-local-exam.pdf,26,5,Kinetics,average reaction rate,Kinetics,,previously checked README classification (2016-2026)
2016-usnco-local-exam.pdf,27,5,Kinetics,initial-rate law,Kinetics,,previously checked README classification (2016-2026)
2016-usnco-local-exam.pdf,28,5,Kinetics,rate constant units,Kinetics,,previously checked README classification (2016-2026)
2016-usnco-local-exam.pdf,29,5,Kinetics,catalysis,Kinetics,,previously checked README classification (2016-2026)
2016-usnco-local-exam.pdf,30,5,Kinetics,first-order concentration versus time,Kinetics,,previously checked README classification (2016-2026)
2016-usnco-local-exam.pdf,31,5,Equilibrium,Heterogeneous equilibrium pressure,Equilibrium,,previously checked README classification (2016-2026)
2016-usnco-local-exam.pdf,32,5,Equilibrium,weak-acid speciation,Equilibrium,,previously checked README classification (2016-2026)
2016-usnco-local-exam.pdf,33,6,Equilibrium,silver sulfate solubility,Equilibrium,,previously checked README classification (2016-2026)
2016-usnco-local-exam.pdf,34,6,Equilibrium,gas equilibrium composition,Equilibrium,,previously checked README classification (2016-2026)
2016-usnco-local-exam.pdf,35,6,Equilibrium,titration indicator choice,Equilibrium,,previously checked README classification (2016-2026)
2016-usnco-local-exam.pdf,36,6,Equilibrium,complex-ion formation,Equilibrium,,previously checked README classification (2016-2026)
2016-usnco-local-exam.pdf,37,6,Oxidation - Reduction,Disproportionation balancing,Oxidation - Reduction,,previously checked README classification (2016-2026)
2016-usnco-local-exam.pdf,38,6,Oxidation - Reduction,electrolysis anode product,Oxidation - Reduction,,previously checked README classification (2016-2026)
2016-usnco-local-exam.pdf,39,6,Oxidation - Reduction,platinum electroplating time,Oxidation - Reduction,,previously checked README classification (2016-2026)
2016-usnco-local-exam.pdf,40,6,Oxidation - Reduction,concentration effects on cell voltage,Oxidation - Reduction,,previously checked README classification (2016-2026)
2016-usnco-local-exam.pdf,41,6,Oxidation - Reduction,equilibrium from reduction potentials,Oxidation - Reduction,,previously checked README classification (2016-2026)
2016-usnco-local-exam.pdf,42,6,Oxidation - Reduction,cell discharge and concentrations,Oxidation - Reduction,,previously checked README classification (2016-2026)
2016-usnco-local-exam.pdf,43,6,Atomic Structure/Periodicity,Rutherford atomic model,Atomic Structure/Periodicity,,previously checked README classification (2016-2026)
2016-usnco-local-exam.pdf,44,6,Atomic Structure/Periodicity,francium oxide and periodic chemistry,Atomic Structure/Periodicity,,previously checked README classification (2016-2026)
2016-usnco-local-exam.pdf,45,7,Atomic Structure/Periodicity,atomic radii,Atomic Structure/Periodicity,,previously checked README classification (2016-2026)
2016-usnco-local-exam.pdf,46,7,Atomic Structure/Periodicity,ionization energy,Atomic Structure/Periodicity,,previously checked README classification (2016-2026)
2016-usnco-local-exam.pdf,47,7,Atomic Structure/Periodicity,quantum numbers,Atomic Structure/Periodicity,,previously checked README classification (2016-2026)
2016-usnco-local-exam.pdf,48,7,Atomic Structure/Periodicity,alpha-decay daughter,Atomic Structure/Periodicity,,previously checked README classification (2016-2026)
2016-usnco-local-exam.pdf,49,7,Bonding/Molecular Structure,Bond polarity and molecular polarity,Bonding/Molecular Structure,,previously checked README classification (2016-2026)
2016-usnco-local-exam.pdf,50,7,Bonding/Molecular Structure,nitrite resonance/formal charge,Bonding/Molecular Structure,,previously checked README classification (2016-2026)
2016-usnco-local-exam.pdf,51,7,Bonding/Molecular Structure,molecular stability,Bonding/Molecular Structure,,previously checked README classification (2016-2026)
2016-usnco-local-exam.pdf,52,7,Bonding/Molecular Structure,IF3 geometry,Bonding/Molecular Structure,,previously checked README classification (2016-2026)
2016-usnco-local-exam.pdf,53,7,Bonding/Molecular Structure,nitrogen versus phosphorus bonding,Bonding/Molecular Structure,,previously checked README classification (2016-2026)
2016-usnco-local-exam.pdf,54,7,Bonding/Molecular Structure,carbon hybridization,Bonding/Molecular Structure,,previously checked README classification (2016-2026)
2016-usnco-local-exam.pdf,55,7,Organic/Biochemistry,Sigma bonds in an alkyne,Organic/Biochemistry,,previously checked README classification (2016-2026)
2016-usnco-local-exam.pdf,56,7,Organic/Biochemistry,alcohol dehydration,Organic/Biochemistry,,previously checked README classification (2016-2026)
2016-usnco-local-exam.pdf,57,7,Organic/Biochemistry,organic compound acidity,Organic/Biochemistry,,previously checked README classification (2016-2026)
2016-usnco-local-exam.pdf,58,7,Organic/Biochemistry,distinguishing alcohol and ketone,Organic/Biochemistry,,previously checked README classification (2016-2026)
2016-usnco-local-exam.pdf,59,7,Organic/Biochemistry,DNA base pairs,Organic/Biochemistry,,previously checked README classification (2016-2026)
2016-usnco-local-exam.pdf,60,7,Organic/Biochemistry,peptide bonds,Organic/Biochemistry,,previously checked README classification (2016-2026)
2015-usnco-local-exam.pdf,1,3,Stoichiometry/Solutions,Benzene combustion oxygen,Stoichiometry/Solutions,,question content checked (2000-2015)
2015-usnco-local-exam.pdf,2,3,Stoichiometry/Solutions,Gravimetric barium salt identification,Stoichiometry/Solutions,,question content checked (2000-2015)
2015-usnco-local-exam.pdf,3,3,Stoichiometry/Solutions,Nitrate concentration,Stoichiometry/Solutions,,question content checked (2000-2015)
2015-usnco-local-exam.pdf,4,3,Stoichiometry/Solutions,Terbium sulfate formula,Stoichiometry/Solutions,,question content checked (2000-2015)
2015-usnco-local-exam.pdf,5,3,Stoichiometry/Solutions,Limiting reactant and precipitate,Stoichiometry/Solutions,,question content checked (2000-2015)
2015-usnco-local-exam.pdf,6,3,Stoichiometry/Solutions,Freezing-point depression,Stoichiometry/Solutions,,question content checked (2000-2015)
2015-usnco-local-exam.pdf,7,3,Descriptive/Laboratory,Acid-enhanced calcium salt solubility,Descriptive/Laboratory,,question content checked (2000-2015)
2015-usnco-local-exam.pdf,8,3,Descriptive/Laboratory,Metal reaction with water,Descriptive/Laboratory,,question content checked (2000-2015)
2015-usnco-local-exam.pdf,9,3,Descriptive/Laboratory,Aqueous solution color,Descriptive/Laboratory,,question content checked (2000-2015)
2015-usnco-local-exam.pdf,10,3,Descriptive/Laboratory,Volume measurement apparatus,Descriptive/Laboratory,,question content checked (2000-2015)
2015-usnco-local-exam.pdf,11,3,Descriptive/Laboratory,Chloride precipitate identification,Descriptive/Laboratory,,question content checked (2000-2015)
2015-usnco-local-exam.pdf,12,3,States Of Matter,Hydrogen halide boiling points,Descriptive/Laboratory,Hydrogen-halide boiling-point comparison concerns intermolecular forces; assigned outside the inferred descriptive block.,question content checked (2000-2015)
2015-usnco-local-exam.pdf,13,3,States Of Matter,Temperature/solute and vapor pressure,States Of Matter,,question content checked (2000-2015)
2015-usnco-local-exam.pdf,14,4,Descriptive/Laboratory,Distillation thermometer position,States Of Matter,Thermometer placement in distillation apparatus is laboratory technique; assigned outside the inferred states block.,question content checked (2000-2015)
2015-usnco-local-exam.pdf,15,4,States Of Matter,Vaporization/fusion enthalpies,States Of Matter,Enthalpy also concerns thermodynamics; retained as a comparison of phase-transition properties.,question content checked (2000-2015)
2015-usnco-local-exam.pdf,16,4,States Of Matter,Constant-volume gas pressure,States Of Matter,,question content checked (2000-2015)
2015-usnco-local-exam.pdf,17,4,States Of Matter,Diamond solid type,States Of Matter,,question content checked (2000-2015)
2015-usnco-local-exam.pdf,18,4,Thermodynamics,First law of thermodynamics,States Of Matter,First law of thermodynamics; assigned by content outside the inferred states block.,question content checked (2000-2015)
2015-usnco-local-exam.pdf,19,4,States Of Matter,Perovskite crystal-cell formula,Thermodynamics,Counting atoms in a crystal unit cell; assigned by content outside the inferred thermodynamics block.,question content checked (2000-2015)
2015-usnco-local-exam.pdf,20,4,Thermodynamics,Standard formation reaction,Thermodynamics,,question content checked (2000-2015)
2015-usnco-local-exam.pdf,21,4,Thermodynamics,Gold/water calorimetry,Thermodynamics,,question content checked (2000-2015)
2015-usnco-local-exam.pdf,22,4,Thermodynamics,Entropy sign,Thermodynamics,,question content checked (2000-2015)
2015-usnco-local-exam.pdf,23,4,Thermodynamics,Hess law,Thermodynamics,,question content checked (2000-2015)
2015-usnco-local-exam.pdf,24,5,Thermodynamics,Temperature-dependent acid dissociation,Thermodynamics,Acid dissociation overlaps equilibrium; the task is the temperature dependence of K using reaction enthalpy.,question content checked (2000-2015)
2015-usnco-local-exam.pdf,25,5,Kinetics,Relative formation rates,Kinetics,,question content checked (2000-2015)
2015-usnco-local-exam.pdf,26,5,Kinetics,First-order rate constant,Kinetics,,question content checked (2000-2015)
2015-usnco-local-exam.pdf,27,5,Kinetics,Integrated-rate plot,Kinetics,,question content checked (2000-2015)
2015-usnco-local-exam.pdf,28,5,Kinetics,Radioactive decay time,Kinetics,,question content checked (2000-2015)
2015-usnco-local-exam.pdf,29,5,Kinetics,Rate-monitoring apparatus,Kinetics,Laboratory instruments supply the options; the task is monitoring a reaction rate.,question content checked (2000-2015)
2015-usnco-local-exam.pdf,30,5,Kinetics,Temperature effects on rate and equilibrium,Kinetics,"Equilibrium overlaps kinetics; both rate and equilibrium constants are requested, retained with kinetics.",question content checked (2000-2015)
2015-usnco-local-exam.pdf,31,5,Equilibrium,Acetate salt basicity,Equilibrium,,question content checked (2000-2015)
2015-usnco-local-exam.pdf,32,5,Equilibrium,Magnesium fluoride solubility,Equilibrium,,question content checked (2000-2015)
2015-usnco-local-exam.pdf,33,5,Equilibrium,Kc/Kp relation,Equilibrium,,question content checked (2000-2015)
2015-usnco-local-exam.pdf,34,5,Equilibrium,Ammonia buffer hydrogen concentration,Equilibrium,,question content checked (2000-2015)
2015-usnco-local-exam.pdf,35,5,Equilibrium,Complex formation constant,Equilibrium,,question content checked (2000-2015)
2015-usnco-local-exam.pdf,36,5,Equilibrium,Diprotic-acid titration species,Equilibrium,,question content checked (2000-2015)
2015-usnco-local-exam.pdf,37,6,Oxidation - Reduction,Formaldehyde oxidation number,Oxidation - Reduction,,question content checked (2000-2015)
2015-usnco-local-exam.pdf,38,6,Oxidation - Reduction,Galvanic cathode reaction,Oxidation - Reduction,,question content checked (2000-2015)
2015-usnco-local-exam.pdf,39,6,Oxidation - Reduction,Maximum standard cell voltage,Oxidation - Reduction,,question content checked (2000-2015)
2015-usnco-local-exam.pdf,40,6,Oxidation - Reduction,Electrolysis deposition masses,Oxidation - Reduction,,question content checked (2000-2015)
2015-usnco-local-exam.pdf,41,6,Oxidation - Reduction,Oxygen half-cell pH dependence,Oxidation - Reduction,,question content checked (2000-2015)
2015-usnco-local-exam.pdf,42,6,Oxidation - Reduction,Solubility from reduction potentials,Oxidation - Reduction,Solubility overlaps equilibrium; it is calculated from standard reduction potentials.,question content checked (2000-2015)
2015-usnco-local-exam.pdf,43,6,Atomic Structure/Periodicity,Orbital angular quantum number,Atomic Structure/Periodicity,,question content checked (2000-2015)
2015-usnco-local-exam.pdf,44,6,Atomic Structure/Periodicity,Periodic chemical similarity,Atomic Structure/Periodicity,,question content checked (2000-2015)
2015-usnco-local-exam.pdf,45,6,Atomic Structure/Periodicity,Periodic metal melting points,Atomic Structure/Periodicity,Melting points overlap states; an elemental periodic comparison supports Atomic Structure/Periodicity.,question content checked (2000-2015)
2015-usnco-local-exam.pdf,46,6,Atomic Structure/Periodicity,Unpaired electrons,Atomic Structure/Periodicity,,question content checked (2000-2015)
2015-usnco-local-exam.pdf,47,6,Atomic Structure/Periodicity,Electron affinity,Atomic Structure/Periodicity,,question content checked (2000-2015)
2015-usnco-local-exam.pdf,48,6,Atomic Structure/Periodicity,Hydrogen visible emission,Atomic Structure/Periodicity,,question content checked (2000-2015)
2015-usnco-local-exam.pdf,49,6,Bonding/Molecular Structure,Linear molecular species,Bonding/Molecular Structure,,question content checked (2000-2015)
2015-usnco-local-exam.pdf,50,6,Bonding/Molecular Structure,Peroxymonosulfate bonding,Bonding/Molecular Structure,,question content checked (2000-2015)
2015-usnco-local-exam.pdf,51,6,Bonding/Molecular Structure,Bonding principles,Bonding/Molecular Structure,,question content checked (2000-2015)
2015-usnco-local-exam.pdf,52,7,Bonding/Molecular Structure,Chlorate geometry,Bonding/Molecular Structure,,question content checked (2000-2015)
2015-usnco-local-exam.pdf,53,7,Bonding/Molecular Structure,Nitric oxide bond order,Bonding/Molecular Structure,,question content checked (2000-2015)
2015-usnco-local-exam.pdf,54,7,Bonding/Molecular Structure,Ozone formal charge,Bonding/Molecular Structure,,question content checked (2000-2015)
2015-usnco-local-exam.pdf,55,7,Organic/Biochemistry,Alkene hydrogenation,Organic/Biochemistry,,question content checked (2000-2015)
2015-usnco-local-exam.pdf,56,7,Organic/Biochemistry,Organic structure relationship,Organic/Biochemistry,,question content checked (2000-2015)
2015-usnco-local-exam.pdf,57,7,Organic/Biochemistry,Functional-group elements,Organic/Biochemistry,,question content checked (2000-2015)
2015-usnco-local-exam.pdf,58,7,Organic/Biochemistry,Hydrocarbon physical properties,Organic/Biochemistry,,question content checked (2000-2015)
2015-usnco-local-exam.pdf,59,7,Organic/Biochemistry,Unsaturation and triple bond,Organic/Biochemistry,,question content checked (2000-2015)
2015-usnco-local-exam.pdf,60,7,Organic/Biochemistry,Biopolymer classification,Organic/Biochemistry,,question content checked (2000-2015)
2014-usnco-local-exam.pdf,1,3,Stoichiometry/Solutions,Magnesium mass percentage,Stoichiometry/Solutions,,question content checked (2000-2015)
2014-usnco-local-exam.pdf,2,3,Stoichiometry/Solutions,Limiting-reactant particle diagram,Stoichiometry/Solutions,,question content checked (2000-2015)
2014-usnco-local-exam.pdf,3,3,Stoichiometry/Solutions,Vanillin oxygen atom count,Stoichiometry/Solutions,,question content checked (2000-2015)
2014-usnco-local-exam.pdf,4,3,Stoichiometry/Solutions,Sodium ion dilution,Stoichiometry/Solutions,,question content checked (2000-2015)
2014-usnco-local-exam.pdf,5,3,Stoichiometry/Solutions,Unsaturated solution,Stoichiometry/Solutions,,question content checked (2000-2015)
2014-usnco-local-exam.pdf,6,3,Stoichiometry/Solutions,Weak electrolyte,Stoichiometry/Solutions,,question content checked (2000-2015)
2014-usnco-local-exam.pdf,7,3,Descriptive/Laboratory,Native elemental nonmetals,Descriptive/Laboratory,,question content checked (2000-2015)
2014-usnco-local-exam.pdf,8,3,Descriptive/Laboratory,Oxidizing-agent capability,Descriptive/Laboratory,Oxidizing capability overlaps redox; retained as descriptive reagent chemistry.,question content checked (2000-2015)
2014-usnco-local-exam.pdf,9,3,Descriptive/Laboratory,Cave deposit composition,Descriptive/Laboratory,,question content checked (2000-2015)
2014-usnco-local-exam.pdf,10,3,Descriptive/Laboratory,Mean experimental density,Descriptive/Laboratory,,question content checked (2000-2015)
2014-usnco-local-exam.pdf,11,3,Descriptive/Laboratory,Total/dissolved/suspended solids,Descriptive/Laboratory,,question content checked (2000-2015)
2014-usnco-local-exam.pdf,12,4,Descriptive/Laboratory,Nitric acid concentration methods,Descriptive/Laboratory,,question content checked (2000-2015)
2014-usnco-local-exam.pdf,13,4,States Of Matter,Kinetic gas theory,States Of Matter,,question content checked (2000-2015)
2014-usnco-local-exam.pdf,14,4,States Of Matter,Pressure/temperature/volume,States Of Matter,,question content checked (2000-2015)
2014-usnco-local-exam.pdf,15,4,States Of Matter,Dichloromethane intermolecular forces,States Of Matter,,question content checked (2000-2015)
2014-usnco-local-exam.pdf,16,4,States Of Matter,Metallic solid properties,States Of Matter,,question content checked (2000-2015)
2014-usnco-local-exam.pdf,17,4,States Of Matter,Silicon carbide solid type,States Of Matter,,question content checked (2000-2015)
2014-usnco-local-exam.pdf,18,4,States Of Matter,Solution boiling point and vapor pressure,States Of Matter,Colligative properties overlap solutions; retained with physical liquid properties in States Of Matter.,question content checked (2000-2015)
2014-usnco-local-exam.pdf,19,4,Thermodynamics,Hess law,Thermodynamics,,question content checked (2000-2015)
2014-usnco-local-exam.pdf,20,4,Thermodynamics,Entropy sign,Thermodynamics,,question content checked (2000-2015)
2014-usnco-local-exam.pdf,21,4,Thermodynamics,Iron oxidation heat,Thermodynamics,,question content checked (2000-2015)
2014-usnco-local-exam.pdf,22,4,Thermodynamics,Specific-heat comparison,Thermodynamics,,question content checked (2000-2015)
2014-usnco-local-exam.pdf,23,4,Thermodynamics,Zero formation enthalpy,Thermodynamics,,question content checked (2000-2015)
2014-usnco-local-exam.pdf,24,5,Thermodynamics,Water vaporization free energy,Thermodynamics,,question content checked (2000-2015)
2014-usnco-local-exam.pdf,25,5,Kinetics,Relative reaction rates,Kinetics,,question content checked (2000-2015)
2014-usnco-local-exam.pdf,26,5,Kinetics,Carbon reaction-rate factors,Kinetics,,question content checked (2000-2015)
2014-usnco-local-exam.pdf,27,5,Kinetics,First-order reaction progression,Kinetics,,question content checked (2000-2015)
2014-usnco-local-exam.pdf,28,5,Kinetics,Experimental rate law,Kinetics,,question content checked (2000-2015)
2014-usnco-local-exam.pdf,29,5,Kinetics,Arrhenius plot,Kinetics,,question content checked (2000-2015)
2014-usnco-local-exam.pdf,30,5,Kinetics,Catalyst behavior,Kinetics,,question content checked (2000-2015)
2014-usnco-local-exam.pdf,31,5,Equilibrium,Heterogeneous equilibrium expression,Equilibrium,,question content checked (2000-2015)
2014-usnco-local-exam.pdf,32,5,Equilibrium,Carbon/CO equilibrium shift,Equilibrium,,question content checked (2000-2015)
2014-usnco-local-exam.pdf,33,5,Equilibrium,Temperature and equilibrium constant,Equilibrium,Thermodynamics supplies enthalpy/entropy signs; the requested behavior is the equilibrium constant.,question content checked (2000-2015)
2014-usnco-local-exam.pdf,34,6,Equilibrium,Phosphate acid-base constants,Equilibrium,,question content checked (2000-2015)
2014-usnco-local-exam.pdf,35,6,Equilibrium,Acidic buffer pair,Equilibrium,,question content checked (2000-2015)
2014-usnco-local-exam.pdf,36,6,Equilibrium,Lead chloride precipitation,Equilibrium,,question content checked (2000-2015)
2014-usnco-local-exam.pdf,37,6,Oxidation - Reduction,Arsenic oxidation number,Oxidation - Reduction,,question content checked (2000-2015)
2014-usnco-local-exam.pdf,38,6,Oxidation - Reduction,Permanganate/sulfite balancing,Oxidation - Reduction,,question content checked (2000-2015)
2014-usnco-local-exam.pdf,39,6,Oxidation - Reduction,Reduction-potential interpretation,Oxidation - Reduction,,question content checked (2000-2015)
2014-usnco-local-exam.pdf,40,6,Oxidation - Reduction,Standard cell potential,Oxidation - Reduction,,question content checked (2000-2015)
2014-usnco-local-exam.pdf,41,6,Oxidation - Reduction,Concentration and cell voltage,Oxidation - Reduction,,question content checked (2000-2015)
2014-usnco-local-exam.pdf,42,6,Oxidation - Reduction,Aluminum electrolysis time,Oxidation - Reduction,,question content checked (2000-2015)
2014-usnco-local-exam.pdf,43,6,Atomic Structure/Periodicity,Occupied sulfur orbitals,Atomic Structure/Periodicity,,question content checked (2000-2015)
2014-usnco-local-exam.pdf,44,6,Atomic Structure/Periodicity,Hydrogen absorption wavelength,Atomic Structure/Periodicity,,question content checked (2000-2015)
2014-usnco-local-exam.pdf,45,7,Atomic Structure/Periodicity,Allowed quantum numbers,Atomic Structure/Periodicity,,question content checked (2000-2015)
2014-usnco-local-exam.pdf,46,7,Atomic Structure/Periodicity,Electron affinity,Atomic Structure/Periodicity,,question content checked (2000-2015)
2014-usnco-local-exam.pdf,47,7,Atomic Structure/Periodicity,Isoelectronic ion radii,Atomic Structure/Periodicity,,question content checked (2000-2015)
2014-usnco-local-exam.pdf,48,7,Atomic Structure/Periodicity,Group metallic-character trend,Atomic Structure/Periodicity,,question content checked (2000-2015)
2014-usnco-local-exam.pdf,49,7,Bonding/Molecular Structure,Octet-rule exceptions,Bonding/Molecular Structure,,question content checked (2000-2015)
2014-usnco-local-exam.pdf,50,7,Bonding/Molecular Structure,Formic acid Lewis pairs,Bonding/Molecular Structure,,question content checked (2000-2015)
2014-usnco-local-exam.pdf,51,7,Bonding/Molecular Structure,Lattice energy,Bonding/Molecular Structure,,question content checked (2000-2015)
2014-usnco-local-exam.pdf,52,7,Bonding/Molecular Structure,Oxygen/oxygen bond energy,Bonding/Molecular Structure,,question content checked (2000-2015)
2014-usnco-local-exam.pdf,53,7,Bonding/Molecular Structure,Pi-bond comparison,Bonding/Molecular Structure,,question content checked (2000-2015)
2014-usnco-local-exam.pdf,54,7,Bonding/Molecular Structure,VSEPR geometry,Bonding/Molecular Structure,,question content checked (2000-2015)
2014-usnco-local-exam.pdf,55,7,Organic/Biochemistry,Structural isomer definition,Organic/Biochemistry,,question content checked (2000-2015)
2014-usnco-local-exam.pdf,56,7,Organic/Biochemistry,Aldehyde nomenclature,Organic/Biochemistry,,question content checked (2000-2015)
2014-usnco-local-exam.pdf,57,7,Organic/Biochemistry,Bromine addition,Organic/Biochemistry,,question content checked (2000-2015)
2014-usnco-local-exam.pdf,58,7,Organic/Biochemistry,Organic reaction classification,Organic/Biochemistry,,question content checked (2000-2015)
2014-usnco-local-exam.pdf,59,7,Organic/Biochemistry,Amino acid elements,Organic/Biochemistry,,question content checked (2000-2015)
2014-usnco-local-exam.pdf,60,7,Organic/Biochemistry,Carbohydrate classification,Organic/Biochemistry,,question content checked (2000-2015)
2013-usnco-local-exam.pdf,1,3,Stoichiometry/Solutions,Reaction coefficient sum,Stoichiometry/Solutions,,question content checked (2000-2015)
2013-usnco-local-exam.pdf,2,3,Stoichiometry/Solutions,Solution concentration units,Stoichiometry/Solutions,,question content checked (2000-2015)
2013-usnco-local-exam.pdf,3,3,Stoichiometry/Solutions,Oxygen atom mass calculation,Stoichiometry/Solutions,,question content checked (2000-2015)
2013-usnco-local-exam.pdf,4,3,Stoichiometry/Solutions,Tin sulfide empirical formula,Stoichiometry/Solutions,,question content checked (2000-2015)
2013-usnco-local-exam.pdf,5,3,Stoichiometry/Solutions,Hydroxide concentration on mixing,Stoichiometry/Solutions,,question content checked (2000-2015)
2013-usnco-local-exam.pdf,6,3,Stoichiometry/Solutions,Neutralization mass,Stoichiometry/Solutions,,question content checked (2000-2015)
2013-usnco-local-exam.pdf,7,3,Descriptive/Laboratory,Solid/liquid separation,Descriptive/Laboratory,,question content checked (2000-2015)
2013-usnco-local-exam.pdf,8,3,Descriptive/Laboratory,Precision versus accuracy,Descriptive/Laboratory,,question content checked (2000-2015)
2013-usnco-local-exam.pdf,9,3,Descriptive/Laboratory,Qualitative precipitation analysis,Descriptive/Laboratory,,question content checked (2000-2015)
2013-usnco-local-exam.pdf,10,3,Descriptive/Laboratory,Solution conductivity,Descriptive/Laboratory,,question content checked (2000-2015)
2013-usnco-local-exam.pdf,11,3,Descriptive/Laboratory,Vapor-pressure graph,Descriptive/Laboratory,Vapor pressure also concerns states; interpreting the experimental graph is retained with laboratory/data questions.,question content checked (2000-2015)
2013-usnco-local-exam.pdf,12,4,Descriptive/Laboratory,Titration data analysis,Descriptive/Laboratory,,question content checked (2000-2015)
2013-usnco-local-exam.pdf,13,4,States Of Matter,Combined gas law,States Of Matter,,question content checked (2000-2015)
2013-usnco-local-exam.pdf,14,4,States Of Matter,Gas-mixture partial pressure,States Of Matter,,question content checked (2000-2015)
2013-usnco-local-exam.pdf,15,4,States Of Matter,Boiling-point comparison,States Of Matter,,question content checked (2000-2015)
2013-usnco-local-exam.pdf,16,4,States Of Matter,Critical point,States Of Matter,,question content checked (2000-2015)
2013-usnco-local-exam.pdf,17,4,States Of Matter,Liquid miscibility,States Of Matter,,question content checked (2000-2015)
2013-usnco-local-exam.pdf,18,4,States Of Matter,Crystal packing density,States Of Matter,,question content checked (2000-2015)
2013-usnco-local-exam.pdf,19,4,Thermodynamics,Dissolution calorimetry,Thermodynamics,,question content checked (2000-2015)
2013-usnco-local-exam.pdf,20,4,Thermodynamics,Standard formation reaction,Thermodynamics,,question content checked (2000-2015)
2013-usnco-local-exam.pdf,21,4,Thermodynamics,Formation-data reaction enthalpy,Thermodynamics,,question content checked (2000-2015)
2013-usnco-local-exam.pdf,22,4,Thermodynamics,Ethanol combustion heat,Thermodynamics,,question content checked (2000-2015)
2013-usnco-local-exam.pdf,23,5,Thermodynamics,Entropy increase,Thermodynamics,,question content checked (2000-2015)
2013-usnco-local-exam.pdf,24,5,Thermodynamics,Temperature and spontaneity,Thermodynamics,,question content checked (2000-2015)
2013-usnco-local-exam.pdf,25,5,Kinetics,Relative disappearance rates,Kinetics,,question content checked (2000-2015)
2013-usnco-local-exam.pdf,26,5,Kinetics,Second-order rate units,Kinetics,,question content checked (2000-2015)
2013-usnco-local-exam.pdf,27,5,Kinetics,Radioactive half-life,Kinetics,,question content checked (2000-2015)
2013-usnco-local-exam.pdf,28,5,Kinetics,Rate-limiting step,Kinetics,,question content checked (2000-2015)
2013-usnco-local-exam.pdf,29,5,Kinetics,Homogeneous catalysis,Kinetics,,question content checked (2000-2015)
2013-usnco-local-exam.pdf,30,5,Kinetics,Reverse activation energy,Kinetics,,question content checked (2000-2015)
2013-usnco-local-exam.pdf,31,5,Equilibrium,Heterogeneous equilibrium expression,Equilibrium,,question content checked (2000-2015)
2013-usnco-local-exam.pdf,32,5,Equilibrium,Ammonia oxidation equilibrium shift,Equilibrium,,question content checked (2000-2015)
2013-usnco-local-exam.pdf,33,5,Equilibrium,Weak-acid identification,Equilibrium,,question content checked (2000-2015)
2013-usnco-local-exam.pdf,34,5,Equilibrium,Carbonate conjugate base,Equilibrium,,question content checked (2000-2015)
2013-usnco-local-exam.pdf,35,6,Equilibrium,Silver salt solubility,Equilibrium,,question content checked (2000-2015)
2013-usnco-local-exam.pdf,36,6,Equilibrium,Manganese carbonate solubility product,Equilibrium,,question content checked (2000-2015)
2013-usnco-local-exam.pdf,37,6,Oxidation - Reduction,Electrode potential order,Oxidation - Reduction,,question content checked (2000-2015)
2013-usnco-local-exam.pdf,38,6,Oxidation - Reduction,Nitrogen oxidation states,Oxidation - Reduction,,question content checked (2000-2015)
2013-usnco-local-exam.pdf,39,6,Oxidation - Reduction,Lead battery oxidizing agent,Oxidation - Reduction,,question content checked (2000-2015)
2013-usnco-local-exam.pdf,40,6,Oxidation - Reduction,Unknown metal reduction potential,Oxidation - Reduction,,question content checked (2000-2015)
2013-usnco-local-exam.pdf,41,6,Oxidation - Reduction,Concentration and cell voltage,Oxidation - Reduction,,question content checked (2000-2015)
2013-usnco-local-exam.pdf,42,6,Oxidation - Reduction,KBr electrolysis cathode,Oxidation - Reduction,,question content checked (2000-2015)
2013-usnco-local-exam.pdf,43,6,Atomic Structure/Periodicity,Rutherford nuclear model,Atomic Structure/Periodicity,,question content checked (2000-2015)
2013-usnco-local-exam.pdf,44,6,Atomic Structure/Periodicity,Allowed atomic orbitals,Atomic Structure/Periodicity,,question content checked (2000-2015)
2013-usnco-local-exam.pdf,45,6,Atomic Structure/Periodicity,Manganese ion particle counts,Atomic Structure/Periodicity,,question content checked (2000-2015)
2013-usnco-local-exam.pdf,46,6,Descriptive/Laboratory,Potassium flame color,Atomic Structure/Periodicity,Characteristic potassium flame-test color is qualitative identification; assigned outside the inferred atomic block.,question content checked (2000-2015)
2013-usnco-local-exam.pdf,47,6,Atomic Structure/Periodicity,Electronegativity,Atomic Structure/Periodicity,,question content checked (2000-2015)
2013-usnco-local-exam.pdf,48,6,Atomic Structure/Periodicity,Metalloids,Atomic Structure/Periodicity,,question content checked (2000-2015)
2013-usnco-local-exam.pdf,49,6,Bonding/Molecular Structure,Silicon/oxygen bonding,Bonding/Molecular Structure,,question content checked (2000-2015)
2013-usnco-local-exam.pdf,50,6,Bonding/Molecular Structure,Bond strength,Bonding/Molecular Structure,,question content checked (2000-2015)
2013-usnco-local-exam.pdf,51,7,Bonding/Molecular Structure,Resonance relationship,Bonding/Molecular Structure,,question content checked (2000-2015)
2013-usnco-local-exam.pdf,52,7,Bonding/Molecular Structure,Bond-angle comparison,Bonding/Molecular Structure,,question content checked (2000-2015)
2013-usnco-local-exam.pdf,53,7,Bonding/Molecular Structure,Thionyl chloride geometry,Bonding/Molecular Structure,,question content checked (2000-2015)
2013-usnco-local-exam.pdf,54,7,Bonding/Molecular Structure,Ethyne sigma/pi bonds,Bonding/Molecular Structure,,question content checked (2000-2015)
2013-usnco-local-exam.pdf,55,7,Organic/Biochemistry,Hexane structural isomers,Organic/Biochemistry,,question content checked (2000-2015)
2013-usnco-local-exam.pdf,56,7,Organic/Biochemistry,Condensation polymers,Organic/Biochemistry,,question content checked (2000-2015)
2013-usnco-local-exam.pdf,57,7,Organic/Biochemistry,Methanol oxidation,Organic/Biochemistry,,question content checked (2000-2015)
2013-usnco-local-exam.pdf,58,7,Organic/Biochemistry,Benzene properties,Organic/Biochemistry,,question content checked (2000-2015)
2013-usnco-local-exam.pdf,59,7,Organic/Biochemistry,Peptide-group atoms,Organic/Biochemistry,,question content checked (2000-2015)
2013-usnco-local-exam.pdf,60,7,Organic/Biochemistry,Vitamin water solubility,Organic/Biochemistry,,question content checked (2000-2015)
2012-usnco-local-exam.pdf,1,3,Stoichiometry/Solutions,Aluminum atom count,Stoichiometry/Solutions,,question content checked (2000-2015)
2012-usnco-local-exam.pdf,2,3,Stoichiometry/Solutions,Dissolved sulfate moles,Stoichiometry/Solutions,,question content checked (2000-2015)
2012-usnco-local-exam.pdf,3,3,Stoichiometry/Solutions,Concentration units and temperature,Stoichiometry/Solutions,,question content checked (2000-2015)
2012-usnco-local-exam.pdf,4,3,Stoichiometry/Solutions,Pentane combustion yield,Stoichiometry/Solutions,,question content checked (2000-2015)
2012-usnco-local-exam.pdf,5,3,Stoichiometry/Solutions,Barium hydroxide standardization,Stoichiometry/Solutions,,question content checked (2000-2015)
2012-usnco-local-exam.pdf,6,3,Stoichiometry/Solutions,Ion concentrations after precipitation,Stoichiometry/Solutions,,question content checked (2000-2015)
2012-usnco-local-exam.pdf,7,3,Descriptive/Laboratory,Nitric acid/metal reaction,Descriptive/Laboratory,"Redox is involved, but this asks for the descriptive chemistry of acids reacting with metals.",question content checked (2000-2015)
2012-usnco-local-exam.pdf,8,3,Descriptive/Laboratory,Spontaneous metal displacement,Descriptive/Laboratory,Metal displacement involves redox; retained with descriptive reaction-observation questions.,question content checked (2000-2015)
2012-usnco-local-exam.pdf,9,3,Atomic Structure/Periodicity,Hydrogen visible spectral series,Descriptive/Laboratory,Hydrogen spectral series and electronic transitions; assigned by content outside the inferred descriptive/laboratory block.,question content checked (2000-2015)
2012-usnco-local-exam.pdf,10,3,Descriptive/Laboratory,Apparatus purposes,Descriptive/Laboratory,,question content checked (2000-2015)
2012-usnco-local-exam.pdf,11,3,Descriptive/Laboratory,Intermolecular versus intramolecular bonds,Descriptive/Laboratory,Bond strengths overlap bonding/states; the question identifies an observable transformation in the laboratory group.,question content checked (2000-2015)
2012-usnco-local-exam.pdf,12,3,Descriptive/Laboratory,Vapor-density experiment error,Descriptive/Laboratory,,question content checked (2000-2015)
2012-usnco-local-exam.pdf,13,4,States Of Matter,Molecular forces and phase,States Of Matter,,question content checked (2000-2015)
2012-usnco-local-exam.pdf,14,4,States Of Matter,Constant-pressure gas expansion,States Of Matter,,question content checked (2000-2015)
2012-usnco-local-exam.pdf,15,4,States Of Matter,Critical temperature,States Of Matter,,question content checked (2000-2015)
2012-usnco-local-exam.pdf,16,4,States Of Matter,Solid classifications,States Of Matter,,question content checked (2000-2015)
2012-usnco-local-exam.pdf,17,4,States Of Matter,Body-centered cubic cell,States Of Matter,,question content checked (2000-2015)
2012-usnco-local-exam.pdf,18,4,States Of Matter,Boiling-point ranking,States Of Matter,,question content checked (2000-2015)
2012-usnco-local-exam.pdf,19,4,Thermodynamics,Methane combustion heat,Thermodynamics,,question content checked (2000-2015)
2012-usnco-local-exam.pdf,20,4,Thermodynamics,Water mixing calorimetry,Thermodynamics,,question content checked (2000-2015)
2012-usnco-local-exam.pdf,21,4,Thermodynamics,Formation-data reaction enthalpy,Thermodynamics,,question content checked (2000-2015)
2012-usnco-local-exam.pdf,22,4,Thermodynamics,Second law of thermodynamics,Thermodynamics,,question content checked (2000-2015)
2012-usnco-local-exam.pdf,23,4,Thermodynamics,Spontaneity at all temperatures,Thermodynamics,,question content checked (2000-2015)
2012-usnco-local-exam.pdf,24,4,Thermodynamics,Free energy and equilibrium constant,Thermodynamics,,question content checked (2000-2015)
2012-usnco-local-exam.pdf,25,4,Kinetics,Solid/gas reaction-rate factors,Kinetics,,question content checked (2000-2015)
2012-usnco-local-exam.pdf,26,5,Kinetics,Relative formation rates,Kinetics,,question content checked (2000-2015)
2012-usnco-local-exam.pdf,27,5,Kinetics,Catalyst action,Kinetics,,question content checked (2000-2015)
2012-usnco-local-exam.pdf,28,5,Kinetics,First-order reaction progression,Kinetics,,question content checked (2000-2015)
2012-usnco-local-exam.pdf,29,5,Kinetics,Experimental rate law,Kinetics,,question content checked (2000-2015)
2012-usnco-local-exam.pdf,30,5,Kinetics,Ester hydrolysis mechanism,Kinetics,Ester hydrolysis supplies the context; the actual task concerns the kinetic mechanism.,question content checked (2000-2015)
2012-usnco-local-exam.pdf,31,5,Equilibrium,Dynamic equilibrium,Equilibrium,,question content checked (2000-2015)
2012-usnco-local-exam.pdf,32,5,Equilibrium,Barium iodate solubility,Equilibrium,,question content checked (2000-2015)
2012-usnco-local-exam.pdf,33,5,Equilibrium,Steam/carbon equilibrium shift,Equilibrium,,question content checked (2000-2015)
2012-usnco-local-exam.pdf,34,5,Equilibrium,Weak-acid titration equivalence,Equilibrium,Neutralization stoichiometry overlaps solutions; retained with acid/base titration equilibria.,question content checked (2000-2015)
2012-usnco-local-exam.pdf,35,5,Equilibrium,Buffer pH changes,Equilibrium,,question content checked (2000-2015)
2012-usnco-local-exam.pdf,36,5,Equilibrium,Ammonia titration indicator,Equilibrium,,question content checked (2000-2015)
2012-usnco-local-exam.pdf,37,6,Oxidation - Reduction,Oxidation number,Oxidation - Reduction,,question content checked (2000-2015)
2012-usnco-local-exam.pdf,38,6,Oxidation - Reduction,Reduction-potential interpretation,Oxidation - Reduction,,question content checked (2000-2015)
2012-usnco-local-exam.pdf,39,6,Oxidation - Reduction,Nitric acid redox balancing,Oxidation - Reduction,,question content checked (2000-2015)
2012-usnco-local-exam.pdf,40,6,Oxidation - Reduction,Standard cell potential,Oxidation - Reduction,,question content checked (2000-2015)
2012-usnco-local-exam.pdf,41,6,Oxidation - Reduction,Concentration and cell voltage,Oxidation - Reduction,,question content checked (2000-2015)
2012-usnco-local-exam.pdf,42,6,Oxidation - Reduction,Nickel electrolysis time,Oxidation - Reduction,,question content checked (2000-2015)
2012-usnco-local-exam.pdf,43,6,Atomic Structure/Periodicity,Carbon-14 nuclear decay,Atomic Structure/Periodicity,,question content checked (2000-2015)
2012-usnco-local-exam.pdf,44,6,Atomic Structure/Periodicity,Valence-electron quantum numbers,Atomic Structure/Periodicity,,question content checked (2000-2015)
2012-usnco-local-exam.pdf,45,6,Atomic Structure/Periodicity,Iron ion configuration,Atomic Structure/Periodicity,,question content checked (2000-2015)
2012-usnco-local-exam.pdf,46,6,Atomic Structure/Periodicity,Element 119 periodic analogy,Atomic Structure/Periodicity,,question content checked (2000-2015)
2012-usnco-local-exam.pdf,47,6,Atomic Structure/Periodicity,Atomic radius,Atomic Structure/Periodicity,,question content checked (2000-2015)
2012-usnco-local-exam.pdf,48,6,Atomic Structure/Periodicity,First ionization energy,Atomic Structure/Periodicity,,question content checked (2000-2015)
2012-usnco-local-exam.pdf,49,6,Bonding/Molecular Structure,Covalent bonds,Bonding/Molecular Structure,,question content checked (2000-2015)
2012-usnco-local-exam.pdf,50,6,Bonding/Molecular Structure,sp2 hybridization,Bonding/Molecular Structure,,question content checked (2000-2015)
2012-usnco-local-exam.pdf,51,6,Bonding/Molecular Structure,Sulfite Lewis structure,Bonding/Molecular Structure,,question content checked (2000-2015)
2012-usnco-local-exam.pdf,52,7,Oxidation - Reduction,Sulfur oxidation state,Bonding/Molecular Structure,Asked for sulfur oxidation state; assigned by content outside the inferred bonding block.,question content checked (2000-2015)
2012-usnco-local-exam.pdf,53,7,Bonding/Molecular Structure,Triple bonds,Bonding/Molecular Structure,,question content checked (2000-2015)
2012-usnco-local-exam.pdf,54,7,Bonding/Molecular Structure,Molecular dipole moment,Bonding/Molecular Structure,,question content checked (2000-2015)
2012-usnco-local-exam.pdf,55,7,Organic/Biochemistry,Hydrocarbon hydrogen count,Organic/Biochemistry,,question content checked (2000-2015)
2012-usnco-local-exam.pdf,56,7,Organic/Biochemistry,Positional isomers,Organic/Biochemistry,,question content checked (2000-2015)
2012-usnco-local-exam.pdf,57,7,Organic/Biochemistry,Alanine compound class,Organic/Biochemistry,,question content checked (2000-2015)
2012-usnco-local-exam.pdf,58,7,Organic/Biochemistry,Secondary alcohol structure,Organic/Biochemistry,,question content checked (2000-2015)
2012-usnco-local-exam.pdf,59,7,Organic/Biochemistry,Aspirin functional groups,Organic/Biochemistry,,question content checked (2000-2015)
2012-usnco-local-exam.pdf,60,7,Organic/Biochemistry,Metabolic energy density,Organic/Biochemistry,,question content checked (2000-2015)
2011-usnco-local-exam.pdf,1,3,Descriptive/Laboratory,Precise volume apparatus,Descriptive/Laboratory,,question content checked (2000-2015)
2011-usnco-local-exam.pdf,2,3,Descriptive/Laboratory,Oxygen preparation,Descriptive/Laboratory,,question content checked (2000-2015)
2011-usnco-local-exam.pdf,3,3,Descriptive/Laboratory,Silver/nitric acid products,Descriptive/Laboratory,,question content checked (2000-2015)
2011-usnco-local-exam.pdf,4,3,Descriptive/Laboratory,Gas color and odor,Descriptive/Laboratory,,question content checked (2000-2015)
2011-usnco-local-exam.pdf,5,3,Descriptive/Laboratory,Acid spill response,Descriptive/Laboratory,,question content checked (2000-2015)
2011-usnco-local-exam.pdf,6,3,Descriptive/Laboratory,Supersaturated solution experiment,Descriptive/Laboratory,,question content checked (2000-2015)
2011-usnco-local-exam.pdf,7,3,Stoichiometry/Solutions,Hydrate solution dilution,Stoichiometry/Solutions,,question content checked (2000-2015)
2011-usnco-local-exam.pdf,8,3,Stoichiometry/Solutions,Propane oxygen requirement,Stoichiometry/Solutions,,question content checked (2000-2015)
2011-usnco-local-exam.pdf,9,3,Stoichiometry/Solutions,Ethylene monomer count,Stoichiometry/Solutions,Polymerization supplies the context; the requested result is a monomer molecule count.,question content checked (2000-2015)
2011-usnco-local-exam.pdf,10,4,Stoichiometry/Solutions,Titration equivalence stoichiometry,Stoichiometry/Solutions,,question content checked (2000-2015)
2011-usnco-local-exam.pdf,11,4,Stoichiometry/Solutions,Colligative boiling-point increase,Stoichiometry/Solutions,,question content checked (2000-2015)
2011-usnco-local-exam.pdf,12,4,Stoichiometry/Solutions,Nitrate mixing concentration,Stoichiometry/Solutions,,question content checked (2000-2015)
2011-usnco-local-exam.pdf,13,4,States Of Matter,Gas/solid transition,States Of Matter,,question content checked (2000-2015)
2011-usnco-local-exam.pdf,14,4,States Of Matter,Combined gas law,States Of Matter,,question content checked (2000-2015)
2011-usnco-local-exam.pdf,15,4,States Of Matter,Dispersion-force ranking,States Of Matter,,question content checked (2000-2015)
2011-usnco-local-exam.pdf,16,4,States Of Matter,Solid melting-point ranking,States Of Matter,,question content checked (2000-2015)
2011-usnco-local-exam.pdf,17,4,States Of Matter,Bromine phase state,States Of Matter,,question content checked (2000-2015)
2011-usnco-local-exam.pdf,18,4,States Of Matter,Gas molecular speeds,States Of Matter,,question content checked (2000-2015)
2011-usnco-local-exam.pdf,19,4,Thermodynamics,Bond energies and reaction enthalpy,Thermodynamics,,question content checked (2000-2015)
2011-usnco-local-exam.pdf,20,4,Thermodynamics,Ice heating/melting,Thermodynamics,,question content checked (2000-2015)
2011-usnco-local-exam.pdf,21,4,Thermodynamics,Ethylene formation enthalpy,Thermodynamics,,question content checked (2000-2015)
2011-usnco-local-exam.pdf,22,4,Thermodynamics,Phase entropy ordering,Thermodynamics,,question content checked (2000-2015)
2011-usnco-local-exam.pdf,23,4,Thermodynamics,Third law of thermodynamics,Thermodynamics,,question content checked (2000-2015)
2011-usnco-local-exam.pdf,24,5,Thermodynamics,High-temperature spontaneity,Thermodynamics,,question content checked (2000-2015)
2011-usnco-local-exam.pdf,25,5,Kinetics,Concentration/time graph slope,Kinetics,,question content checked (2000-2015)
2011-usnco-local-exam.pdf,26,5,Kinetics,Rate and rate constant,Kinetics,,question content checked (2000-2015)
2011-usnco-local-exam.pdf,27,5,Kinetics,Experimental reaction orders,Kinetics,,question content checked (2000-2015)
2011-usnco-local-exam.pdf,28,5,Kinetics,Zero-order reactant,Kinetics,,question content checked (2000-2015)
2011-usnco-local-exam.pdf,29,5,Kinetics,Homogeneous/heterogeneous catalysis,Kinetics,,question content checked (2000-2015)
2011-usnco-local-exam.pdf,30,5,Kinetics,Reaction-rate reduction,Kinetics,,question content checked (2000-2015)
2011-usnco-local-exam.pdf,31,5,Equilibrium,Heterogeneous equilibrium expression,Equilibrium,,question content checked (2000-2015)
2011-usnco-local-exam.pdf,32,5,Equilibrium,Sulfur trioxide equilibrium shift,Equilibrium,,question content checked (2000-2015)
2011-usnco-local-exam.pdf,33,5,Equilibrium,Acid/salt pH ranking,Equilibrium,,question content checked (2000-2015)
2011-usnco-local-exam.pdf,34,6,Equilibrium,Buffer mixtures,Equilibrium,,question content checked (2000-2015)
2011-usnco-local-exam.pdf,35,6,Equilibrium,Silver salt solubility changes,Equilibrium,,question content checked (2000-2015)
2011-usnco-local-exam.pdf,36,6,Equilibrium,Weak-acid dissociation constant,Equilibrium,,question content checked (2000-2015)
2011-usnco-local-exam.pdf,37,6,Oxidation - Reduction,Recognizing redox reactions,Oxidation - Reduction,,question content checked (2000-2015)
2011-usnco-local-exam.pdf,38,6,Oxidation - Reduction,Gold/rhodium cell potential,Oxidation - Reduction,,question content checked (2000-2015)
2011-usnco-local-exam.pdf,39,6,Oxidation - Reduction,Permanganate reducing agent,Oxidation - Reduction,,question content checked (2000-2015)
2011-usnco-local-exam.pdf,40,6,Oxidation - Reduction,Faraday constant,Oxidation - Reduction,,question content checked (2000-2015)
2011-usnco-local-exam.pdf,41,6,Oxidation - Reduction,Voltaic electrode behavior,Oxidation - Reduction,,question content checked (2000-2015)
2011-usnco-local-exam.pdf,42,6,Oxidation - Reduction,Copper electrolysis time,Oxidation - Reduction,,question content checked (2000-2015)
2011-usnco-local-exam.pdf,43,6,Atomic Structure/Periodicity,Valence electron count,Atomic Structure/Periodicity,,question content checked (2000-2015)
2011-usnco-local-exam.pdf,44,6,Atomic Structure/Periodicity,Occupied 5d orbitals,Atomic Structure/Periodicity,,question content checked (2000-2015)
2011-usnco-local-exam.pdf,45,6,Atomic Structure/Periodicity,Allowed electron quantum numbers,Atomic Structure/Periodicity,,question content checked (2000-2015)
2011-usnco-local-exam.pdf,46,6,Atomic Structure/Periodicity,Alkaline-earth periodic trends,Atomic Structure/Periodicity,,question content checked (2000-2015)
2011-usnco-local-exam.pdf,47,6,Atomic Structure/Periodicity,Ion-radius ranking,Atomic Structure/Periodicity,,question content checked (2000-2015)
2011-usnco-local-exam.pdf,48,6,Atomic Structure/Periodicity,Nuclear reaction balancing,Atomic Structure/Periodicity,,question content checked (2000-2015)
2011-usnco-local-exam.pdf,49,7,Oxidation - Reduction,Rhenium oxidation number,Bonding/Molecular Structure,"Asked solely for an oxidation number, not Lewis structure or bond geometry; assigned by content outside the inferred bonding block.",question content checked (2000-2015)
2011-usnco-local-exam.pdf,50,7,Bonding/Molecular Structure,Bond angles,Bonding/Molecular Structure,,question content checked (2000-2015)
2011-usnco-local-exam.pdf,51,7,Bonding/Molecular Structure,Molecular planarity,Bonding/Molecular Structure,,question content checked (2000-2015)
2011-usnco-local-exam.pdf,52,7,Bonding/Molecular Structure,Carbon/carbon bond energy,Bonding/Molecular Structure,,question content checked (2000-2015)
2011-usnco-local-exam.pdf,53,7,Bonding/Molecular Structure,sp2 sigma/pi bonding,Bonding/Molecular Structure,,question content checked (2000-2015)
2011-usnco-local-exam.pdf,54,7,Bonding/Molecular Structure,Nitrate resonance,Bonding/Molecular Structure,,question content checked (2000-2015)
2011-usnco-local-exam.pdf,55,7,Organic/Biochemistry,Ketone boiling-point trend,Organic/Biochemistry,Boiling point overlaps states; retained with organic ketone/dispersion-force questions.,question content checked (2000-2015)
2011-usnco-local-exam.pdf,56,7,Organic/Biochemistry,Oxygen-containing structural isomers,Organic/Biochemistry,,question content checked (2000-2015)
2011-usnco-local-exam.pdf,57,7,Organic/Biochemistry,Propyne sigma bonds,Organic/Biochemistry,,question content checked (2000-2015)
2011-usnco-local-exam.pdf,58,7,Organic/Biochemistry,Chlorine addition,Organic/Biochemistry,,question content checked (2000-2015)
2011-usnco-local-exam.pdf,59,7,Organic/Biochemistry,Butanoic acid formula,Organic/Biochemistry,,question content checked (2000-2015)
2011-usnco-local-exam.pdf,60,7,Organic/Biochemistry,DNA base pairing,Organic/Biochemistry,,question content checked (2000-2015)
2010-usnco-local-exam.pdf,1,3,Descriptive/Laboratory,Density and volume measurement,Descriptive/Laboratory,,question content checked (2000-2015)
2010-usnco-local-exam.pdf,2,3,Descriptive/Laboratory,Copper flame test,Descriptive/Laboratory,,question content checked (2000-2015)
2010-usnco-local-exam.pdf,3,3,Descriptive/Laboratory,Indicator color and solute,Descriptive/Laboratory,,question content checked (2000-2015)
2010-usnco-local-exam.pdf,4,3,Descriptive/Laboratory,Camphor solubility,Descriptive/Laboratory,,question content checked (2000-2015)
2010-usnco-local-exam.pdf,5,3,Descriptive/Laboratory,Hydrate analysis error,Descriptive/Laboratory,,question content checked (2000-2015)
2010-usnco-local-exam.pdf,6,3,Descriptive/Laboratory,Selective silver precipitation,Descriptive/Laboratory,,question content checked (2000-2015)
2010-usnco-local-exam.pdf,7,3,Stoichiometry/Solutions,Reaction coefficient,Stoichiometry/Solutions,,question content checked (2000-2015)
2010-usnco-local-exam.pdf,8,3,Stoichiometry/Solutions,Nitrogen mass percentage,Stoichiometry/Solutions,,question content checked (2000-2015)
2010-usnco-local-exam.pdf,9,3,Stoichiometry/Solutions,Neutron count per mole,Stoichiometry/Solutions,Nuclear composition supplies the neutron count per isotope; the requested result is total neutrons in a molar sample.,question content checked (2000-2015)
2010-usnco-local-exam.pdf,10,3,Stoichiometry/Solutions,Dissolved magnesium chloride species,Stoichiometry/Solutions,,question content checked (2000-2015)
2010-usnco-local-exam.pdf,11,3,Stoichiometry/Solutions,Glucose-to-ethanol yield,Stoichiometry/Solutions,Fermentation supplies the equation; the requested result is maximum mass yield.,question content checked (2000-2015)
2010-usnco-local-exam.pdf,12,4,Stoichiometry/Solutions,Vinegar molarity,Stoichiometry/Solutions,,question content checked (2000-2015)
2010-usnco-local-exam.pdf,13,4,States Of Matter,Combined gas law,States Of Matter,,question content checked (2000-2015)
2010-usnco-local-exam.pdf,14,4,States Of Matter,Halogen physical states,States Of Matter,Periodic group identity is tested through physical states of its members; retained in States Of Matter.,question content checked (2000-2015)
2010-usnco-local-exam.pdf,15,4,States Of Matter,Gas diffusion,States Of Matter,,question content checked (2000-2015)
2010-usnco-local-exam.pdf,16,4,States Of Matter,Humid-air density,States Of Matter,,question content checked (2000-2015)
2010-usnco-local-exam.pdf,17,4,States Of Matter,Carbon dioxide phase transition,States Of Matter,,question content checked (2000-2015)
2010-usnco-local-exam.pdf,18,4,States Of Matter,Critical temperature,States Of Matter,,question content checked (2000-2015)
2010-usnco-local-exam.pdf,19,4,Thermodynamics,Exothermic process,Thermodynamics,,question content checked (2000-2015)
2010-usnco-local-exam.pdf,20,4,Thermodynamics,Hess law,Thermodynamics,,question content checked (2000-2015)
2010-usnco-local-exam.pdf,21,4,Thermodynamics,Thermite reaction heat,Thermodynamics,,question content checked (2000-2015)
2010-usnco-local-exam.pdf,22,4,Thermodynamics,Entropy increase,Thermodynamics,,question content checked (2000-2015)
2010-usnco-local-exam.pdf,23,4,Thermodynamics,Low-temperature spontaneity,Thermodynamics,,question content checked (2000-2015)
2010-usnco-local-exam.pdf,24,5,Thermodynamics,Standard free energy of formation,Thermodynamics,,question content checked (2000-2015)
2010-usnco-local-exam.pdf,25,5,Kinetics,Solid/solution reaction-rate factors,Kinetics,,question content checked (2000-2015)
2010-usnco-local-exam.pdf,26,5,Kinetics,Relative disappearance rates,Kinetics,,question content checked (2000-2015)
2010-usnco-local-exam.pdf,27,5,Kinetics,Reverse activation energy,Kinetics,,question content checked (2000-2015)
2010-usnco-local-exam.pdf,28,5,Kinetics,First-order decay time,Kinetics,,question content checked (2000-2015)
2010-usnco-local-exam.pdf,29,5,Kinetics,Mechanism-derived rate law,Kinetics,,question content checked (2000-2015)
2010-usnco-local-exam.pdf,30,5,Kinetics,Iodine clock kinetics,Kinetics,,question content checked (2000-2015)
2010-usnco-local-exam.pdf,31,5,Equilibrium,Equilibrium expression,Equilibrium,,question content checked (2000-2015)
2010-usnco-local-exam.pdf,32,5,Equilibrium,Volume and equilibrium shift,Equilibrium,,question content checked (2000-2015)
2010-usnco-local-exam.pdf,33,5,Equilibrium,Strong-acid/base mixing pH,Equilibrium,,question content checked (2000-2015)
2010-usnco-local-exam.pdf,34,5,Equilibrium,Weak-acid ionization,Equilibrium,,question content checked (2000-2015)
2010-usnco-local-exam.pdf,35,5,Equilibrium,Buffer pH,Equilibrium,,question content checked (2000-2015)
2010-usnco-local-exam.pdf,36,5,Equilibrium,Magnesium carbonate precipitation,Equilibrium,,question content checked (2000-2015)
2010-usnco-local-exam.pdf,37,5,Oxidation - Reduction,Metal activity order,Oxidation - Reduction,,question content checked (2000-2015)
2010-usnco-local-exam.pdf,38,5,Oxidation - Reduction,Concentration and cell voltage,Oxidation - Reduction,,question content checked (2000-2015)
2010-usnco-local-exam.pdf,39,6,Oxidation - Reduction,Nitrate half-reaction electrons,Oxidation - Reduction,,question content checked (2000-2015)
2010-usnco-local-exam.pdf,40,6,Oxidation - Reduction,Oxidizing/reducing agents,Oxidation - Reduction,,question content checked (2000-2015)
2010-usnco-local-exam.pdf,41,6,Oxidation - Reduction,Standard cell potential,Oxidation - Reduction,,question content checked (2000-2015)
2010-usnco-local-exam.pdf,42,6,Oxidation - Reduction,Copper electrolysis mass,Oxidation - Reduction,,question content checked (2000-2015)
2010-usnco-local-exam.pdf,43,6,Atomic Structure/Periodicity,Visible light properties,Atomic Structure/Periodicity,,question content checked (2000-2015)
2010-usnco-local-exam.pdf,44,6,Atomic Structure/Periodicity,Rutherford nuclear model,Atomic Structure/Periodicity,,question content checked (2000-2015)
2010-usnco-local-exam.pdf,45,6,Atomic Structure/Periodicity,First ionization energy,Atomic Structure/Periodicity,,question content checked (2000-2015)
2010-usnco-local-exam.pdf,46,6,Atomic Structure/Periodicity,Atom/ion radii,Atomic Structure/Periodicity,,question content checked (2000-2015)
2010-usnco-local-exam.pdf,47,6,Atomic Structure/Periodicity,Cobalt ion unpaired electrons,Atomic Structure/Periodicity,,question content checked (2000-2015)
2010-usnco-local-exam.pdf,48,6,Atomic Structure/Periodicity,Periodic electrical conductivity,Atomic Structure/Periodicity,Conductivity also concerns metallic solids; elemental periodic behavior supports Atomic Structure/Periodicity.,question content checked (2000-2015)
2010-usnco-local-exam.pdf,49,6,Bonding/Molecular Structure,Peroxysulfate valence electrons,Bonding/Molecular Structure,,question content checked (2000-2015)
2010-usnco-local-exam.pdf,50,6,Bonding/Molecular Structure,Diatomic bond strength,Bonding/Molecular Structure,,question content checked (2000-2015)
2010-usnco-local-exam.pdf,51,6,Bonding/Molecular Structure,Nitrate bond angles,Bonding/Molecular Structure,,question content checked (2000-2015)
2010-usnco-local-exam.pdf,52,6,Bonding/Molecular Structure,Molecular dipole moment,Bonding/Molecular Structure,,question content checked (2000-2015)
2010-usnco-local-exam.pdf,53,6,Bonding/Molecular Structure,Hydrogen bonding and boiling,Bonding/Molecular Structure,,question content checked (2000-2015)
2010-usnco-local-exam.pdf,54,6,Bonding/Molecular Structure,Lattice energy,Bonding/Molecular Structure,,question content checked (2000-2015)
2010-usnco-local-exam.pdf,55,6,Organic/Biochemistry,IUPAC nomenclature,Organic/Biochemistry,,question content checked (2000-2015)
2010-usnco-local-exam.pdf,56,6,Organic/Biochemistry,Aldehyde isomers,Organic/Biochemistry,,question content checked (2000-2015)
2010-usnco-local-exam.pdf,57,7,Organic/Biochemistry,Bromine addition,Organic/Biochemistry,,question content checked (2000-2015)
2010-usnco-local-exam.pdf,58,7,Organic/Biochemistry,Esterification reactants,Organic/Biochemistry,,question content checked (2000-2015)
2010-usnco-local-exam.pdf,59,7,Organic/Biochemistry,Rubber crosslinking,Organic/Biochemistry,,question content checked (2000-2015)
2010-usnco-local-exam.pdf,60,7,Organic/Biochemistry,Fat saturation,Organic/Biochemistry,,question content checked (2000-2015)
2009-usnco-local-exam.pdf,1,3,Descriptive/Laboratory,Salt color,Descriptive/Laboratory,,question content checked (2000-2015)
2009-usnco-local-exam.pdf,2,3,Descriptive/Laboratory,Solution conductivity,Descriptive/Laboratory,,question content checked (2000-2015)
2009-usnco-local-exam.pdf,3,3,Descriptive/Laboratory,Liquid halogen,Descriptive/Laboratory,,question content checked (2000-2015)
2009-usnco-local-exam.pdf,4,3,Descriptive/Laboratory,Gas-producing reactions,Descriptive/Laboratory,,question content checked (2000-2015)
2009-usnco-local-exam.pdf,5,3,Descriptive/Laboratory,Pigment chromatography,Descriptive/Laboratory,,question content checked (2000-2015)
2009-usnco-local-exam.pdf,6,3,Descriptive/Laboratory,Titration experiment error,Descriptive/Laboratory,,question content checked (2000-2015)
2009-usnco-local-exam.pdf,7,3,Stoichiometry/Solutions,Atomic mass from atom mass,Stoichiometry/Solutions,,question content checked (2000-2015)
2009-usnco-local-exam.pdf,8,3,Stoichiometry/Solutions,Nitrogen mass percentage,Stoichiometry/Solutions,,question content checked (2000-2015)
2009-usnco-local-exam.pdf,9,3,Stoichiometry/Solutions,Propane combustion yield,Stoichiometry/Solutions,,question content checked (2000-2015)
2009-usnco-local-exam.pdf,10,3,Stoichiometry/Solutions,Copper oxide composition,Stoichiometry/Solutions,,question content checked (2000-2015)
2009-usnco-local-exam.pdf,11,3,Stoichiometry/Solutions,Hydrate hydroxide concentration,Stoichiometry/Solutions,,question content checked (2000-2015)
2009-usnco-local-exam.pdf,12,3,Stoichiometry/Solutions,Acid/base titration volume,Stoichiometry/Solutions,,question content checked (2000-2015)
2009-usnco-local-exam.pdf,13,3,States Of Matter,Boyle law,States Of Matter,,question content checked (2000-2015)
2009-usnco-local-exam.pdf,14,4,States Of Matter,Equal-volume gas molecule counts,States Of Matter,,question content checked (2000-2015)
2009-usnco-local-exam.pdf,15,4,States Of Matter,Sodium acetate solid type,States Of Matter,,question content checked (2000-2015)
2009-usnco-local-exam.pdf,16,4,States Of Matter,Alcohol vapor pressure,States Of Matter,,question content checked (2000-2015)
2009-usnco-local-exam.pdf,17,4,States Of Matter,Normal boiling point on phase diagram,States Of Matter,,question content checked (2000-2015)
2009-usnco-local-exam.pdf,18,4,States Of Matter,Chloromethane intermolecular forces,States Of Matter,,question content checked (2000-2015)
2009-usnco-local-exam.pdf,19,4,Thermodynamics,Metal/water heat balance,Thermodynamics,,question content checked (2000-2015)
2009-usnco-local-exam.pdf,20,4,Thermodynamics,Entropy increase,Thermodynamics,,question content checked (2000-2015)
2009-usnco-local-exam.pdf,21,4,Thermodynamics,Thermochemical equation relation,Thermodynamics,,question content checked (2000-2015)
2009-usnco-local-exam.pdf,22,4,Thermodynamics,Barium oxide formation enthalpy,Thermodynamics,,question content checked (2000-2015)
2009-usnco-local-exam.pdf,23,4,Thermodynamics,Positive enthalpy/free energy,Thermodynamics,,question content checked (2000-2015)
2009-usnco-local-exam.pdf,24,4,Thermodynamics,Dissolution enthalpy and entropy,Thermodynamics,,question content checked (2000-2015)
2009-usnco-local-exam.pdf,25,4,Kinetics,Relative rates from energy diagram,Kinetics,,question content checked (2000-2015)
2009-usnco-local-exam.pdf,26,4,Kinetics,Reaction-rate units,Kinetics,,question content checked (2000-2015)
2009-usnco-local-exam.pdf,27,5,Kinetics,Experimental rate law,Kinetics,,question content checked (2000-2015)
2009-usnco-local-exam.pdf,28,5,Kinetics,Temperature and reaction rate,Kinetics,,question content checked (2000-2015)
2009-usnco-local-exam.pdf,29,5,Kinetics,Rate-constant changes,Kinetics,,question content checked (2000-2015)
2009-usnco-local-exam.pdf,30,5,Kinetics,First-order half-life,Kinetics,,question content checked (2000-2015)
2009-usnco-local-exam.pdf,31,5,Equilibrium,Heterogeneous equilibrium expression,Equilibrium,,question content checked (2000-2015)
2009-usnco-local-exam.pdf,32,5,Equilibrium,Equilibrium perturbations,Equilibrium,,question content checked (2000-2015)
2009-usnco-local-exam.pdf,33,5,Equilibrium,Conjugate acid/base pairs,Equilibrium,,question content checked (2000-2015)
2009-usnco-local-exam.pdf,34,5,Equilibrium,Hydroxide concentration from pH,Equilibrium,,question content checked (2000-2015)
2009-usnco-local-exam.pdf,35,5,Equilibrium,Strong/weak acid titrations,Equilibrium,,question content checked (2000-2015)
2009-usnco-local-exam.pdf,36,5,Equilibrium,Solubility-product relation,Equilibrium,,question content checked (2000-2015)
2009-usnco-local-exam.pdf,37,5,Oxidation - Reduction,Reducing-only species,Oxidation - Reduction,,question content checked (2000-2015)
2009-usnco-local-exam.pdf,38,5,Oxidation - Reduction,Redox coefficient ratio,Oxidation - Reduction,,question content checked (2000-2015)
2009-usnco-local-exam.pdf,39,5,Oxidation - Reduction,Reduction-potential interpretation,Oxidation - Reduction,,question content checked (2000-2015)
2009-usnco-local-exam.pdf,40,6,Oxidation - Reduction,Standard cell potential,Oxidation - Reduction,,question content checked (2000-2015)
2009-usnco-local-exam.pdf,41,6,Oxidation - Reduction,Concentration and cell voltage,Oxidation - Reduction,,question content checked (2000-2015)
2009-usnco-local-exam.pdf,42,6,Oxidation - Reduction,Electrolysis deposition time,Oxidation - Reduction,,question content checked (2000-2015)
2009-usnco-local-exam.pdf,43,6,Atomic Structure/Periodicity,Radiation wavelength/frequency,Atomic Structure/Periodicity,,question content checked (2000-2015)
2009-usnco-local-exam.pdf,44,6,Atomic Structure/Periodicity,Hydrogen transition energy,Atomic Structure/Periodicity,,question content checked (2000-2015)
2009-usnco-local-exam.pdf,45,6,Atomic Structure/Periodicity,Excited-state configuration,Atomic Structure/Periodicity,,question content checked (2000-2015)
2009-usnco-local-exam.pdf,46,6,Atomic Structure/Periodicity,Transition-metal orbital quantum numbers,Atomic Structure/Periodicity,,question content checked (2000-2015)
2009-usnco-local-exam.pdf,47,6,Atomic Structure/Periodicity,Isoelectronic species,Atomic Structure/Periodicity,,question content checked (2000-2015)
2009-usnco-local-exam.pdf,48,6,Atomic Structure/Periodicity,Ion-radius ranking,Atomic Structure/Periodicity,,question content checked (2000-2015)
2009-usnco-local-exam.pdf,49,6,Bonding/Molecular Structure,Bond partial charge,Bonding/Molecular Structure,,question content checked (2000-2015)
2009-usnco-local-exam.pdf,50,6,Bonding/Molecular Structure,Carbon/carbon bond length,Bonding/Molecular Structure,,question content checked (2000-2015)
2009-usnco-local-exam.pdf,51,6,Bonding/Molecular Structure,Thiosulfate valence electrons,Bonding/Molecular Structure,,question content checked (2000-2015)
2009-usnco-local-exam.pdf,52,6,Bonding/Molecular Structure,Melting-point comparison,Bonding/Molecular Structure,Melting point also concerns states; comparison of bonding/structure supports the bonding group.,question content checked (2000-2015)
2009-usnco-local-exam.pdf,53,6,Bonding/Molecular Structure,Expanded electron-pair geometry,Bonding/Molecular Structure,,question content checked (2000-2015)
2009-usnco-local-exam.pdf,54,6,Bonding/Molecular Structure,Glycine hybridization,Bonding/Molecular Structure,,question content checked (2000-2015)
2009-usnco-local-exam.pdf,55,6,Organic/Biochemistry,Ketone functional group,Organic/Biochemistry,,question content checked (2000-2015)
2009-usnco-local-exam.pdf,56,6,Organic/Biochemistry,Carbohydrate nomenclature,Organic/Biochemistry,,question content checked (2000-2015)
2009-usnco-local-exam.pdf,57,6,Organic/Biochemistry,Organic molar-mass comparison,Organic/Biochemistry,,question content checked (2000-2015)
2009-usnco-local-exam.pdf,58,7,Organic/Biochemistry,Protein functional groups,Organic/Biochemistry,,question content checked (2000-2015)
2009-usnco-local-exam.pdf,59,7,Organic/Biochemistry,Organic acidity,Organic/Biochemistry,,question content checked (2000-2015)
2009-usnco-local-exam.pdf,60,7,Organic/Biochemistry,Ethanol oxidation,Organic/Biochemistry,,question content checked (2000-2015)
2008-usnco-local-exam.pdf,1,3,Descriptive/Laboratory,Liquid element,Descriptive/Laboratory,,question content checked (2000-2015)
2008-usnco-local-exam.pdf,2,3,Descriptive/Laboratory,Yellow precipitate,Descriptive/Laboratory,,question content checked (2000-2015)
2008-usnco-local-exam.pdf,3,3,Descriptive/Laboratory,Foil thickness measurement,Descriptive/Laboratory,,question content checked (2000-2015)
2008-usnco-local-exam.pdf,4,3,Descriptive/Laboratory,Laboratory apparatus identification,Descriptive/Laboratory,,question content checked (2000-2015)
2008-usnco-local-exam.pdf,5,3,Descriptive/Laboratory,Silicon solar cells,Descriptive/Laboratory,,question content checked (2000-2015)
2008-usnco-local-exam.pdf,6,3,Descriptive/Laboratory,Meniscus reading,Descriptive/Laboratory,,question content checked (2000-2015)
2008-usnco-local-exam.pdf,7,3,Stoichiometry/Solutions,Molecule count per gram,Stoichiometry/Solutions,,question content checked (2000-2015)
2008-usnco-local-exam.pdf,8,3,Stoichiometry/Solutions,Dissolved ion moles,Stoichiometry/Solutions,,question content checked (2000-2015)
2008-usnco-local-exam.pdf,9,3,Stoichiometry/Solutions,Chlorate oxygen yield,Stoichiometry/Solutions,,question content checked (2000-2015)
2008-usnco-local-exam.pdf,10,3,Stoichiometry/Solutions,Acid concentration after mixing,Stoichiometry/Solutions,,question content checked (2000-2015)
2008-usnco-local-exam.pdf,11,3,Stoichiometry/Solutions,Percent yield,Stoichiometry/Solutions,,question content checked (2000-2015)
2008-usnco-local-exam.pdf,12,3,Stoichiometry/Solutions,Colligative property,Stoichiometry/Solutions,,question content checked (2000-2015)
2008-usnco-local-exam.pdf,13,4,States Of Matter,Liquid properties,States Of Matter,,question content checked (2000-2015)
2008-usnco-local-exam.pdf,14,4,States Of Matter,External pressure and boiling,States Of Matter,,question content checked (2000-2015)
2008-usnco-local-exam.pdf,15,4,States Of Matter,Gas-mixture partial pressure,States Of Matter,,question content checked (2000-2015)
2008-usnco-local-exam.pdf,16,4,States Of Matter,Flexible-container gas cooling,States Of Matter,,question content checked (2000-2015)
2008-usnco-local-exam.pdf,17,4,States Of Matter,Intermolecular forces and vapor pressure,States Of Matter,,question content checked (2000-2015)
2008-usnco-local-exam.pdf,18,4,States Of Matter,Solid bonding from properties,States Of Matter,Inferring solid type from macroscopic solubility/conductivity also concerns bonding; retained in States Of Matter.,question content checked (2000-2015)
2008-usnco-local-exam.pdf,19,4,Thermodynamics,Exothermic reaction enthalpy,Thermodynamics,,question content checked (2000-2015)
2008-usnco-local-exam.pdf,20,4,Thermodynamics,Standard formation reaction,Thermodynamics,,question content checked (2000-2015)
2008-usnco-local-exam.pdf,21,4,Thermodynamics,Copper oxide enthalpy,Thermodynamics,,question content checked (2000-2015)
2008-usnco-local-exam.pdf,22,4,Thermodynamics,Entropy ranking,Thermodynamics,,question content checked (2000-2015)
2008-usnco-local-exam.pdf,23,4,Thermodynamics,Exothermic oxide formation,Thermodynamics,,question content checked (2000-2015)
2008-usnco-local-exam.pdf,24,4,Thermodynamics,Free-energy relation,Thermodynamics,,question content checked (2000-2015)
2008-usnco-local-exam.pdf,25,4,Kinetics,Instantaneous rate from graph,Kinetics,,question content checked (2000-2015)
2008-usnco-local-exam.pdf,26,5,Kinetics,Relative reaction rates,Kinetics,,question content checked (2000-2015)
2008-usnco-local-exam.pdf,27,5,Kinetics,Initial-rate reaction order,Kinetics,,question content checked (2000-2015)
2008-usnco-local-exam.pdf,28,5,Kinetics,First-order half-life,Kinetics,,question content checked (2000-2015)
2008-usnco-local-exam.pdf,29,5,Kinetics,Temperature and lightstick rate,Kinetics,,question content checked (2000-2015)
2008-usnco-local-exam.pdf,30,5,Kinetics,Rate-constant units,Kinetics,,question content checked (2000-2015)
2008-usnco-local-exam.pdf,31,5,Equilibrium,Equilibrium properties,Equilibrium,,question content checked (2000-2015)
2008-usnco-local-exam.pdf,32,5,Equilibrium,Volume and equilibrium shift,Equilibrium,,question content checked (2000-2015)
2008-usnco-local-exam.pdf,33,5,Equilibrium,Conjugate base,Equilibrium,,question content checked (2000-2015)
2008-usnco-local-exam.pdf,34,5,Equilibrium,Weak-acid pH,Equilibrium,,question content checked (2000-2015)
2008-usnco-local-exam.pdf,35,5,Equilibrium,Buffer mixtures,Equilibrium,,question content checked (2000-2015)
2008-usnco-local-exam.pdf,36,5,Equilibrium,Selective fluoride precipitation,Equilibrium,,question content checked (2000-2015)
2008-usnco-local-exam.pdf,37,5,Oxidation - Reduction,Sulfur average oxidation state,Oxidation - Reduction,,question content checked (2000-2015)
2008-usnco-local-exam.pdf,38,6,Oxidation - Reduction,Redox electron transfer,Oxidation - Reduction,,question content checked (2000-2015)
2008-usnco-local-exam.pdf,39,6,Oxidation - Reduction,Voltaic anode processes,Oxidation - Reduction,,question content checked (2000-2015)
2008-usnco-local-exam.pdf,40,6,Oxidation - Reduction,Ammonia oxidation balancing,Oxidation - Reduction,Equation balancing also concerns stoichiometry; retained with the ammonia oxidation/redox group.,question content checked (2000-2015)
2008-usnco-local-exam.pdf,41,6,Oxidation - Reduction,Standard cell potential,Oxidation - Reduction,,question content checked (2000-2015)
2008-usnco-local-exam.pdf,42,6,Oxidation - Reduction,Electrolysis current/time,Oxidation - Reduction,,question content checked (2000-2015)
2008-usnco-local-exam.pdf,43,6,Atomic Structure/Periodicity,Radiation frequency,Atomic Structure/Periodicity,,question content checked (2000-2015)
2008-usnco-local-exam.pdf,44,6,Atomic Structure/Periodicity,Orbital quantum numbers,Atomic Structure/Periodicity,,question content checked (2000-2015)
2008-usnco-local-exam.pdf,45,6,Atomic Structure/Periodicity,Cobalt electron configuration,Atomic Structure/Periodicity,,question content checked (2000-2015)
2008-usnco-local-exam.pdf,46,6,Atomic Structure/Periodicity,First ionization process,Atomic Structure/Periodicity,,question content checked (2000-2015)
2008-usnco-local-exam.pdf,47,6,Atomic Structure/Periodicity,Electronegativity trends,Atomic Structure/Periodicity,,question content checked (2000-2015)
2008-usnco-local-exam.pdf,48,6,Atomic Structure/Periodicity,Atomic-radius ranking,Atomic Structure/Periodicity,,question content checked (2000-2015)
2008-usnco-local-exam.pdf,49,6,Bonding/Molecular Structure,Thiosulfate valence electrons,Bonding/Molecular Structure,,question content checked (2000-2015)
2008-usnco-local-exam.pdf,50,6,Bonding/Molecular Structure,Electron-pair versus molecular geometry,Bonding/Molecular Structure,,question content checked (2000-2015)
2008-usnco-local-exam.pdf,51,6,Bonding/Molecular Structure,Molecular stability,Bonding/Molecular Structure,,question content checked (2000-2015)
2008-usnco-local-exam.pdf,52,6,Bonding/Molecular Structure,Bond-angle ranking,Bonding/Molecular Structure,,question content checked (2000-2015)
2008-usnco-local-exam.pdf,53,7,Bonding/Molecular Structure,Chlorine trifluoride shape,Bonding/Molecular Structure,,question content checked (2000-2015)
2008-usnco-local-exam.pdf,54,7,Bonding/Molecular Structure,Sodium halide lattice energy,Bonding/Molecular Structure,,question content checked (2000-2015)
2008-usnco-local-exam.pdf,55,7,Organic/Biochemistry,Ether sigma bonds,Organic/Biochemistry,,question content checked (2000-2015)
2008-usnco-local-exam.pdf,56,7,Organic/Biochemistry,Ethanol oxidation,Organic/Biochemistry,,question content checked (2000-2015)
2008-usnco-local-exam.pdf,57,7,Organic/Biochemistry,Pentane structural isomers,Organic/Biochemistry,,question content checked (2000-2015)
2008-usnco-local-exam.pdf,58,7,Organic/Biochemistry,Carbonyl functional groups,Organic/Biochemistry,,question content checked (2000-2015)
2008-usnco-local-exam.pdf,59,7,Organic/Biochemistry,Ethene hybridization,Organic/Biochemistry,,question content checked (2000-2015)
2008-usnco-local-exam.pdf,60,7,Organic/Biochemistry,Peptide bond,Organic/Biochemistry,,question content checked (2000-2015)
2007-usnco-local-exam.pdf,1,3,Descriptive/Laboratory,Salt solubility,Descriptive/Laboratory,,question content checked (2000-2015)
2007-usnco-local-exam.pdf,2,3,Descriptive/Laboratory,Titration sampling apparatus,Descriptive/Laboratory,,question content checked (2000-2015)
2007-usnco-local-exam.pdf,3,3,Descriptive/Laboratory,Ammonia preparation,Descriptive/Laboratory,,question content checked (2000-2015)
2007-usnco-local-exam.pdf,4,3,Descriptive/Laboratory,Significant figures in cryoscopy,Descriptive/Laboratory,"Cryoscopy supplies experimental data, but the requested result is the number of significant figures.",question content checked (2000-2015)
2007-usnco-local-exam.pdf,5,3,Descriptive/Laboratory,Solution color,Descriptive/Laboratory,,question content checked (2000-2015)
2007-usnco-local-exam.pdf,6,3,Descriptive/Laboratory,Acid spill response,Descriptive/Laboratory,,question content checked (2000-2015)
2007-usnco-local-exam.pdf,7,3,Stoichiometry/Solutions,Solute/solvent molecular ratio,Stoichiometry/Solutions,,question content checked (2000-2015)
2007-usnco-local-exam.pdf,8,3,Stoichiometry/Solutions,Formula mass from composition,Stoichiometry/Solutions,,question content checked (2000-2015)
2007-usnco-local-exam.pdf,9,3,Stoichiometry/Solutions,Nitrate concentration on mixing,Stoichiometry/Solutions,,question content checked (2000-2015)
2007-usnco-local-exam.pdf,10,3,Stoichiometry/Solutions,Limiting-reactant ammonia yield,Stoichiometry/Solutions,,question content checked (2000-2015)
2007-usnco-local-exam.pdf,11,4,Stoichiometry/Solutions,Electrolysis electron stoichiometry,Stoichiometry/Solutions,Electrolysis provides electrons; the requested result is mole stoichiometry of hydrogen from a specified electron count.,question content checked (2000-2015)
2007-usnco-local-exam.pdf,12,4,Stoichiometry/Solutions,Solution cooling curve,Stoichiometry/Solutions,,question content checked (2000-2015)
2007-usnco-local-exam.pdf,13,4,States Of Matter,Ionic solid properties,States Of Matter,,question content checked (2000-2015)
2007-usnco-local-exam.pdf,14,4,States Of Matter,Noble gas effusion,States Of Matter,,question content checked (2000-2015)
2007-usnco-local-exam.pdf,15,4,States Of Matter,Phase-transition enthalpy ordering,States Of Matter,Phase-transition enthalpies overlap thermodynamics; retained with states/phase questions.,question content checked (2000-2015)
2007-usnco-local-exam.pdf,16,4,States Of Matter,Hydrogen-bond diagram,States Of Matter,,question content checked (2000-2015)
2007-usnco-local-exam.pdf,17,4,States Of Matter,Constant-volume gas pressure,States Of Matter,,question content checked (2000-2015)
2007-usnco-local-exam.pdf,18,4,States Of Matter,Intermolecular forces and liquid properties,States Of Matter,,question content checked (2000-2015)
2007-usnco-local-exam.pdf,19,4,Thermodynamics,Ammonia decomposition enthalpy,Thermodynamics,,question content checked (2000-2015)
2007-usnco-local-exam.pdf,20,4,Thermodynamics,Mercury heat capacity,Thermodynamics,,question content checked (2000-2015)
2007-usnco-local-exam.pdf,21,4,Thermodynamics,Exothermic processes,Thermodynamics,,question content checked (2000-2015)
2007-usnco-local-exam.pdf,22,4,Thermodynamics,Standard molar entropy,Thermodynamics,,question content checked (2000-2015)
2007-usnco-local-exam.pdf,23,4,Thermodynamics,Spontaneous-system free energy,Thermodynamics,,question content checked (2000-2015)
2007-usnco-local-exam.pdf,24,5,Thermodynamics,Bicarbonate decomposition enthalpy,Thermodynamics,,question content checked (2000-2015)
2007-usnco-local-exam.pdf,25,5,Kinetics,Reaction gas-volume/time graph,Kinetics,,question content checked (2000-2015)
2007-usnco-local-exam.pdf,26,5,Kinetics,Relative disappearance rates,Kinetics,,question content checked (2000-2015)
2007-usnco-local-exam.pdf,27,5,Kinetics,Second-order rate units,Kinetics,,question content checked (2000-2015)
2007-usnco-local-exam.pdf,28,5,Kinetics,First-order particle decay,Kinetics,,question content checked (2000-2015)
2007-usnco-local-exam.pdf,29,5,Kinetics,Catalyst action,Kinetics,,question content checked (2000-2015)
2007-usnco-local-exam.pdf,30,5,Kinetics,Rate law interpretation,Kinetics,,question content checked (2000-2015)
2007-usnco-local-exam.pdf,31,5,Equilibrium,Volume and equilibrium shift,Equilibrium,,question content checked (2000-2015)
2007-usnco-local-exam.pdf,32,6,Equilibrium,Weakest acid,Equilibrium,,question content checked (2000-2015)
2007-usnco-local-exam.pdf,33,6,Equilibrium,Water autoionization pH,Equilibrium,,question content checked (2000-2015)
2007-usnco-local-exam.pdf,34,6,Equilibrium,Weak-acid pH ranking,Equilibrium,,question content checked (2000-2015)
2007-usnco-local-exam.pdf,35,6,Equilibrium,Buffer dilution,Equilibrium,,question content checked (2000-2015)
2007-usnco-local-exam.pdf,36,6,Equilibrium,Lead iodide solubility product,Equilibrium,,question content checked (2000-2015)
2007-usnco-local-exam.pdf,37,6,Oxidation - Reduction,Oxidation/reduction in permanganate reaction,Oxidation - Reduction,,question content checked (2000-2015)
2007-usnco-local-exam.pdf,38,6,Oxidation - Reduction,Oxidizing-only species,Oxidation - Reduction,,question content checked (2000-2015)
2007-usnco-local-exam.pdf,39,6,Oxidation - Reduction,Titanium oxidation number,Oxidation - Reduction,,question content checked (2000-2015)
2007-usnco-local-exam.pdf,40,6,Oxidation - Reduction,Standard cell potential,Oxidation - Reduction,,question content checked (2000-2015)
2007-usnco-local-exam.pdf,41,6,Oxidation - Reduction,Oxidizing-agent comparison,Oxidation - Reduction,,question content checked (2000-2015)
2007-usnco-local-exam.pdf,42,6,Oxidation - Reduction,Electrolysis deposition factors,Oxidation - Reduction,,question content checked (2000-2015)
2007-usnco-local-exam.pdf,43,6,Atomic Structure/Periodicity,Phosphorus p electrons,Atomic Structure/Periodicity,,question content checked (2000-2015)
2007-usnco-local-exam.pdf,44,6,Atomic Structure/Periodicity,Atomic radius,Atomic Structure/Periodicity,,question content checked (2000-2015)
2007-usnco-local-exam.pdf,45,6,Atomic Structure/Periodicity,Metalloids,Atomic Structure/Periodicity,,question content checked (2000-2015)
2007-usnco-local-exam.pdf,46,6,Atomic Structure/Periodicity,Equal-neutron nuclei,Atomic Structure/Periodicity,,question content checked (2000-2015)
2007-usnco-local-exam.pdf,47,6,Atomic Structure/Periodicity,Visible light wavelength,Atomic Structure/Periodicity,,question content checked (2000-2015)
2007-usnco-local-exam.pdf,48,6,Atomic Structure/Periodicity,Iron ion configuration,Atomic Structure/Periodicity,,question content checked (2000-2015)
2007-usnco-local-exam.pdf,49,7,Bonding/Molecular Structure,Lone pairs,Bonding/Molecular Structure,,question content checked (2000-2015)
2007-usnco-local-exam.pdf,50,7,Bonding/Molecular Structure,Ionic and covalent bonds,Bonding/Molecular Structure,,question content checked (2000-2015)
2007-usnco-local-exam.pdf,51,7,Bonding/Molecular Structure,Bond dissociation energy,Bonding/Molecular Structure,,question content checked (2000-2015)
2007-usnco-local-exam.pdf,52,7,Bonding/Molecular Structure,Nitrite bond angle,Bonding/Molecular Structure,,question content checked (2000-2015)
2007-usnco-local-exam.pdf,53,7,Bonding/Molecular Structure,Lewis resonance,Bonding/Molecular Structure,,question content checked (2000-2015)
2007-usnco-local-exam.pdf,54,7,Bonding/Molecular Structure,Tetrafluoroborate geometry,Bonding/Molecular Structure,,question content checked (2000-2015)
2007-usnco-local-exam.pdf,55,7,Organic/Biochemistry,Alkane molecular formula,Organic/Biochemistry,,question content checked (2000-2015)
2007-usnco-local-exam.pdf,56,7,Organic/Biochemistry,Oxygen-containing structural isomers,Organic/Biochemistry,,question content checked (2000-2015)
2007-usnco-local-exam.pdf,57,7,Organic/Biochemistry,Functional-group elements,Organic/Biochemistry,,question content checked (2000-2015)
2007-usnco-local-exam.pdf,58,7,Organic/Biochemistry,Butyne pi bonds,Organic/Biochemistry,,question content checked (2000-2015)
2007-usnco-local-exam.pdf,59,7,Organic/Biochemistry,Addition polymers,Organic/Biochemistry,,question content checked (2000-2015)
2007-usnco-local-exam.pdf,60,7,Organic/Biochemistry,Glucose fermentation coefficients,Organic/Biochemistry,Equation balancing overlaps stoichiometry; retained with glucose fermentation/biochemistry.,question content checked (2000-2015)
2006-usnco-local-exam.pdf,1,3,Descriptive/Laboratory,Gas collection over water,Descriptive/Laboratory,,question content checked (2000-2015)
2006-usnco-local-exam.pdf,2,3,Descriptive/Laboratory,Volume measurement apparatus,Descriptive/Laboratory,,question content checked (2000-2015)
2006-usnco-local-exam.pdf,3,3,Descriptive/Laboratory,Sulfuric acid dehydration,Descriptive/Laboratory,,question content checked (2000-2015)
2006-usnco-local-exam.pdf,4,3,Descriptive/Laboratory,Aqua regia composition,Descriptive/Laboratory,,question content checked (2000-2015)
2006-usnco-local-exam.pdf,5,3,Descriptive/Laboratory,Crystallization from solubility graph,Descriptive/Laboratory,A laboratory solubility graph is used to predict crystallization; retained with descriptive/laboratory questions.,question content checked (2000-2015)
2006-usnco-local-exam.pdf,6,3,Descriptive/Laboratory,Hydrate experiment error,Descriptive/Laboratory,,question content checked (2000-2015)
2006-usnco-local-exam.pdf,7,3,Stoichiometry/Solutions,Net ionic precipitation equation,Stoichiometry/Solutions,The net ionic equation also concerns descriptive chemistry; charge/formula balance supports the stoichiometry group.,question content checked (2000-2015)
2006-usnco-local-exam.pdf,8,3,Stoichiometry/Solutions,Magnetite ion ratio,Stoichiometry/Solutions,,question content checked (2000-2015)
2006-usnco-local-exam.pdf,9,3,Stoichiometry/Solutions,Combustion product mass,Stoichiometry/Solutions,,question content checked (2000-2015)
2006-usnco-local-exam.pdf,10,3,Stoichiometry/Solutions,Sulfuric acid dilution,Stoichiometry/Solutions,,question content checked (2000-2015)
2006-usnco-local-exam.pdf,11,3,Stoichiometry/Solutions,Gravimetric bromide percentage,Stoichiometry/Solutions,,question content checked (2000-2015)
2006-usnco-local-exam.pdf,12,4,Stoichiometry/Solutions,Gas solubility conditions,Stoichiometry/Solutions,Gas dissolution also concerns states; retained as a solution-solubility question.,question content checked (2000-2015)
2006-usnco-local-exam.pdf,13,4,States Of Matter,Intermolecular hydrogen bonds,States Of Matter,,question content checked (2000-2015)
2006-usnco-local-exam.pdf,14,4,States Of Matter,Gas molar mass,States Of Matter,,question content checked (2000-2015)
2006-usnco-local-exam.pdf,15,4,States Of Matter,Phase change versus bond breaking,States Of Matter,,question content checked (2000-2015)
2006-usnco-local-exam.pdf,16,4,States Of Matter,Particle-level melting,States Of Matter,,question content checked (2000-2015)
2006-usnco-local-exam.pdf,17,4,States Of Matter,Boiling-point ranking,States Of Matter,,question content checked (2000-2015)
2006-usnco-local-exam.pdf,18,4,States Of Matter,Phase diagram interpretation,States Of Matter,,question content checked (2000-2015)
2006-usnco-local-exam.pdf,19,4,Thermodynamics,Pressure and state functions,Thermodynamics,,question content checked (2000-2015)
2006-usnco-local-exam.pdf,20,4,Thermodynamics,Entropy change,Thermodynamics,,question content checked (2000-2015)
2006-usnco-local-exam.pdf,21,4,Thermodynamics,Hess law,Thermodynamics,,question content checked (2000-2015)
2006-usnco-local-exam.pdf,22,4,Thermodynamics,Hydrazine bond-energy enthalpy,Thermodynamics,,question content checked (2000-2015)
2006-usnco-local-exam.pdf,23,4,Thermodynamics,Ice/water calorimetry,Thermodynamics,,question content checked (2000-2015)
2006-usnco-local-exam.pdf,24,5,Thermodynamics,Spontaneity at all temperatures,Thermodynamics,,question content checked (2000-2015)
2006-usnco-local-exam.pdf,25,5,Kinetics,Solid/acid reaction-rate changes,Kinetics,,question content checked (2000-2015)
2006-usnco-local-exam.pdf,26,5,Kinetics,Relative formation rates,Kinetics,,question content checked (2000-2015)
2006-usnco-local-exam.pdf,27,5,Kinetics,Experimental rate law,Kinetics,,question content checked (2000-2015)
2006-usnco-local-exam.pdf,28,5,Kinetics,Reverse activation energy,Kinetics,,question content checked (2000-2015)
2006-usnco-local-exam.pdf,29,5,Kinetics,Rate-constant units,Kinetics,,question content checked (2000-2015)
2006-usnco-local-exam.pdf,30,5,Kinetics,Haber catalyst,Kinetics,,question content checked (2000-2015)
2006-usnco-local-exam.pdf,31,5,Equilibrium,Equilibrium expression,Equilibrium,,question content checked (2000-2015)
2006-usnco-local-exam.pdf,32,5,Equilibrium,Endothermic equilibrium shift,Equilibrium,,question content checked (2000-2015)
2006-usnco-local-exam.pdf,33,5,Equilibrium,Conjugate-base strength,Equilibrium,,question content checked (2000-2015)
2006-usnco-local-exam.pdf,34,5,Equilibrium,Buffer pH,Equilibrium,,question content checked (2000-2015)
2006-usnco-local-exam.pdf,35,5,Equilibrium,Acidic salt solution,Equilibrium,,question content checked (2000-2015)
2006-usnco-local-exam.pdf,36,6,Equilibrium,Common-ion solubility,Equilibrium,,question content checked (2000-2015)
2006-usnco-local-exam.pdf,37,6,Oxidation - Reduction,Recognizing oxidation,Oxidation - Reduction,,question content checked (2000-2015)
2006-usnco-local-exam.pdf,38,6,Oxidation - Reduction,Molybdenum oxidation number,Oxidation - Reduction,,question content checked (2000-2015)
2006-usnco-local-exam.pdf,39,6,Oxidation - Reduction,Half-reaction balancing,Oxidation - Reduction,,question content checked (2000-2015)
2006-usnco-local-exam.pdf,40,6,Oxidation - Reduction,Standard cell potential,Oxidation - Reduction,,question content checked (2000-2015)
2006-usnco-local-exam.pdf,41,6,Oxidation - Reduction,Cell potential and free energy,Oxidation - Reduction,,question content checked (2000-2015)
2006-usnco-local-exam.pdf,42,6,Oxidation - Reduction,Aqueous electrolysis anode,Oxidation - Reduction,,question content checked (2000-2015)
2006-usnco-local-exam.pdf,43,6,Atomic Structure/Periodicity,Periodic metal reactivity,Atomic Structure/Periodicity,,question content checked (2000-2015)
2006-usnco-local-exam.pdf,44,6,Atomic Structure/Periodicity,First ionization energy,Atomic Structure/Periodicity,,question content checked (2000-2015)
2006-usnco-local-exam.pdf,45,6,Atomic Structure/Periodicity,Allowed quantum levels,Atomic Structure/Periodicity,,question content checked (2000-2015)
2006-usnco-local-exam.pdf,46,6,Atomic Structure/Periodicity,Occupied sulfur orbitals,Atomic Structure/Periodicity,,question content checked (2000-2015)
2006-usnco-local-exam.pdf,47,6,Atomic Structure/Periodicity,Quantum numbers and orbital shape,Atomic Structure/Periodicity,,question content checked (2000-2015)
2006-usnco-local-exam.pdf,48,6,Atomic Structure/Periodicity,Lanthanides,Atomic Structure/Periodicity,,question content checked (2000-2015)
2006-usnco-local-exam.pdf,49,6,Bonding/Molecular Structure,Lattice energy,Bonding/Molecular Structure,,question content checked (2000-2015)
2006-usnco-local-exam.pdf,50,6,Bonding/Molecular Structure,Octet-rule exceptions,Bonding/Molecular Structure,,question content checked (2000-2015)
2006-usnco-local-exam.pdf,51,6,Bonding/Molecular Structure,Carbon/nitrogen bond length,Bonding/Molecular Structure,,question content checked (2000-2015)
2006-usnco-local-exam.pdf,52,6,Bonding/Molecular Structure,Resonance and bond length,Bonding/Molecular Structure,,question content checked (2000-2015)
2006-usnco-local-exam.pdf,53,6,Bonding/Molecular Structure,Carbon hybridization,Bonding/Molecular Structure,,question content checked (2000-2015)
2006-usnco-local-exam.pdf,54,7,Bonding/Molecular Structure,Molecular polarity,Bonding/Molecular Structure,,question content checked (2000-2015)
2006-usnco-local-exam.pdf,55,7,Organic/Biochemistry,Aromatic compound,Organic/Biochemistry,,question content checked (2000-2015)
2006-usnco-local-exam.pdf,56,7,Organic/Biochemistry,Geometric isomers,Organic/Biochemistry,,question content checked (2000-2015)
2006-usnco-local-exam.pdf,57,7,Organic/Biochemistry,Ethanol oxidation,Organic/Biochemistry,,question content checked (2000-2015)
2006-usnco-local-exam.pdf,58,7,Organic/Biochemistry,Sugar hydroxyl groups,Organic/Biochemistry,,question content checked (2000-2015)
2006-usnco-local-exam.pdf,59,7,Organic/Biochemistry,Ester flavoring agents,Organic/Biochemistry,,question content checked (2000-2015)
2006-usnco-local-exam.pdf,60,7,Organic/Biochemistry,Amino acid elements,Organic/Biochemistry,,question content checked (2000-2015)
2005-usnco-local-exam.pdf,1,3,Descriptive/Laboratory,Acid/solid gas identification,Descriptive/Laboratory,,question content checked (2000-2015)
2005-usnco-local-exam.pdf,2,3,Descriptive/Laboratory,Heating iodine,Descriptive/Laboratory,,question content checked (2000-2015)
2005-usnco-local-exam.pdf,3,3,Descriptive/Laboratory,Mixed melting-point test,Descriptive/Laboratory,Melting-point depression is used as a laboratory mixed-melting-point/purity test.,question content checked (2000-2015)
2005-usnco-local-exam.pdf,4,3,Descriptive/Laboratory,Mercury barometer,Descriptive/Laboratory,,question content checked (2000-2015)
2005-usnco-local-exam.pdf,5,3,Descriptive/Laboratory,Chloride salt identification,Descriptive/Laboratory,,question content checked (2000-2015)
2005-usnco-local-exam.pdf,6,3,Descriptive/Laboratory,Safe test-tube heating,Descriptive/Laboratory,,question content checked (2000-2015)
2005-usnco-local-exam.pdf,7,3,Stoichiometry/Solutions,Single-molecule mass,Stoichiometry/Solutions,,question content checked (2000-2015)
2005-usnco-local-exam.pdf,8,3,Stoichiometry/Solutions,Limiting-reactant particle diagram,Stoichiometry/Solutions,,question content checked (2000-2015)
2005-usnco-local-exam.pdf,9,3,Stoichiometry/Solutions,Mineral sulfide percentage,Stoichiometry/Solutions,,question content checked (2000-2015)
2005-usnco-local-exam.pdf,10,4,Stoichiometry/Solutions,Isotope abundance,Stoichiometry/Solutions,Isotope masses provide the data; the requested result is a composition/abundance calculation.,question content checked (2000-2015)
2005-usnco-local-exam.pdf,11,4,Stoichiometry/Solutions,Limiting-reactant mass yield,Stoichiometry/Solutions,,question content checked (2000-2015)
2005-usnco-local-exam.pdf,12,4,Stoichiometry/Solutions,Neutralization volume,Stoichiometry/Solutions,,question content checked (2000-2015)
2005-usnco-local-exam.pdf,13,4,States Of Matter,Gas molecular speeds,States Of Matter,,question content checked (2000-2015)
2005-usnco-local-exam.pdf,14,4,States Of Matter,Gas molar mass,States Of Matter,,question content checked (2000-2015)
2005-usnco-local-exam.pdf,15,4,States Of Matter,Wet-gas partial pressure,States Of Matter,,question content checked (2000-2015)
2005-usnco-local-exam.pdf,16,4,States Of Matter,Network solid identification,States Of Matter,,question content checked (2000-2015)
2005-usnco-local-exam.pdf,17,4,States Of Matter,Temperature and liquid properties,States Of Matter,,question content checked (2000-2015)
2005-usnco-local-exam.pdf,18,4,States Of Matter,Phase diagram interpretation,States Of Matter,,question content checked (2000-2015)
2005-usnco-local-exam.pdf,19,4,Thermodynamics,Standard formation reaction,Thermodynamics,,question content checked (2000-2015)
2005-usnco-local-exam.pdf,20,4,Thermodynamics,Combustion enthalpy and water phase,Thermodynamics,,question content checked (2000-2015)
2005-usnco-local-exam.pdf,21,4,Thermodynamics,Gold/water heat balance,Thermodynamics,,question content checked (2000-2015)
2005-usnco-local-exam.pdf,22,4,Thermodynamics,Hydrogen combustion heat,Thermodynamics,,question content checked (2000-2015)
2005-usnco-local-exam.pdf,23,5,Thermodynamics,Entropy increase,Thermodynamics,,question content checked (2000-2015)
2005-usnco-local-exam.pdf,24,5,Thermodynamics,Hydrazine reaction spontaneity,Thermodynamics,,question content checked (2000-2015)
2005-usnco-local-exam.pdf,25,5,Kinetics,Reaction-rate factors,Kinetics,,question content checked (2000-2015)
2005-usnco-local-exam.pdf,26,5,Kinetics,Relative formation rates,Kinetics,,question content checked (2000-2015)
2005-usnco-local-exam.pdf,27,5,Kinetics,Second-order rate units,Kinetics,,question content checked (2000-2015)
2005-usnco-local-exam.pdf,28,5,Kinetics,Experimental rate law,Kinetics,,question content checked (2000-2015)
2005-usnco-local-exam.pdf,29,5,Kinetics,Catalyst action,Kinetics,,question content checked (2000-2015)
2005-usnco-local-exam.pdf,30,5,Kinetics,Activation energy measurement,Kinetics,,question content checked (2000-2015)
2005-usnco-local-exam.pdf,31,5,Equilibrium,Sulfur trioxide equilibrium shift,Equilibrium,,question content checked (2000-2015)
2005-usnco-local-exam.pdf,32,5,Equilibrium,Heterogeneous equilibrium expression,Equilibrium,,question content checked (2000-2015)
2005-usnco-local-exam.pdf,33,5,Equilibrium,Strong-acid pH,Equilibrium,,question content checked (2000-2015)
2005-usnco-local-exam.pdf,34,5,Equilibrium,Weak-acid concentration,Equilibrium,,question content checked (2000-2015)
2005-usnco-local-exam.pdf,35,5,Equilibrium,Buffer hydrogen concentration,Equilibrium,,question content checked (2000-2015)
2005-usnco-local-exam.pdf,36,6,Equilibrium,Solubility ranking,Equilibrium,,question content checked (2000-2015)
2005-usnco-local-exam.pdf,37,6,Oxidation - Reduction,Recognizing oxidation,Oxidation - Reduction,,question content checked (2000-2015)
2005-usnco-local-exam.pdf,38,6,Oxidation - Reduction,Reducing agent,Oxidation - Reduction,,question content checked (2000-2015)
2005-usnco-local-exam.pdf,39,6,Oxidation - Reduction,Redox coefficient ratio,Oxidation - Reduction,,question content checked (2000-2015)
2005-usnco-local-exam.pdf,40,6,Oxidation - Reduction,Standard cell potential,Oxidation - Reduction,,question content checked (2000-2015)
2005-usnco-local-exam.pdf,41,6,Oxidation - Reduction,Spontaneous redox reactions,Oxidation - Reduction,,question content checked (2000-2015)
2005-usnco-local-exam.pdf,42,6,Oxidation - Reduction,Series electrolysis masses,Oxidation - Reduction,,question content checked (2000-2015)
2005-usnco-local-exam.pdf,43,6,Atomic Structure/Periodicity,Allowed quantum numbers,Atomic Structure/Periodicity,,question content checked (2000-2015)
2005-usnco-local-exam.pdf,44,6,Atomic Structure/Periodicity,Iron unpaired electrons,Atomic Structure/Periodicity,,question content checked (2000-2015)
2005-usnco-local-exam.pdf,45,6,Atomic Structure/Periodicity,Atomic electron evidence,Atomic Structure/Periodicity,,question content checked (2000-2015)
2005-usnco-local-exam.pdf,46,6,Atomic Structure/Periodicity,Atom/ion radius,Atomic Structure/Periodicity,,question content checked (2000-2015)
2005-usnco-local-exam.pdf,47,6,Atomic Structure/Periodicity,Atomic-radius ranking,Atomic Structure/Periodicity,,question content checked (2000-2015)
2005-usnco-local-exam.pdf,48,6,Atomic Structure/Periodicity,Radioactive decay daughter,Atomic Structure/Periodicity,,question content checked (2000-2015)
2005-usnco-local-exam.pdf,49,6,Bonding/Molecular Structure,Octet-rule exceptions,Bonding/Molecular Structure,,question content checked (2000-2015)
2005-usnco-local-exam.pdf,50,7,Bonding/Molecular Structure,Molecular polarity,Bonding/Molecular Structure,,question content checked (2000-2015)
2005-usnco-local-exam.pdf,51,7,Bonding/Molecular Structure,Nitrite resonance,Bonding/Molecular Structure,,question content checked (2000-2015)
2005-usnco-local-exam.pdf,52,7,Bonding/Molecular Structure,Carbon disulfide Lewis structure,Bonding/Molecular Structure,,question content checked (2000-2015)
2005-usnco-local-exam.pdf,53,7,Bonding/Molecular Structure,Diatomic bond strength,Bonding/Molecular Structure,,question content checked (2000-2015)
2005-usnco-local-exam.pdf,54,7,Bonding/Molecular Structure,Sigma/pi bond count,Bonding/Molecular Structure,,question content checked (2000-2015)
2005-usnco-local-exam.pdf,55,7,Organic/Biochemistry,Butanol isomer,Organic/Biochemistry,,question content checked (2000-2015)
2005-usnco-local-exam.pdf,56,7,Organic/Biochemistry,Aldehyde functional group,Organic/Biochemistry,,question content checked (2000-2015)
2005-usnco-local-exam.pdf,57,7,Organic/Biochemistry,Dibromobenzene isomers,Organic/Biochemistry,,question content checked (2000-2015)
2005-usnco-local-exam.pdf,58,7,Organic/Biochemistry,Organic nomenclature,Organic/Biochemistry,,question content checked (2000-2015)
2005-usnco-local-exam.pdf,59,7,Organic/Biochemistry,Carbon hybridization,Organic/Biochemistry,,question content checked (2000-2015)
2005-usnco-local-exam.pdf,60,7,Organic/Biochemistry,Protein denaturation,Organic/Biochemistry,,question content checked (2000-2015)
2004-usnco-local-exam.pdf,1,3,Descriptive/Laboratory,Gaseous element,Descriptive/Laboratory,,question content checked (2000-2015)
2004-usnco-local-exam.pdf,2,3,Descriptive/Laboratory,Vehicle combustion pollutants,Descriptive/Laboratory,,question content checked (2000-2015)
2004-usnco-local-exam.pdf,3,3,Descriptive/Laboratory,Element conductivity,Descriptive/Laboratory,,question content checked (2000-2015)
2004-usnco-local-exam.pdf,4,3,Descriptive/Laboratory,Safe acid dilution,Descriptive/Laboratory,,question content checked (2000-2015)
2004-usnco-local-exam.pdf,5,3,Descriptive/Laboratory,Bunsen burner flame,Descriptive/Laboratory,,question content checked (2000-2015)
2004-usnco-local-exam.pdf,6,3,Descriptive/Laboratory,Safe odor testing,Descriptive/Laboratory,,question content checked (2000-2015)
2004-usnco-local-exam.pdf,7,3,Stoichiometry/Solutions,Empirical versus molecular formula,Stoichiometry/Solutions,,question content checked (2000-2015)
2004-usnco-local-exam.pdf,8,3,Stoichiometry/Solutions,Density and liquid volume,Stoichiometry/Solutions,,question content checked (2000-2015)
2004-usnco-local-exam.pdf,9,3,Stoichiometry/Solutions,Hydrate molecule count,Stoichiometry/Solutions,,question content checked (2000-2015)
2004-usnco-local-exam.pdf,10,3,Stoichiometry/Solutions,Acetylene combustion ratio,Stoichiometry/Solutions,,question content checked (2000-2015)
2004-usnco-local-exam.pdf,11,3,Stoichiometry/Solutions,Antacid neutralization,Stoichiometry/Solutions,,question content checked (2000-2015)
2004-usnco-local-exam.pdf,12,4,Stoichiometry/Solutions,Acid/base titration,Stoichiometry/Solutions,,question content checked (2000-2015)
2004-usnco-local-exam.pdf,13,4,States Of Matter,Gas molar mass from density,States Of Matter,,question content checked (2000-2015)
2004-usnco-local-exam.pdf,14,4,States Of Matter,Equal gas diffusion rates,States Of Matter,,question content checked (2000-2015)
2004-usnco-local-exam.pdf,15,4,States Of Matter,Phase diagram state,States Of Matter,,question content checked (2000-2015)
2004-usnco-local-exam.pdf,16,4,States Of Matter,Gas condensation conditions,States Of Matter,,question content checked (2000-2015)
2004-usnco-local-exam.pdf,17,4,States Of Matter,Liquid vapor-pressure ranking,States Of Matter,,question content checked (2000-2015)
2004-usnco-local-exam.pdf,18,4,States Of Matter,Oxide melting-point ranking,States Of Matter,,question content checked (2000-2015)
2004-usnco-local-exam.pdf,19,4,Thermodynamics,Standard formation reaction,Thermodynamics,,question content checked (2000-2015)
2004-usnco-local-exam.pdf,20,4,Thermodynamics,Endothermic reaction properties,Thermodynamics,,question content checked (2000-2015)
2004-usnco-local-exam.pdf,21,4,Thermodynamics,Bomb calorimeter constraint,Thermodynamics,,question content checked (2000-2015)
2004-usnco-local-exam.pdf,22,4,Thermodynamics,Reaction enthalpy from formation data,Thermodynamics,,question content checked (2000-2015)
2004-usnco-local-exam.pdf,23,4,Thermodynamics,Ice/water heat balance,Thermodynamics,,question content checked (2000-2015)
2004-usnco-local-exam.pdf,24,4,Thermodynamics,Entropy increase,Thermodynamics,,question content checked (2000-2015)
2004-usnco-local-exam.pdf,25,4,Kinetics,Experimental reaction orders,Kinetics,,question content checked (2000-2015)
2004-usnco-local-exam.pdf,26,5,Kinetics,Rate-constant units,Kinetics,,question content checked (2000-2015)
2004-usnco-local-exam.pdf,27,5,Kinetics,Rate-law concentration effects,Kinetics,,question content checked (2000-2015)
2004-usnco-local-exam.pdf,28,5,Kinetics,First-order invariant property,Kinetics,,question content checked (2000-2015)
2004-usnco-local-exam.pdf,29,5,Kinetics,Temperature effect on rates,Kinetics,,question content checked (2000-2015)
2004-usnco-local-exam.pdf,30,5,Kinetics,Catalyst energy diagram,Kinetics,,question content checked (2000-2015)
2004-usnco-local-exam.pdf,31,5,Equilibrium,Equilibrium properties,Equilibrium,,question content checked (2000-2015)
2004-usnco-local-exam.pdf,32,5,Equilibrium,Heterogeneous equilibrium expression,Equilibrium,,question content checked (2000-2015)
2004-usnco-local-exam.pdf,33,5,Equilibrium,Conjugate-base constant,Equilibrium,,question content checked (2000-2015)
2004-usnco-local-exam.pdf,34,5,Equilibrium,Buffer response to strong base,Equilibrium,,question content checked (2000-2015)
2004-usnco-local-exam.pdf,35,5,Equilibrium,Weak-base titration indicator,Equilibrium,,question content checked (2000-2015)
2004-usnco-local-exam.pdf,36,5,Equilibrium,AgCl solubility product,Equilibrium,,question content checked (2000-2015)
2004-usnco-local-exam.pdf,37,5,Oxidation - Reduction,Oxidation number,Oxidation - Reduction,,question content checked (2000-2015)
2004-usnco-local-exam.pdf,38,5,Oxidation - Reduction,Recognizing oxidation,Oxidation - Reduction,,question content checked (2000-2015)
2004-usnco-local-exam.pdf,39,6,Oxidation - Reduction,Redox equation balancing,Oxidation - Reduction,,question content checked (2000-2015)
2004-usnco-local-exam.pdf,40,6,Oxidation - Reduction,Cathode definition,Oxidation - Reduction,,question content checked (2000-2015)
2004-usnco-local-exam.pdf,41,6,Oxidation - Reduction,Gallium cell potential,Oxidation - Reduction,,question content checked (2000-2015)
2004-usnco-local-exam.pdf,42,6,Oxidation - Reduction,Electrolysis deposition factors,Oxidation - Reduction,,question content checked (2000-2015)
2004-usnco-local-exam.pdf,43,6,Atomic Structure/Periodicity,Hydrogen emission spectrum,Atomic Structure/Periodicity,,question content checked (2000-2015)
2004-usnco-local-exam.pdf,44,6,Atomic Structure/Periodicity,Unpaired electrons,Atomic Structure/Periodicity,,question content checked (2000-2015)
2004-usnco-local-exam.pdf,45,6,Atomic Structure/Periodicity,Ion electron/charge counts,Atomic Structure/Periodicity,,question content checked (2000-2015)
2004-usnco-local-exam.pdf,46,6,Atomic Structure/Periodicity,Atomic radius,Atomic Structure/Periodicity,,question content checked (2000-2015)
2004-usnco-local-exam.pdf,47,6,Atomic Structure/Periodicity,Electron shell capacity,Atomic Structure/Periodicity,,question content checked (2000-2015)
2004-usnco-local-exam.pdf,48,6,Atomic Structure/Periodicity,Periodic reducing ability,Atomic Structure/Periodicity,Reducing ability overlaps redox; the question explicitly asks for its trend across a period.,question content checked (2000-2015)
2004-usnco-local-exam.pdf,49,6,Bonding/Molecular Structure,Covalent bonds,Bonding/Molecular Structure,,question content checked (2000-2015)
2004-usnco-local-exam.pdf,50,6,Bonding/Molecular Structure,Pyrophosphate valence electrons,Bonding/Molecular Structure,,question content checked (2000-2015)
2004-usnco-local-exam.pdf,51,6,Bonding/Molecular Structure,Bond angles,Bonding/Molecular Structure,,question content checked (2000-2015)
2004-usnco-local-exam.pdf,52,6,Bonding/Molecular Structure,Carbon monoxide sigma/pi bonds,Bonding/Molecular Structure,,question content checked (2000-2015)
2004-usnco-local-exam.pdf,53,6,Bonding/Molecular Structure,Halogen boiling-point trend,Bonding/Molecular Structure,Intermolecular forces overlap states; treated as bonding interactions in the bonding group.,question content checked (2000-2015)
2004-usnco-local-exam.pdf,54,6,Bonding/Molecular Structure,Molecular polarity,Bonding/Molecular Structure,,question content checked (2000-2015)
2004-usnco-local-exam.pdf,55,6,Organic/Biochemistry,Butane structure,Organic/Biochemistry,,question content checked (2000-2015)
2004-usnco-local-exam.pdf,56,6,Organic/Biochemistry,Structural isomers,Organic/Biochemistry,,question content checked (2000-2015)
2004-usnco-local-exam.pdf,57,6,Organic/Biochemistry,Carboxyl carbon hybridization,Organic/Biochemistry,Hybridization also concerns bonding; retained with organic carboxyl-group questions.,question content checked (2000-2015)
2004-usnco-local-exam.pdf,58,7,Organic/Biochemistry,Esterification,Organic/Biochemistry,,question content checked (2000-2015)
2004-usnco-local-exam.pdf,59,7,Organic/Biochemistry,Tetrafluoroethene polymerization,Organic/Biochemistry,,question content checked (2000-2015)
2004-usnco-local-exam.pdf,60,7,Organic/Biochemistry,Enzyme composition,Organic/Biochemistry,,question content checked (2000-2015)
2003-usnco-local-exam.pdf,1,3,Descriptive/Laboratory,Salt solubility rules,Descriptive/Laboratory,,question content checked (2000-2015)
2003-usnco-local-exam.pdf,2,3,Descriptive/Laboratory,Precise volume apparatus,Descriptive/Laboratory,,question content checked (2000-2015)
2003-usnco-local-exam.pdf,3,3,Descriptive/Laboratory,Significant figures,Descriptive/Laboratory,"Significant figures are laboratory measurement/reporting, rather than reaction stoichiometry.",question content checked (2000-2015)
2003-usnco-local-exam.pdf,4,3,Descriptive/Laboratory,Density measurement,Descriptive/Laboratory,Density calculated from measured pellets is laboratory measurement; retained in that group.,question content checked (2000-2015)
2003-usnco-local-exam.pdf,5,3,Descriptive/Laboratory,Sodium flame color,Descriptive/Laboratory,,question content checked (2000-2015)
2003-usnco-local-exam.pdf,6,3,Descriptive/Laboratory,Laboratory food safety,Descriptive/Laboratory,,question content checked (2000-2015)
2003-usnco-local-exam.pdf,7,3,Stoichiometry/Solutions,Francium selenite formula,Stoichiometry/Solutions,"Periodic analogies supply ion identities, but the requested result is a compound formula.",question content checked (2000-2015)
2003-usnco-local-exam.pdf,8,3,Stoichiometry/Solutions,Nitrogen mass percentage,Stoichiometry/Solutions,,question content checked (2000-2015)
2003-usnco-local-exam.pdf,9,3,Stoichiometry/Solutions,Ozone molecule count,Stoichiometry/Solutions,,question content checked (2000-2015)
2003-usnco-local-exam.pdf,10,3,Stoichiometry/Solutions,Combustion coefficient ratio,Stoichiometry/Solutions,,question content checked (2000-2015)
2003-usnco-local-exam.pdf,11,3,Stoichiometry/Solutions,Limiting-reactant SiC yield,Stoichiometry/Solutions,,question content checked (2000-2015)
2003-usnco-local-exam.pdf,12,3,Stoichiometry/Solutions,Hydrate composition,Stoichiometry/Solutions,,question content checked (2000-2015)
2003-usnco-local-exam.pdf,13,3,Stoichiometry/Solutions,Silver/nitric acid stoichiometry,Stoichiometry/Solutions,,question content checked (2000-2015)
2003-usnco-local-exam.pdf,14,3,Stoichiometry/Solutions,Boiling-point elevation,Stoichiometry/Solutions,,question content checked (2000-2015)
2003-usnco-local-exam.pdf,15,4,States Of Matter,Boyle law,States Of Matter,,question content checked (2000-2015)
2003-usnco-local-exam.pdf,16,4,States Of Matter,Vapor-pressure dependence,States Of Matter,,question content checked (2000-2015)
2003-usnco-local-exam.pdf,17,4,States Of Matter,Methane gas pressure,States Of Matter,,question content checked (2000-2015)
2003-usnco-local-exam.pdf,18,4,States Of Matter,Solid melting-point classes,States Of Matter,,question content checked (2000-2015)
2003-usnco-local-exam.pdf,19,4,States Of Matter,Carbon tetrachloride intermolecular forces,States Of Matter,,question content checked (2000-2015)
2003-usnco-local-exam.pdf,20,4,States Of Matter,Solid/liquid phase boundary,States Of Matter,,question content checked (2000-2015)
2003-usnco-local-exam.pdf,21,4,Thermodynamics,Diborane combustion heat,Thermodynamics,,question content checked (2000-2015)
2003-usnco-local-exam.pdf,22,4,Thermodynamics,Iron oxide heat capacity,Thermodynamics,,question content checked (2000-2015)
2003-usnco-local-exam.pdf,23,4,Thermodynamics,Hess law,Thermodynamics,,question content checked (2000-2015)
2003-usnco-local-exam.pdf,24,4,Thermodynamics,Bond-energy reaction enthalpy,Thermodynamics,,question content checked (2000-2015)
2003-usnco-local-exam.pdf,25,4,Thermodynamics,Entropy decrease,Thermodynamics,,question content checked (2000-2015)
2003-usnco-local-exam.pdf,26,4,Kinetics,Temperature and reaction rate,Kinetics,,question content checked (2000-2015)
2003-usnco-local-exam.pdf,27,4,Kinetics,Relative reaction rates,Kinetics,,question content checked (2000-2015)
2003-usnco-local-exam.pdf,28,4,Kinetics,Temperature/catalyst rate effects,Kinetics,,question content checked (2000-2015)
2003-usnco-local-exam.pdf,29,5,Kinetics,First-order invariant property,Kinetics,,question content checked (2000-2015)
2003-usnco-local-exam.pdf,30,5,Kinetics,Experimental rate law,Kinetics,,question content checked (2000-2015)
2003-usnco-local-exam.pdf,31,5,Equilibrium,Equilibrium expression,Equilibrium,,question content checked (2000-2015)
2003-usnco-local-exam.pdf,32,5,Equilibrium,Sulfur trioxide equilibrium shift,Equilibrium,,question content checked (2000-2015)
2003-usnco-local-exam.pdf,33,5,Equilibrium,Ascorbic acid hydrogen concentration,Equilibrium,,question content checked (2000-2015)
2003-usnco-local-exam.pdf,34,5,Equilibrium,Acidic salts,Equilibrium,,question content checked (2000-2015)
2003-usnco-local-exam.pdf,35,5,Equilibrium,Buffer choice,Equilibrium,,question content checked (2000-2015)
2003-usnco-local-exam.pdf,36,5,Equilibrium,Calcium salt solubility,Equilibrium,,question content checked (2000-2015)
2003-usnco-local-exam.pdf,37,5,Oxidation - Reduction,Aqueous KCl cathode reaction,Oxidation - Reduction,,question content checked (2000-2015)
2003-usnco-local-exam.pdf,38,5,Oxidation - Reduction,Galvanic-cell principles,Oxidation - Reduction,,question content checked (2000-2015)
2003-usnco-local-exam.pdf,39,5,Oxidation - Reduction,Redox equation balancing,Oxidation - Reduction,,question content checked (2000-2015)
2003-usnco-local-exam.pdf,40,5,Oxidation - Reduction,Unknown metal reduction potential,Oxidation - Reduction,,question content checked (2000-2015)
2003-usnco-local-exam.pdf,41,6,Oxidation - Reduction,Chromium reduction,Oxidation - Reduction,,question content checked (2000-2015)
2003-usnco-local-exam.pdf,42,6,Oxidation - Reduction,Series electrolysis deposition,Oxidation - Reduction,,question content checked (2000-2015)
2003-usnco-local-exam.pdf,43,6,Atomic Structure/Periodicity,Hydrogen photon energy,Atomic Structure/Periodicity,,question content checked (2000-2015)
2003-usnco-local-exam.pdf,44,6,Atomic Structure/Periodicity,Filled oxygen orbitals,Atomic Structure/Periodicity,,question content checked (2000-2015)
2003-usnco-local-exam.pdf,45,6,Atomic Structure/Periodicity,First ionization energy,Atomic Structure/Periodicity,,question content checked (2000-2015)
2003-usnco-local-exam.pdf,46,6,Atomic Structure/Periodicity,Cobalt ion unpaired electrons,Atomic Structure/Periodicity,,question content checked (2000-2015)
2003-usnco-local-exam.pdf,47,6,Atomic Structure/Periodicity,Atomic-radius comparison,Atomic Structure/Periodicity,,question content checked (2000-2015)
2003-usnco-local-exam.pdf,48,6,Atomic Structure/Periodicity,Periodic oxide ionic character,Atomic Structure/Periodicity,Ionic oxide character overlaps bonding; periodic element comparison supports Atomic Structure/Periodicity.,question content checked (2000-2015)
2003-usnco-local-exam.pdf,49,6,Bonding/Molecular Structure,Covalent compounds,Bonding/Molecular Structure,,question content checked (2000-2015)
2003-usnco-local-exam.pdf,50,6,Bonding/Molecular Structure,Molecular shape analogy,Bonding/Molecular Structure,,question content checked (2000-2015)
2003-usnco-local-exam.pdf,51,6,Bonding/Molecular Structure,Expanded octet,Bonding/Molecular Structure,,question content checked (2000-2015)
2003-usnco-local-exam.pdf,52,6,Bonding/Molecular Structure,Diatomic bond lengths,Bonding/Molecular Structure,,question content checked (2000-2015)
2003-usnco-local-exam.pdf,53,6,Bonding/Molecular Structure,Molecular polarity,Bonding/Molecular Structure,,question content checked (2000-2015)
2003-usnco-local-exam.pdf,54,6,Bonding/Molecular Structure,Carbon hybridization,Bonding/Molecular Structure,,question content checked (2000-2015)
2003-usnco-local-exam.pdf,55,6,Organic/Biochemistry,Alkyne general formula,Organic/Biochemistry,,question content checked (2000-2015)
2003-usnco-local-exam.pdf,56,6,Organic/Biochemistry,Dichloropropane isomers,Organic/Biochemistry,,question content checked (2000-2015)
2003-usnco-local-exam.pdf,57,6,Organic/Biochemistry,Valid organic structures,Organic/Biochemistry,,question content checked (2000-2015)
2003-usnco-local-exam.pdf,58,6,Organic/Biochemistry,Organic isomer relationships,Organic/Biochemistry,,question content checked (2000-2015)
2003-usnco-local-exam.pdf,59,6,Organic/Biochemistry,Carboxyl group,Organic/Biochemistry,,question content checked (2000-2015)
2003-usnco-local-exam.pdf,60,6,Organic/Biochemistry,Ethene sigma bonds,Organic/Biochemistry,,question content checked (2000-2015)
2002-usnco-local-exam.pdf,1,3,Descriptive/Laboratory,Element reaction with water,Descriptive/Laboratory,,question content checked (2000-2015)
2002-usnco-local-exam.pdf,2,3,Descriptive/Laboratory,Acid spill response,Descriptive/Laboratory,,question content checked (2000-2015)
2002-usnco-local-exam.pdf,3,3,Descriptive/Laboratory,Ammonia preparation,Descriptive/Laboratory,,question content checked (2000-2015)
2002-usnco-local-exam.pdf,4,3,Descriptive/Laboratory,Double precipitation products,Descriptive/Laboratory,,question content checked (2000-2015)
2002-usnco-local-exam.pdf,5,3,Descriptive/Laboratory,Silicon properties,Descriptive/Laboratory,,question content checked (2000-2015)
2002-usnco-local-exam.pdf,6,3,Descriptive/Laboratory,Fading titration endpoint,Descriptive/Laboratory,,question content checked (2000-2015)
2002-usnco-local-exam.pdf,7,3,Descriptive/Laboratory,Hydrogen gas identification,Descriptive/Laboratory,,question content checked (2000-2015)
2002-usnco-local-exam.pdf,8,3,Descriptive/Laboratory,Industrial metal electrolysis,Descriptive/Laboratory,,question content checked (2000-2015)
2002-usnco-local-exam.pdf,9,3,Stoichiometry/Solutions,Manganese oxide empirical formula,Stoichiometry/Solutions,,question content checked (2000-2015)
2002-usnco-local-exam.pdf,10,3,Stoichiometry/Solutions,Ion concentrations after precipitation,Stoichiometry/Solutions,,question content checked (2000-2015)
2002-usnco-local-exam.pdf,11,3,Stoichiometry/Solutions,Nitrogen mass fraction,Stoichiometry/Solutions,,question content checked (2000-2015)
2002-usnco-local-exam.pdf,12,4,Stoichiometry/Solutions,Combustion product volume,Stoichiometry/Solutions,,question content checked (2000-2015)
2002-usnco-local-exam.pdf,13,4,Stoichiometry/Solutions,Total atom count,Stoichiometry/Solutions,,question content checked (2000-2015)
2002-usnco-local-exam.pdf,14,4,Stoichiometry/Solutions,Liquid miscibility and layers,Stoichiometry/Solutions,Liquid layers also concern states of matter; retained as a solution-miscibility question in the solutions group.,question content checked (2000-2015)
2002-usnco-local-exam.pdf,15,4,Stoichiometry/Solutions,Permanganate titration volume,Stoichiometry/Solutions,Permanganate redox chemistry supplies the balanced equation; the calculation is a titration volume.,question content checked (2000-2015)
2002-usnco-local-exam.pdf,16,4,States Of Matter,Constant-pressure gas expansion,States Of Matter,,question content checked (2000-2015)
2002-usnco-local-exam.pdf,17,4,States Of Matter,Manometer gas pressure,States Of Matter,,question content checked (2000-2015)
2002-usnco-local-exam.pdf,18,4,States Of Matter,Relative diffusion rates,States Of Matter,,question content checked (2000-2015)
2002-usnco-local-exam.pdf,19,4,States Of Matter,Molecular solid identification,States Of Matter,,question content checked (2000-2015)
2002-usnco-local-exam.pdf,20,4,States Of Matter,Intermolecular-force ranking,States Of Matter,,question content checked (2000-2015)
2002-usnco-local-exam.pdf,21,4,States Of Matter,Strong-force physical properties,States Of Matter,,question content checked (2000-2015)
2002-usnco-local-exam.pdf,22,4,Thermodynamics,Ice melting and heating,Thermodynamics,,question content checked (2000-2015)
2002-usnco-local-exam.pdf,23,5,Thermodynamics,Bond-energy enthalpy,Thermodynamics,,question content checked (2000-2015)
2002-usnco-local-exam.pdf,24,5,Thermodynamics,Reaction entropy increase,Thermodynamics,,question content checked (2000-2015)
2002-usnco-local-exam.pdf,25,5,Thermodynamics,Hydrazine reaction heat,Thermodynamics,,question content checked (2000-2015)
2002-usnco-local-exam.pdf,26,5,Thermodynamics,Hess law combustion enthalpy,Thermodynamics,,question content checked (2000-2015)
2002-usnco-local-exam.pdf,27,5,Thermodynamics,Temperature and spontaneity,Thermodynamics,,question content checked (2000-2015)
2002-usnco-local-exam.pdf,28,5,Kinetics,Radioactive rate constant,Kinetics,,question content checked (2000-2015)
2002-usnco-local-exam.pdf,29,5,Kinetics,Relative disappearance rates,Kinetics,,question content checked (2000-2015)
2002-usnco-local-exam.pdf,30,5,Kinetics,Rate-law concentration changes,Kinetics,,question content checked (2000-2015)
2002-usnco-local-exam.pdf,31,5,Kinetics,Initial-rate law,Kinetics,,question content checked (2000-2015)
2002-usnco-local-exam.pdf,32,5,Kinetics,Mechanism and rate law,Kinetics,,question content checked (2000-2015)
2002-usnco-local-exam.pdf,33,6,Equilibrium,Heterogeneous equilibrium expression,Equilibrium,,question content checked (2000-2015)
2002-usnco-local-exam.pdf,34,6,Equilibrium,Temperature/pressure equilibrium yield,Equilibrium,,question content checked (2000-2015)
2002-usnco-local-exam.pdf,35,6,Equilibrium,Amphiprotic phosphate ion,Equilibrium,,question content checked (2000-2015)
2002-usnco-local-exam.pdf,36,6,Equilibrium,Weak-acid pH,Equilibrium,,question content checked (2000-2015)
2002-usnco-local-exam.pdf,37,6,Equilibrium,Buffer mixtures,Equilibrium,,question content checked (2000-2015)
2002-usnco-local-exam.pdf,38,6,Equilibrium,Acidic salt solution,Equilibrium,,question content checked (2000-2015)
2002-usnco-local-exam.pdf,39,6,Equilibrium,Magnesium carbonate solubility,Equilibrium,,question content checked (2000-2015)
2002-usnco-local-exam.pdf,40,6,Oxidation - Reduction,Vanadium oxidation number,Oxidation - Reduction,,question content checked (2000-2015)
2002-usnco-local-exam.pdf,41,6,Oxidation - Reduction,Redox equation coefficient ratio,Oxidation - Reduction,,question content checked (2000-2015)
2002-usnco-local-exam.pdf,42,6,Oxidation - Reduction,Standard cell potential,Oxidation - Reduction,,question content checked (2000-2015)
2002-usnco-local-exam.pdf,43,6,Oxidation - Reduction,Spontaneous metal displacement,Oxidation - Reduction,,question content checked (2000-2015)
2002-usnco-local-exam.pdf,44,7,Oxidation - Reduction,Cation motion in electrolysis,Oxidation - Reduction,,question content checked (2000-2015)
2002-usnco-local-exam.pdf,45,7,Atomic Structure/Periodicity,Unpaired electrons,Atomic Structure/Periodicity,,question content checked (2000-2015)
2002-usnco-local-exam.pdf,46,7,Atomic Structure/Periodicity,Occupied iron orbitals,Atomic Structure/Periodicity,,question content checked (2000-2015)
2002-usnco-local-exam.pdf,47,7,Atomic Structure/Periodicity,Periodic property trend,Atomic Structure/Periodicity,,question content checked (2000-2015)
2002-usnco-local-exam.pdf,48,7,Atomic Structure/Periodicity,Subshell filling order,Atomic Structure/Periodicity,,question content checked (2000-2015)
2002-usnco-local-exam.pdf,49,7,Atomic Structure/Periodicity,Second ionization energy,Atomic Structure/Periodicity,,question content checked (2000-2015)
2002-usnco-local-exam.pdf,50,7,Atomic Structure/Periodicity,Similar element chemistry,Atomic Structure/Periodicity,,question content checked (2000-2015)
2002-usnco-local-exam.pdf,51,7,Bonding/Molecular Structure,Thiocyanate Lewis structure,Bonding/Molecular Structure,,question content checked (2000-2015)
2002-usnco-local-exam.pdf,52,7,Bonding/Molecular Structure,Ionic bond character,Bonding/Molecular Structure,,question content checked (2000-2015)
2002-usnco-local-exam.pdf,53,7,Bonding/Molecular Structure,Octet rule,Bonding/Molecular Structure,,question content checked (2000-2015)
2002-usnco-local-exam.pdf,54,7,Bonding/Molecular Structure,Molecular planarity,Bonding/Molecular Structure,,question content checked (2000-2015)
2002-usnco-local-exam.pdf,55,7,Bonding/Molecular Structure,Hydronium hybridization,Bonding/Molecular Structure,,question content checked (2000-2015)
2002-usnco-local-exam.pdf,56,7,Organic/Biochemistry,Primary-alcohol oxidation,Organic/Biochemistry,,question content checked (2000-2015)
2002-usnco-local-exam.pdf,57,7,Organic/Biochemistry,Propene hydrogen count,Organic/Biochemistry,,question content checked (2000-2015)
2002-usnco-local-exam.pdf,58,7,Organic/Biochemistry,Pentane structural isomers,Organic/Biochemistry,,question content checked (2000-2015)
2002-usnco-local-exam.pdf,59,7,Organic/Biochemistry,Alkyne bond types,Organic/Biochemistry,,question content checked (2000-2015)
2002-usnco-local-exam.pdf,60,7,Organic/Biochemistry,Amino acid elements,Organic/Biochemistry,,question content checked (2000-2015)
2001-usnco-local-exam.pdf,1,3,Descriptive/Laboratory,Metal reactivity with water,Descriptive/Laboratory,,question content checked (2000-2015)
2001-usnco-local-exam.pdf,2,3,Descriptive/Laboratory,Recognizing strong acids,Descriptive/Laboratory,,question content checked (2000-2015)
2001-usnco-local-exam.pdf,3,3,Descriptive/Laboratory,Precipitation products,Descriptive/Laboratory,,question content checked (2000-2015)
2001-usnco-local-exam.pdf,4,3,Descriptive/Laboratory,Element conductivity,Descriptive/Laboratory,,question content checked (2000-2015)
2001-usnco-local-exam.pdf,5,3,Descriptive/Laboratory,Vapor-density experiment requirements,Descriptive/Laboratory,,question content checked (2000-2015)
2001-usnco-local-exam.pdf,6,3,Descriptive/Laboratory,Gas-producing reactions,Descriptive/Laboratory,,question content checked (2000-2015)
2001-usnco-local-exam.pdf,7,3,Descriptive/Laboratory,Protective oxide coating,Descriptive/Laboratory,,question content checked (2000-2015)
2001-usnco-local-exam.pdf,8,3,Descriptive/Laboratory,Primary-standard suitability,Descriptive/Laboratory,,question content checked (2000-2015)
2001-usnco-local-exam.pdf,9,3,Stoichiometry/Solutions,Rhenium chloride empirical formula,Stoichiometry/Solutions,,question content checked (2000-2015)
2001-usnco-local-exam.pdf,10,3,Stoichiometry/Solutions,Gravimetric chloride analysis,Stoichiometry/Solutions,,question content checked (2000-2015)
2001-usnco-local-exam.pdf,11,3,Stoichiometry/Solutions,Redox reaction coefficient ratio,Stoichiometry/Solutions,Redox chemistry supplies the equation; the requested quantity is a stoichiometric coefficient ratio in the stoichiometry group.,question content checked (2000-2015)
2001-usnco-local-exam.pdf,12,3,Stoichiometry/Solutions,Methane millimoles,Stoichiometry/Solutions,,question content checked (2000-2015)
2001-usnco-local-exam.pdf,13,4,Stoichiometry/Solutions,Battery acid titration,Stoichiometry/Solutions,,question content checked (2000-2015)
2001-usnco-local-exam.pdf,14,4,Stoichiometry/Solutions,Hydrogen reaction volume,Stoichiometry/Solutions,,question content checked (2000-2015)
2001-usnco-local-exam.pdf,15,4,States Of Matter,Vapor pressure and boiling point,States Of Matter,,question content checked (2000-2015)
2001-usnco-local-exam.pdf,16,4,States Of Matter,Equal-mole gas balloons,States Of Matter,,question content checked (2000-2015)
2001-usnco-local-exam.pdf,17,4,States Of Matter,Gas identity from PVnRT,States Of Matter,,question content checked (2000-2015)
2001-usnco-local-exam.pdf,18,4,States Of Matter,Vapor-pressure dependence,States Of Matter,,question content checked (2000-2015)
2001-usnco-local-exam.pdf,19,4,States Of Matter,Phase diagram liquid regions,States Of Matter,,question content checked (2000-2015)
2001-usnco-local-exam.pdf,20,4,States Of Matter,Water solubility,States Of Matter,,question content checked (2000-2015)
2001-usnco-local-exam.pdf,21,4,States Of Matter,Network solid identification,States Of Matter,,question content checked (2000-2015)
2001-usnco-local-exam.pdf,22,4,Thermodynamics,Endothermic formation reaction,Thermodynamics,,question content checked (2000-2015)
2001-usnco-local-exam.pdf,23,4,Thermodynamics,Specific-heat comparison,Thermodynamics,,question content checked (2000-2015)
2001-usnco-local-exam.pdf,24,5,Thermodynamics,Lithium combustion heat,Thermodynamics,,question content checked (2000-2015)
2001-usnco-local-exam.pdf,25,5,Thermodynamics,Standard entropy ranking,Thermodynamics,,question content checked (2000-2015)
2001-usnco-local-exam.pdf,26,5,Thermodynamics,Temperature and spontaneity,Thermodynamics,,question content checked (2000-2015)
2001-usnco-local-exam.pdf,27,5,Kinetics,Relative decomposition rates,Kinetics,,question content checked (2000-2015)
2001-usnco-local-exam.pdf,28,5,Kinetics,Reverse activation energy,Kinetics,,question content checked (2000-2015)
2001-usnco-local-exam.pdf,29,5,Kinetics,Initial-rate law,Kinetics,,question content checked (2000-2015)
2001-usnco-local-exam.pdf,30,5,Kinetics,Catalyst in a net equation,Kinetics,,question content checked (2000-2015)
2001-usnco-local-exam.pdf,31,5,Kinetics,First-order linear plot,Kinetics,,question content checked (2000-2015)
2001-usnco-local-exam.pdf,32,5,Equilibrium,Hydrogen iodide equilibrium shift,Equilibrium,,question content checked (2000-2015)
2001-usnco-local-exam.pdf,33,5,Equilibrium,Hydrogen iodide equilibrium expression,Equilibrium,,question content checked (2000-2015)
2001-usnco-local-exam.pdf,34,5,Equilibrium,Benzoic acid dissociation constant,Equilibrium,,question content checked (2000-2015)
2001-usnco-local-exam.pdf,35,5,Equilibrium,Relative base strength,Equilibrium,,question content checked (2000-2015)
2001-usnco-local-exam.pdf,36,6,Equilibrium,Conjugate-base equilibrium constant,Equilibrium,,question content checked (2000-2015)
2001-usnco-local-exam.pdf,37,6,Equilibrium,Solubility-product comparison,Equilibrium,,question content checked (2000-2015)
2001-usnco-local-exam.pdf,38,6,Oxidation - Reduction,Nitrogen oxidation,Oxidation - Reduction,,question content checked (2000-2015)
2001-usnco-local-exam.pdf,39,6,Oxidation - Reduction,KI electrolysis,Oxidation - Reduction,,question content checked (2000-2015)
2001-usnco-local-exam.pdf,40,6,Oxidation - Reduction,Voltaic anode reaction,Oxidation - Reduction,,question content checked (2000-2015)
2001-usnco-local-exam.pdf,41,6,Oxidation - Reduction,Standard cell potential,Oxidation - Reduction,,question content checked (2000-2015)
2001-usnco-local-exam.pdf,42,6,Oxidation - Reduction,Concentration and cell voltage,Oxidation - Reduction,,question content checked (2000-2015)
2001-usnco-local-exam.pdf,43,6,Atomic Structure/Periodicity,Phosphide ion electron counts,Atomic Structure/Periodicity,,question content checked (2000-2015)
2001-usnco-local-exam.pdf,44,6,Atomic Structure/Periodicity,Isoelectronic atomic species,Atomic Structure/Periodicity,,question content checked (2000-2015)
2001-usnco-local-exam.pdf,45,6,Atomic Structure/Periodicity,Isotopes with equal neutrons,Atomic Structure/Periodicity,,question content checked (2000-2015)
2001-usnco-local-exam.pdf,46,6,Atomic Structure/Periodicity,Metallic character trend,Atomic Structure/Periodicity,,question content checked (2000-2015)
2001-usnco-local-exam.pdf,47,6,Atomic Structure/Periodicity,Iron unpaired electrons,Atomic Structure/Periodicity,,question content checked (2000-2015)
2001-usnco-local-exam.pdf,48,6,Atomic Structure/Periodicity,Atomic energy-level spacing,Atomic Structure/Periodicity,,question content checked (2000-2015)
2001-usnco-local-exam.pdf,49,7,Bonding/Molecular Structure,Bond polarity,Bonding/Molecular Structure,,question content checked (2000-2015)
2001-usnco-local-exam.pdf,50,7,Bonding/Molecular Structure,Stable hydride formula,Bonding/Molecular Structure,,question content checked (2000-2015)
2001-usnco-local-exam.pdf,51,7,Bonding/Molecular Structure,Lewis structure analogy,Bonding/Molecular Structure,,question content checked (2000-2015)
2001-usnco-local-exam.pdf,52,7,Bonding/Molecular Structure,Ionic and covalent bonds,Bonding/Molecular Structure,,question content checked (2000-2015)
2001-usnco-local-exam.pdf,53,7,Bonding/Molecular Structure,Bond-angle comparison,Bonding/Molecular Structure,,question content checked (2000-2015)
2001-usnco-local-exam.pdf,54,7,Bonding/Molecular Structure,Nitrite resonance bond lengths,Bonding/Molecular Structure,,question content checked (2000-2015)
2001-usnco-local-exam.pdf,55,7,Organic/Biochemistry,Carboxyl functional group,Organic/Biochemistry,,question content checked (2000-2015)
2001-usnco-local-exam.pdf,56,7,Organic/Biochemistry,Saturated hydrocarbon class,Organic/Biochemistry,,question content checked (2000-2015)
2001-usnco-local-exam.pdf,57,7,Organic/Biochemistry,Alcohol structural isomers,Organic/Biochemistry,,question content checked (2000-2015)
2001-usnco-local-exam.pdf,58,7,Organic/Biochemistry,Bromotoluene substitution position,Organic/Biochemistry,,question content checked (2000-2015)
2001-usnco-local-exam.pdf,59,7,Organic/Biochemistry,Geometric isomerism,Organic/Biochemistry,,question content checked (2000-2015)
2001-usnco-local-exam.pdf,60,7,Organic/Biochemistry,Polymer monomer,Organic/Biochemistry,,question content checked (2000-2015)
2000-usnco-local-exam.pdf,1,3,Descriptive/Laboratory,Metal reactivity with water,Descriptive/Laboratory,,question content checked (2000-2015)
2000-usnco-local-exam.pdf,2,3,Descriptive/Laboratory,Acidic gas in water,Descriptive/Laboratory,,question content checked (2000-2015)
2000-usnco-local-exam.pdf,3,3,Descriptive/Laboratory,Salt solubility,Descriptive/Laboratory,,question content checked (2000-2015)
2000-usnco-local-exam.pdf,4,3,Descriptive/Laboratory,Buret reading,Descriptive/Laboratory,,question content checked (2000-2015)
2000-usnco-local-exam.pdf,5,3,Descriptive/Laboratory,Safe odor testing,Descriptive/Laboratory,,question content checked (2000-2015)
2000-usnco-local-exam.pdf,6,3,Descriptive/Laboratory,Chloride precipitate identification,Descriptive/Laboratory,,question content checked (2000-2015)
2000-usnco-local-exam.pdf,7,3,Descriptive/Laboratory,Volume measurement apparatus,Descriptive/Laboratory,,question content checked (2000-2015)
2000-usnco-local-exam.pdf,8,3,Descriptive/Laboratory,Separation by volatility,Descriptive/Laboratory,,question content checked (2000-2015)
2000-usnco-local-exam.pdf,9,3,Stoichiometry/Solutions,Hydrate mass loss,Stoichiometry/Solutions,,question content checked (2000-2015)
2000-usnco-local-exam.pdf,10,3,Stoichiometry/Solutions,Hydrogen atom count,Stoichiometry/Solutions,,question content checked (2000-2015)
2000-usnco-local-exam.pdf,11,3,Stoichiometry/Solutions,Acid dilution,Stoichiometry/Solutions,,question content checked (2000-2015)
2000-usnco-local-exam.pdf,12,3,Stoichiometry/Solutions,Empirical formula from composition,Stoichiometry/Solutions,,question content checked (2000-2015)
2000-usnco-local-exam.pdf,13,4,Stoichiometry/Solutions,Ethanol combustion coefficients,Stoichiometry/Solutions,,question content checked (2000-2015)
2000-usnco-local-exam.pdf,14,4,Stoichiometry/Solutions,Ammonia percent yield,Stoichiometry/Solutions,,question content checked (2000-2015)
2000-usnco-local-exam.pdf,15,4,Stoichiometry/Solutions,Absorbance and dilution,Stoichiometry/Solutions,"Absorbance is the analytical measurement, but the requested result is the original concentration after dilution.",question content checked (2000-2015)
2000-usnco-local-exam.pdf,16,4,States Of Matter,Ideal gas conditions,States Of Matter,,question content checked (2000-2015)
2000-usnco-local-exam.pdf,17,4,States Of Matter,Gas identity from density,States Of Matter,,question content checked (2000-2015)
2000-usnco-local-exam.pdf,18,4,States Of Matter,Relative diffusion rates,States Of Matter,,question content checked (2000-2015)
2000-usnco-local-exam.pdf,19,4,States Of Matter,Vapor pressure and liquid quantity,States Of Matter,,question content checked (2000-2015)
2000-usnco-local-exam.pdf,20,4,States Of Matter,Fusion enthalpy and solid type,States Of Matter,,question content checked (2000-2015)
2000-usnco-local-exam.pdf,21,4,Descriptive/Laboratory,Gas collection over water,States Of Matter,Gas collection apparatus and water solubility: laboratory technique; occurs within the inferred states block.,question content checked (2000-2015)
2000-usnco-local-exam.pdf,22,4,States Of Matter,Identifying metallic behavior,States Of Matter,,question content checked (2000-2015)
2000-usnco-local-exam.pdf,23,4,Thermodynamics,Standard formation enthalpy,Thermodynamics,,question content checked (2000-2015)
2000-usnco-local-exam.pdf,24,4,Thermodynamics,HCN formation reaction,Thermodynamics,,question content checked (2000-2015)
2000-usnco-local-exam.pdf,25,4,Thermodynamics,MgO formation enthalpy,Thermodynamics,,question content checked (2000-2015)
2000-usnco-local-exam.pdf,26,4,Thermodynamics,Neutralization temperature change,Thermodynamics,,question content checked (2000-2015)
2000-usnco-local-exam.pdf,27,4,Thermodynamics,Entropy increase,Thermodynamics,,question content checked (2000-2015)
2000-usnco-local-exam.pdf,28,5,Thermodynamics,Spontaneity at all temperatures,Thermodynamics,,question content checked (2000-2015)
2000-usnco-local-exam.pdf,29,5,Kinetics,Initial-rate law from data,Kinetics,,question content checked (2000-2015)
2000-usnco-local-exam.pdf,30,5,Kinetics,First-order linear plot,Kinetics,,question content checked (2000-2015)
2000-usnco-local-exam.pdf,31,5,Kinetics,Relative reaction rates,Kinetics,,question content checked (2000-2015)
2000-usnco-local-exam.pdf,32,5,Kinetics,Half-life and rate constant,Kinetics,,question content checked (2000-2015)
2000-usnco-local-exam.pdf,33,5,Equilibrium,Forward/reverse rate constants and equilibrium,Equilibrium,,question content checked (2000-2015)
2000-usnco-local-exam.pdf,34,5,Equilibrium,Equilibrium shift,Equilibrium,,question content checked (2000-2015)
2000-usnco-local-exam.pdf,35,5,Equilibrium,Equilibrium constant calculation,Equilibrium,,question content checked (2000-2015)
2000-usnco-local-exam.pdf,36,5,Equilibrium,Strong-base pH,Equilibrium,,question content checked (2000-2015)
2000-usnco-local-exam.pdf,37,5,Equilibrium,Weak-acid hydrogen concentration,Equilibrium,,question content checked (2000-2015)
2000-usnco-local-exam.pdf,38,5,Equilibrium,Salt hydrolysis,Equilibrium,,question content checked (2000-2015)
2000-usnco-local-exam.pdf,39,5,Equilibrium,Weak-acid titration pH,Equilibrium,,question content checked (2000-2015)
2000-usnco-local-exam.pdf,40,6,Equilibrium,Buffer pH adjustment,Equilibrium,,question content checked (2000-2015)
2000-usnco-local-exam.pdf,41,6,Equilibrium,Calcium fluoride solubility,Equilibrium,,question content checked (2000-2015)
2000-usnco-local-exam.pdf,42,6,Oxidation - Reduction,Recognizing a redox reaction,Oxidation - Reduction,,question content checked (2000-2015)
2000-usnco-local-exam.pdf,43,6,Oxidation - Reduction,Cell electron flow,Oxidation - Reduction,,question content checked (2000-2015)
2000-usnco-local-exam.pdf,44,6,Oxidation - Reduction,Cell voltage,Oxidation - Reduction,,question content checked (2000-2015)
2000-usnco-local-exam.pdf,45,6,Oxidation - Reduction,Oxygen oxidation numbers,Oxidation - Reduction,,question content checked (2000-2015)
2000-usnco-local-exam.pdf,46,6,Atomic Structure/Periodicity,Valence electron configuration,Atomic Structure/Periodicity,,question content checked (2000-2015)
2000-usnco-local-exam.pdf,47,6,Atomic Structure/Periodicity,Phosphorus unpaired electrons,Atomic Structure/Periodicity,,question content checked (2000-2015)
2000-usnco-local-exam.pdf,48,6,Atomic Structure/Periodicity,First ionization energy,Atomic Structure/Periodicity,,question content checked (2000-2015)
2000-usnco-local-exam.pdf,49,6,Atomic Structure/Periodicity,Electronegativity,Atomic Structure/Periodicity,,question content checked (2000-2015)
2000-usnco-local-exam.pdf,50,6,Atomic Structure/Periodicity,Acidity of periodic oxides,Atomic Structure/Periodicity,,question content checked (2000-2015)
2000-usnco-local-exam.pdf,51,6,Bonding/Molecular Structure,Covalently bonded species,Bonding/Molecular Structure,,question content checked (2000-2015)
2000-usnco-local-exam.pdf,52,6,Bonding/Molecular Structure,Chlorate valence electrons,Bonding/Molecular Structure,,question content checked (2000-2015)
2000-usnco-local-exam.pdf,53,6,Bonding/Molecular Structure,Resonance concept,Bonding/Molecular Structure,,question content checked (2000-2015)
2000-usnco-local-exam.pdf,54,6,Bonding/Molecular Structure,sp2 orbital geometry,Bonding/Molecular Structure,,question content checked (2000-2015)
2000-usnco-local-exam.pdf,55,6,Bonding/Molecular Structure,Isoelectronic molecular species,Bonding/Molecular Structure,,question content checked (2000-2015)
2000-usnco-local-exam.pdf,56,7,Bonding/Molecular Structure,Intermolecular hydrogen bonding,Bonding/Molecular Structure,,question content checked (2000-2015)
2000-usnco-local-exam.pdf,57,7,Organic/Biochemistry,Pentane isomers,Organic/Biochemistry,,question content checked (2000-2015)
2000-usnco-local-exam.pdf,58,7,Organic/Biochemistry,Oxidation states in organic groups,Organic/Biochemistry,,question content checked (2000-2015)
2000-usnco-local-exam.pdf,59,7,Organic/Biochemistry,Unsaturated hydrocarbon structure,Organic/Biochemistry,,question content checked (2000-2015)
2000-usnco-local-exam.pdf,60,7,Organic/Biochemistry,Organic boiling-point comparison,Organic/Biochemistry,,question content checked (2000-2015)
