source_file,source_question,source_page,topic,question_summary,classification_note,classification_status
2026-usnco-national-exam-part-i.pdf,1,3,Stoichiometry/Solutions,"10.00 g of blue copper sulfate pentahydrate, CuSO • 5 H O, is heated strongly to drive off all the 4 2 water of hydration. How much colorless anhydrous copper sulfate remains?",,classified
2026-usnco-national-exam-part-i.pdf,2,3,Stoichiometry/Solutions,Ethane amount from combustion and gas-volume change,,classified
2026-usnco-national-exam-part-i.pdf,3,3,Stoichiometry/Solutions,0.2700 g of a white solid is titrated with 32.70 mL of 0.1834 M NaOH solution to achieve a phenolphthalein endpoint. Which is the molecular formula of the compound?,,classified
2026-usnco-national-exam-part-i.pdf,4,3,Stoichiometry/Solutions,NaOH concentration required for carbon dioxide absorption,Gas absorption is the context; the requested NaOH concentration follows material balance and reaction stoichiometry.,classified
2026-usnco-national-exam-part-i.pdf,5,3,Stoichiometry/Solutions,What is the concentration of chloride ion in a solution prepared by mixing 0.100 L of 0.100 M LiCl with 0.200 L of 0.200 M BaCl and 0.300 L of 0.300 M CeCl ? 2 3,,classified
2026-usnco-national-exam-part-i.pdf,6,3,Stoichiometry/Solutions,Osmosis between sucrose and sodium chloride solutions,,classified
2026-usnco-national-exam-part-i.pdf,7,3,Descriptive/Laboratory,A gas mixture extinguishes a glowing splint and does not cause limewater to turn cloudy when bubbled through it. Which most accurately describes the gas mixture?,,classified
2026-usnco-national-exam-part-i.pdf,8,4,Descriptive/Laboratory,Which laboratory glassware is most useful for determining the melting point of a solid organic compound?,,classified
2026-usnco-national-exam-part-i.pdf,9,4,Descriptive/Laboratory,Which gas can be condensed to a blue liquid?,,classified
2026-usnco-national-exam-part-i.pdf,10,4,Descriptive/Laboratory,Which liquids are miscible in all proportions?,Qualitative recognition of miscible pairs is retained with descriptive chemistry; intermolecular forces also contribute.,classified
2026-usnco-national-exam-part-i.pdf,11,4,Descriptive/Laboratory,Which is the best way to prepare 0.5 L of a 1 M solution of sulfuric acid?,,classified
2026-usnco-national-exam-part-i.pdf,12,4,Descriptive/Laboratory,Bias in magnesium nitride analysis by distillation and back-titration,,classified
2026-usnco-national-exam-part-i.pdf,13,4,States Of Matter,H O has a higher normal boiling point than HF (100 °C 2 vs. 20 °C). Which is the best explanation for this difference?,,classified
2026-usnco-national-exam-part-i.pdf,14,4,States Of Matter,"A solution of camphor in benzene is cooled slowly to determine its freezing point, resulting in the data shown below. What freezing point should be reported?",Experimental cooling data identify a freezing point; phase behavior is the main target.,classified
2026-usnco-national-exam-part-i.pdf,15,5,States Of Matter,"The vapor pressure of butane at 0 °C is 1 atm. A 0.100 mol sample of liquid butane at 0 °C is introduced into an evacuated, well-insulated 2.25 L container. Which statements correctly describe the system after it reaches equilibrium? I. The temperature is lower than 0 °C. II. All of the butane is in the gas phase.","Energy conservation also matters, but the task identifies the final physical state of butane.",classified
2026-usnco-national-exam-part-i.pdf,16,5,States Of Matter,The triple point of krypton is at 0.73 bar and 116 K. Which is true of a pure sample of Kr at equilibrium at 0.73 bar and 90 K?,,classified
2026-usnco-national-exam-part-i.pdf,17,5,States Of Matter,Which statements about relative boiling points are correct? I. 2-Methylpropane has a higher normal boiling point than butane. II. 2-Methyl-1-propanol has a higher normal boiling point than 1-butanol.,,classified
2026-usnco-national-exam-part-i.pdf,18,5,States Of Matter,Gold crystallizes in a face-centered cubic lattice with a density of 19.31 g cm-3. What is the radius of a gold atom?,,classified
2026-usnco-national-exam-part-i.pdf,19,5,Thermodynamics,Equilibrium composition from a Gibbs-energy diagram,Equilibrium composition is inferred from a Gibbs-energy diagram; the thermodynamic comparison is central.,classified
2026-usnco-national-exam-part-i.pdf,20,5,Thermodynamics,"60.0 mL of 0.60 M HCOOH and 40.0 mL of 0.80 M CH NH , both initially at 22.0 °C, are mixed in a well- 3 2 insulated container. The final temperature is 27.9 °C. What is ∆H° for the reaction of formic acid and r ... utions are the same as pure water. HCOOH(aq) + CH NH (aq) ® 3 2 HCOO–(aq) + CH NH +(aq) ∆H° = ??? 3 3 rxn",,classified
2026-usnco-national-exam-part-i.pdf,21,5,Thermodynamics,"What is S° for O (g)? 2 ΔH° S° ΔG°, 298 K Species f f (kJ mol–1) (J mol–1 K–1) (kJ mol–1) H O(l) –290 70. –240 2 H O (l) –190 110. –120 2 2",,classified
2026-usnco-national-exam-part-i.pdf,22,5,Thermodynamics,Temperature-time curve from temperature-dependent heat capacity,,classified
2026-usnco-national-exam-part-i.pdf,23,6,Thermodynamics,Which species has the greatest molar entropy S° at 298 K?,,classified
2026-usnco-national-exam-part-i.pdf,24,6,Thermodynamics,"In an adiabatic process, no heat is exchanged with the surroundings. Which must be true in a reversible adiabatic process? I. ∆H = 0 II. ∆S = 0",,classified
2026-usnco-national-exam-part-i.pdf,25,6,Kinetics,The irreversible reaction of a compound A takes place with Rate = k[A]n. The half-life of the reaction is independent of [A]. What is the value of n?,,classified
2026-usnco-national-exam-part-i.pdf,26,6,Kinetics,"An acid-catalyzed reaction that is first-order in H+ has a rate of 5.0 ´ 10–6 M s-1 when carried out in a buffer with pH = 5.0. What is the rate when the reaction is carried out with all reactant concentrations the same, but with the pH buffered at 5.5?",pH supplies hydrogen-ion concentration; the requested change is in reaction rate.,classified
2026-usnco-national-exam-part-i.pdf,27,6,Kinetics,"The decomposition of hydrogen peroxide to form water and oxygen in the presence of an iodide catalyst is studied, and the rate law is found to be Rate = k[H O ][I–] 2 2 with k = 1.05 M–1 min–1. A reaction is ca ... de and hydrogen peroxide equal to 0.300 M. What is the concentration of hydrogen peroxide after 5.00 min?",,classified
2026-usnco-national-exam-part-i.pdf,28,6,Kinetics,"The temperature dependence of the rate constant for the gas-phase reaction of acrolein with nitrate radical is measured, and the rate constant is found to be 𝑘 = (1.72 ×10–,-)𝑒–,,01/3, with k in units of cm3 molecule–1 s–1 and T in units of K. What is the activation energy of the reaction?",,classified
2026-usnco-national-exam-part-i.pdf,29,6,Kinetics,Rate law from acid-catalyzed methyl formate hydrolysis mechanism,Organic ester hydrolysis supplies the mechanism; the task derives its rate law.,classified
2026-usnco-national-exam-part-i.pdf,30,6,Kinetics,Reaction-coordinate diagram for methyl formate hydrolysis,,classified
2026-usnco-national-exam-part-i.pdf,31,6,Equilibrium,"How much NaH PO • 2H O must be added to 400.0 mL 2 4 2 of 0.200 M H PO to create a buffer solution with pH = 3 4 2.30? For H PO , pK = 2.12, pK = 7.21, and pK = 3 4 a1 a2 a3 12.38.",,classified
2026-usnco-national-exam-part-i.pdf,32,6,Equilibrium,"Gaseous PCl is introduced into a container whose 5 volume is adjustable. At equilibrium at a certain temperature, 20.0% of the PCl has decomposed at 5 equilibrium to form PCl and Cl . Increasing the volume 3 2  ... by what factor will increase the percentage of decomposition to 50.0% at equilibrium at this temperature?",,classified
2026-usnco-national-exam-part-i.pdf,33,7,Equilibrium,"Solid calcium carbonate is in equilibrium with calcium oxide and carbon dioxide, with K = 0.12 bar at 1200 K. p CaCO (s) CaO(s) + CO (g) K = 0.12 at 1200 K 3 2 eq A 1.00 g sample of CaCO (M = 100.09) is placed  ...  K. How will the pressure in the piston after equilibrium is attained depend on the volume of the piston?",,classified
2026-usnco-national-exam-part-i.pdf,34,7,Equilibrium,A mixture of the diprotic acid HOC H COOH and 6 4 Na[HOC H COO] is titrated with sodium hydroxide 6 4 solution to give these data: Which statement is correct?,,classified
2026-usnco-national-exam-part-i.pdf,35,7,Equilibrium,0.50 mol of solid silver chloride (K = 1.8 ´ 10–10) is sp added to 1.0 L of a 0.100 M solution of sodium bromide. What is the concentration of silver ion in solution at equilibrium? The K of AgBr is 4.9 ´ 10–13. sp,,classified
2026-usnco-national-exam-part-i.pdf,36,7,Equilibrium,A solution initially is 0.10 M in both Cd2+ and Tl+ and is kept saturated with hydrogen sulfide gas ([H S] = 0.1 M). 2 In what pH range will one of the metal ions be precipitated quantitatively (> 99.9%) while  ... K of CdS = 1.0 ´ 10–27 K of Tl S = 6.0 ´ 10–22 sp sp 2 K of H S = 8.9 ´ 10–8 K of HS– = 1.0 ´ 10–19 a 2 a,,classified
2026-usnco-national-exam-part-i.pdf,37,7,Oxidation - Reduction,"NO disproportionates into N O and NO – in basic 2 2 solution. When the equation for this reaction is balanced using smallest whole number coefficients, what is the coefficient of NO?",,classified
2026-usnco-national-exam-part-i.pdf,38,7,Oxidation - Reduction,"Given the standard reduction potentials in basic solution shown below, what is the value of the standard reduction potential of the MnO 2–(aq)/MnO (s) couple? 4 2 0.543 V ??? MnO 4 –(aq) MnO 4 2–(aq) MnO 2 (s) 0.595 V",,classified
2026-usnco-national-exam-part-i.pdf,39,7,Oxidation - Reduction,"For the voltaic cell Cr|Cr3+ (1.0 M)ǁAg+ (1.0 M)|Ag, which change will cause the cell potential to decrease?",,classified
2026-usnco-national-exam-part-i.pdf,40,7,Oxidation - Reduction,"What is the molar solubility of lead sulfate at 298 K? Half-reaction E°, V Pb2+(aq) + 2 e– ® Pb(s) –0.126 PbSO (s) + 2 e– ® Pb(s) + SO 2–(aq) –0.359 4 4",Solubility is calculated from standard reduction potentials; electrochemical relationships are required.,classified
2026-usnco-national-exam-part-i.pdf,41,8,Oxidation - Reduction,"A solution containing a metal ion is electrolyzed, with 1.50 g of the metal being deposited at the cathode. Concurrently, 0.265 L of dry oxygen gas is collected at the anode (measured at STP). What is the metal?",,classified
2026-usnco-national-exam-part-i.pdf,42,8,Oxidation - Reduction,A diagram showing the thermodynamic stability of mercury-containing species as a function of pH and reduction potential (Pourbaix diagram) is shown below. What is X?,The Pourbaix diagram relates electrochemical stability to potential and pH.,classified
2026-usnco-national-exam-part-i.pdf,43,8,Atomic Structure/Periodicity,In which are the first ionization energies listed in increasing order?,,classified
2026-usnco-national-exam-part-i.pdf,44,8,Atomic Structure/Periodicity,The Balmer series consists of emission lines that correspond to changes in electron configuration of the hydrogen atom from some initial value of the principal quantum number n to a final value of n = 2. The longest- wavelength member of the Balmer series has l = 656 nm. Which is not a member of the Balmer series?,,classified
2026-usnco-national-exam-part-i.pdf,45,8,Atomic Structure/Periodicity,The melting points of the group 6 elements increase in the order Cr (2180 °C) < Mo (2896 °C) < W (3695 °C). Which is the best explanation for this trend?,"Melting points overlap states, but the explanation concerns an elemental group trend.",classified
2026-usnco-national-exam-part-i.pdf,46,8,Atomic Structure/Periodicity,Which is the best representation of the lowest-energy excited state of a carbon atom?,,classified
2026-usnco-national-exam-part-i.pdf,47,8,Atomic Structure/Periodicity,Which statements regarding the standard reduction potentials of the group 14 element dioxides XO are 2 correct? XO + 4 H+(aq) + 4 e– ® X(s) + 2 H O(l) E°(X) 2 2 I. E°(C) < E°(Si) II. E°(Sn) < E°(Pb),Reduction potentials are compared across group 14; the task is the periodic trend rather than a cell calculation.,classified
2026-usnco-national-exam-part-i.pdf,48,8,Atomic Structure/Periodicity,By which mode does 92Tc undergo radioactive decay?,,classified
2026-usnco-national-exam-part-i.pdf,49,8,Bonding/Molecular Structure,Which gas-phase molecules are linear? I. CO II. ClO 2 2,,classified
2026-usnco-national-exam-part-i.pdf,50,8,Bonding/Molecular Structure,"Which best describes the formal charge on nitrogen in Lewis structures of the nitrite ion, NO –? 2",,classified
2026-usnco-national-exam-part-i.pdf,51,8,Bonding/Molecular Structure,Which species have a bond order of 3? I. CO II. CN–,,classified
2026-usnco-national-exam-part-i.pdf,52,9,Bonding/Molecular Structure,"How many s and π bonds are there in a molecule of allene, H CCCH ? 2 2",,classified
2026-usnco-national-exam-part-i.pdf,53,9,Bonding/Molecular Structure,Which best describes the arrangement of the atoms in space in S F ? 2 4,,classified
2026-usnco-national-exam-part-i.pdf,54,9,Bonding/Molecular Structure,Which species have an octahedral geometry? I. W(CO) II. XeF 6 6,,classified
2026-usnco-national-exam-part-i.pdf,55,9,Organic/Biochemistry,"How many stereoisomers of 1,2,3-trichlorocyclopentane are possible? Cl Cl Cl",,classified
2026-usnco-national-exam-part-i.pdf,56,9,Organic/Biochemistry,Which compound is the weakest base? H H,"Organic base strength is determined by molecular structure/resonance, rather than a numerical equilibrium calculation.",classified
2026-usnco-national-exam-part-i.pdf,57,9,Organic/Biochemistry,Which reaction of cyclohexene proceeds via a carbocation intermediate?,,classified
2026-usnco-national-exam-part-i.pdf,58,9,Organic/Biochemistry,Which alkyl halide undergoes nucleophilic substitution by CN– in acetone at the fastest rate?,"Relative substitution rates are assessed through organic substrate structure and mechanism, not a kinetic rate law.",classified
2026-usnco-national-exam-part-i.pdf,59,9,Organic/Biochemistry,How many hydroxyl groups are equatorial in the most stable chair conformation of myo-inositol? OH HO OH myo-inositol HO OH OH,,classified
2026-usnco-national-exam-part-i.pdf,60,9,Organic/Biochemistry,Which amino acid H NCHRCOOH residue is most likely 2 to be found in the interior of a folded globular protein at pH 7 rather than at its surface?,,classified
2025-usnco-national-exam-part-i.pdf,1,3,Stoichiometry/Solutions,"Adipic acid, C H O (M = 146.15), is prepared by the 6 10 4 partial oxidation of cyclohexane, C H (M = 84.16), 6 12 according to the following balanced reaction: 2 C H (l) + 5 O (g) → 2 C H O (s) + 2 H O(l) 6 12 ... g cyclohexane reacts with excess oxygen to give 33.5 g of adipic acid. What is the yield of the reaction?",,classified
2025-usnco-national-exam-part-i.pdf,2,3,Stoichiometry/Solutions,"When a 1.000 g sample of CoCO is heated under 3 vacuum, it forms 0.630 g of an oxide of cobalt. When this sample is exposed to air, it forms a second oxide of cobalt, and attains a mass of 0.675 g. What are the formulas of the first and second oxide of cobalt, respectively?",,classified
2025-usnco-national-exam-part-i.pdf,3,3,Stoichiometry/Solutions,"A white, crystalline solid contains only the elements C, H, N, and O. Complete combustion of a 1.000 g sample gives 1.831 g CO (M = 44.01) and 0.750 g H O (M = 2 2 18.02). What is its molecular formula?",,classified
2025-usnco-national-exam-part-i.pdf,4,3,Stoichiometry/Solutions,10.0 mL of 0.100 M CaCl is mixed with 10.0 mL of 2 0.050 M AgNO . What is the concentration of chloride 3 ion in the final solution?,,classified
2025-usnco-national-exam-part-i.pdf,5,3,Stoichiometry/Solutions,A metal sulfate decahydrate contains 31.48% water by mass. What is the metal?,,classified
2025-usnco-national-exam-part-i.pdf,6,3,Stoichiometry/Solutions,"Which procedures will result in a 1.000 m solution of sodium acetate? I. Adding 1.000 mol sodium acetate trihydrate to a 1.000-liter volumetric flask, adding deionized water to dissolve, and then filling to the mark II. Mixing 1.000 mol sodium hydroxide with 1.000 mol acetic acid and 1.000 kg deionized water",,classified
2025-usnco-national-exam-part-i.pdf,7,3,Descriptive/Laboratory,A white solid is either sodium carbonate or sodium sulfate. Which procedure will best distinguish between the two?,,classified
2025-usnco-national-exam-part-i.pdf,8,3,Descriptive/Laboratory,A colorimeter contains four LEDs. Which one would give the best results in determining the concentration of a substance that forms a blue solution?,,classified
2025-usnco-national-exam-part-i.pdf,9,3,Descriptive/Laboratory,A student wishes to determine the number of colored dyes present in the ink of a black felt-tip marker. Which technique would be most suitable?,,classified
2025-usnco-national-exam-part-i.pdf,10,3,Descriptive/Laboratory,A solution of a metal chloride gives a red flame test. Which metal is it?,,classified
2025-usnco-national-exam-part-i.pdf,11,4,Descriptive/Laboratory,Exposure of an aqueous solution of which ion to oxygen gas will cause a color change?,,classified
2025-usnco-national-exam-part-i.pdf,12,4,Descriptive/Laboratory,A student determines the rate constant for the reaction of iodide with hydrogen peroxide in strongly acidic solution (Rate = k[H O ][I–][H+]) by mixing 1.00 mL aliquots of 2 2 solutions of known concentrations  ... olutions will cause the value of the rate constant to be too high? I. Hydrochloric acid II. Ascorbic acid,A kinetic measurement is the experiment; the question asks about an experimental error.,classified
2025-usnco-national-exam-part-i.pdf,13,4,States Of Matter,"8.82 g of Br is placed in an evacuated 1.00 L flask and 2 heated to 58.8 °C, the normal boiling point of bromine. How much liquid bromine remains at equilibrium?",,classified
2025-usnco-national-exam-part-i.pdf,14,4,States Of Matter,"The normal boiling point of dichloromethane (CH Cl ) is 2 2 40 °C, while the normal boiling point of chloroform (CHCl ) is 61 °C. An increase in which type of 3 intermolecular forces is most responsible for this increase in boiling point?",,classified
2025-usnco-national-exam-part-i.pdf,15,4,States Of Matter,Which has the highest melting point?,,classified
2025-usnco-national-exam-part-i.pdf,16,4,States Of Matter,Platinum crystallizes in a face-centered cubic unit cell. The atomic radius of platinum is 139 pm. What is the density of solid platinum?,,classified
2025-usnco-national-exam-part-i.pdf,17,4,States Of Matter,Which statement about elemental sulfur (S ) is correct? 8,,classified
2025-usnco-national-exam-part-i.pdf,18,4,States Of Matter,"The unit cell of solid fluorite, CaF , is shown below. 2 Which statement about fluorite is correct?",,classified
2025-usnco-national-exam-part-i.pdf,19,5,Thermodynamics,PCl5 formation equilibrium constant from thermodynamic data,The equilibrium constant is calculated from the thermodynamic data supplied in the shared passage.,classified
2025-usnco-national-exam-part-i.pdf,20,5,Thermodynamics,Standard Gibbs energy of formation of PCl5,,classified
2025-usnco-national-exam-part-i.pdf,21,5,Thermodynamics,"Which quantities are independent of the path taken, given the same initial and final state? I. The work done by the reaction of a mole of gaseous propane with excess gaseous oxygen to form carbon dioxide and wa ... absorbed by the expansion of a mole of carbon dioxide from a pressure of 4.0 atm to a pressure of 1.0 atm",,classified
2025-usnco-national-exam-part-i.pdf,22,5,Thermodynamics,"The standard enthalpy of combustion of propene, C H (g), is –1926 kJ mol-1. Given the tabulated bond 3 6 dissociation enthalpies (BDEs), what is the bond dissociation enthalpy of a C=C bond? C H (g) + 4.5 O (g) ... rxn Bond BDE, kJ mol-1 Bond BDE, kJ mol-1 C–H 415 C–O 350 O–H 464 C=O 804 O–O 140 C–C 345 O=O 498 C=C ???",,classified
2025-usnco-national-exam-part-i.pdf,23,5,Thermodynamics,Which reaction has ∆S° > 0?,,classified
2025-usnco-national-exam-part-i.pdf,24,5,Thermodynamics,"A sample of 10.0 g ammonium nitrate (M = 80.1) is added to 100.0 g water in a well-insulated container. The solid and liquid are both initially at 22.0 °C, and the temperature of the solution after the ammonium ... s the same as that of pure water, 4.184 J g-1 K-1. NH NO (s) → NH +(aq) + NO –(aq) ∆H° = ??? 4 3 4 3 soln",,classified
2025-usnco-national-exam-part-i.pdf,25,5,Kinetics,The rate law for the oxidation of iodide to iodine by hydrogen peroxide in weakly acidic solution is studied by allowing the reaction to proceed in the presence of a fixed amount of sodium thiosulfate (which ra ... 0 1.0 2.0 2.0 68.9 3 2.0 1.0 4.0 2.0 33.2 4 2.0 1.0 2.0 4.0 32.9 Order in H O Order in I– Order in H+ 2 2,,classified
2025-usnco-national-exam-part-i.pdf,26,5,Kinetics,"The oxidation of cyanide ion to cyanate ion by hypoiodite is proposed to take place by the following mechanism. If the pH is greater than either the pK of a HOI or of HCN, what is the rate law? OI– + H+ ⇌ HOI fast CN– + HOI ⇌ ICN + OH– fast, unfavorable ICN + OH– → HOCN + I– slow HOCN + OH– → OCN– + H O fast 2",,classified
2025-usnco-national-exam-part-i.pdf,27,6,Kinetics,Bromine-86 half-life from consecutive radioactive decays,Nuclear decay is the setting; the requested result is a decay half-life from time-dependent amounts.,classified
2025-usnco-national-exam-part-i.pdf,28,6,Kinetics,"A reactant R undergoes independent, irreversible first- order reactions to form two products, X and Y. The reaction to form X has an activation energy that is 20.0 kJ mol-1 higher than the activation energy of the reaction to form Y. At 50.0 °C, the yield of X is 50.0%. What is the yield of X at 70.0 °C?",,classified
2025-usnco-national-exam-part-i.pdf,29,6,Kinetics,Solvent-polarity effects on substitution reaction energy profile,Organic substitution supplies the setting; the task interprets solvent effects on a reaction-coordinate diagram.,classified
2025-usnco-national-exam-part-i.pdf,30,6,Kinetics,Carbon isotope effect on a substitution reaction rate,An isotope effect is the setting; the question explains a difference in reaction rates.,classified
2025-usnco-national-exam-part-i.pdf,31,6,Equilibrium,Given the equilibrium constants: Ag+(aq) + Cl–(aq) ⇌ AgCl(s) K 1 2 Ag+(aq) + CrO 2-(aq) ⇌ Ag CrO (s) K 4 2 4 2 What is the equilibrium constant for the following reaction? 2 AgCl(s) + CrO 2-(aq) ⇌ Ag CrO (s) + 2 Cl–(aq) 4 2 4,,classified
2025-usnco-national-exam-part-i.pdf,32,6,Equilibrium,"A solution of allylamine, C H NH , is 3.61% ionized and 3 5 2 has a pH = 11.12. What is the pK of the allylammonium a ion, C H NH +? 3 5 3",,classified
2025-usnco-national-exam-part-i.pdf,33,6,Equilibrium,"A solution of formic acid, HCOOH, is titrated with 0.1000 M NaOH and the data below are obtained. At the point where 15.0 mL of NaOH have been added, what are the relative concentrations of HCOOH, HCOO–, and Na+?",,classified
2025-usnco-national-exam-part-i.pdf,34,7,Equilibrium,"At high temperatures, solid calcium carbonate (M = 100.09) is in equilibrium with solid calcium oxide and carbon dioxide gas. CaCO (s) ⇌ CaO(s) + CO (g) 3 2 Into an evacuated 30.0 L chamber maintained at 1200 K ... ar. What will the total pressure be at equilibrium if an additional 3.0 g CaCO is added to the chamber? 3",,classified
2025-usnco-national-exam-part-i.pdf,35,7,Equilibrium,"At a certain temperature, the reaction below has K = p 3.75. Initially, all four gases are in a rigid container, each with a partial pressure of 0.60 bar. What will the partial pressure of SO (g) be once the system achieves 2 equilibrium? SO (g) + NO (g) ⇌ SO (g) + NO(g) K = 3.75 2 2 3 p",,classified
2025-usnco-national-exam-part-i.pdf,36,7,Equilibrium,"Cadmium iodate, Cd(IO ) , has K = 2.5  10-8. Iodide 3 2 sp ion forms a complex ion CdI 2- with K = 1.3  106. What 4 f is the minimum amount of iodide ion that would need to be added to dissolve 0.100 mol Cd(IO ) in 1.00 L of 3 2 solution?",,classified
2025-usnco-national-exam-part-i.pdf,37,7,Oxidation - Reduction,What is the average oxidation state of molybdenum in the phosphomolybdate ion PMo O 3–? 12 40,,classified
2025-usnco-national-exam-part-i.pdf,38,7,Oxidation - Reduction,"For a voltaic cell Zn|Zn+2(1.0 M)‖Ag+ (1.0 M)|Ag, which is correct?",,classified
2025-usnco-national-exam-part-i.pdf,39,7,Oxidation - Reduction,A 1.000 g sample of a gold compound is electrolyzed exhaustively to deposit all the gold present on the cathode. This requires 4700 s of electrolysis with a constant current of 0.130 A. What is the compound?,,classified
2025-usnco-national-exam-part-i.pdf,40,7,Bonding/Molecular Structure,Silicon photovoltaic band-gap losses,"Tests solid-state electronic band structure and photon absorption, rather than electrode reactions or cell potentials.",classified
2025-usnco-national-exam-part-i.pdf,41,7,Oxidation - Reduction,"The standard reduction potential E° for the reduction of permanganate to manganese(II) in acidic solution is 1.51 V at 298 K. What is the value of E for the half-reaction at 298 K at the given concentrations? MnO –(aq, 0.0100 M) + 8 H+(aq, 0.200 M) + 5 e– → 4 Mn2+(aq, 0.0200 M) + 4 H O(l) 2",,classified
2025-usnco-national-exam-part-i.pdf,42,7,Oxidation - Reduction,"What is the standard reduction potential E° for the reduction of hydrogen selenate to hydrogen selenide? HSeO –(aq) + 9 H+(aq) + 8 e– → H Se(aq) + 4 H O(l) 4 2 2 E° = ??? Half-reaction E°, V HSeO –(aq) + 3 H+(a ... 3 2 H SeO (aq) + 4 H+(aq) + 4 e– → 0.74 2 3 Se(s) + 3 H O(l) 2 Se(s) + 2 H+(aq) + 2 e– → H Se(aq) –0.11 2",,classified
2025-usnco-national-exam-part-i.pdf,43,7,Atomic Structure/Periodicity,"In what group is the atom with the following ionization energies? IE , IE , IE , IE , 1 2 3 4 kJ mol-1 kJ mol-1 kJ mol-1 kJ mol-1 738 1450 7730 10500",,classified
2025-usnco-national-exam-part-i.pdf,44,8,Atomic Structure/Periodicity,"In a ground-state gas-phase Sb atom, how many electrons have the quantum numbers n = 5, l = 1, and m = 0? l",,classified
2025-usnco-national-exam-part-i.pdf,45,8,Atomic Structure/Periodicity,Two atomic orbitals have the same number of radial nodes and the same magnetic quantum number m. l Which other quantum numbers must these orbitals have in common? I. The principal quantum number n II. The angular momentum quantum number l,,classified
2025-usnco-national-exam-part-i.pdf,46,8,Atomic Structure/Periodicity,The p block elements in the third row of the periodic table (Al–Cl) release more energy when an electron is added to the gas phase atoms than do their lighter congeners (B–F). Which is the best explanation for this phenomenon?,,classified
2025-usnco-national-exam-part-i.pdf,47,8,Atomic Structure/Periodicity,Which elements are closest in electronegativity?,,classified
2025-usnco-national-exam-part-i.pdf,48,8,Atomic Structure/Periodicity,By what mode does 212Po undergo radioactive decay?,,classified
2025-usnco-national-exam-part-i.pdf,49,8,Bonding/Molecular Structure,Which species has a square planar geometry?,,classified
2025-usnco-national-exam-part-i.pdf,50,8,Bonding/Molecular Structure,Which isomer of CNO– is most stable?,,classified
2025-usnco-national-exam-part-i.pdf,51,8,Bonding/Molecular Structure,"How many stereoisomers of octahedral Co(en) Cl + are 2 2 possible (en = ethylenediamine, H NCH CH NH )? 2 2 2 2",,classified
2025-usnco-national-exam-part-i.pdf,52,8,Bonding/Molecular Structure,"Which statement most accurately describes the bonding in the acetyl cation, CH CO+? 3",,classified
2025-usnco-national-exam-part-i.pdf,53,8,Organic/Biochemistry,Relative acidity of protons in ascorbic acid,Organic functional groups and resonance stabilization determine which proton is most acidic.,classified
2025-usnco-national-exam-part-i.pdf,54,8,Bonding/Molecular Structure,Which statements about the gas-phase molecule NF are correct? I. It has two unpaired electrons in its lowest-energy state. II. It has a smaller ionization energy than atomic N.,,classified
2025-usnco-national-exam-part-i.pdf,55,8,Organic/Biochemistry,How many stable isomers of C H are there? 4 8,,classified
2025-usnco-national-exam-part-i.pdf,56,8,Organic/Biochemistry,Which compound absorbs infrared radiation strongly at 1715 cm–1?,,classified
2025-usnco-national-exam-part-i.pdf,57,8,Descriptive/Laboratory,Instrumental distinction of 2-pentanol and 3-pentanol,The requested decision is selection of an analytical instrument; organic isomers supply the samples.,classified
2025-usnco-national-exam-part-i.pdf,58,9,Organic/Biochemistry,"The structure of gutta percha, a naturally occurring polymer, is shown below. Which compound is the monomeric building block of gutta percha?",,classified
2025-usnco-national-exam-part-i.pdf,59,9,Organic/Biochemistry,In the presence of which catalysts will the two esters below hydrolyze at different rates from each other? I. H SO II. Pig liver esterase 2 4,The key distinction is stereospecific biological catalysis versus an achiral acid catalyst.,classified
2025-usnco-national-exam-part-i.pdf,60,9,Organic/Biochemistry,Which structure does not readily produce D-glucose when dissolved in acidic solution?,,classified
2024-usnco-national-exam-part-i.pdf,1,3,Stoichiometry/Solutions,"What is the mole fraction of acetic acid (CH COOH, M = 3 60.05) in an aqueous solution that is 11.7% by mass acetic acid?",,classified
2024-usnco-national-exam-part-i.pdf,2,3,Stoichiometry/Solutions,Hydrogen peroxide (M = 34.02) decomposes to give water and oxygen gas. How much 3.00% by mass aqueous H O must decompose to afford 4.00 L of dry O 2 2 2 at STP?,,classified
2024-usnco-national-exam-part-i.pdf,3,3,Stoichiometry/Solutions,"A diamagnetic compound that contains only carbon, hydrogen, nitrogen, and oxygen is 19.99% C, 3.35% H, and 23.31% N by mass. Which is its molecular formula?",,classified
2024-usnco-national-exam-part-i.pdf,4,3,Stoichiometry/Solutions,What is the chloride ion concentration in a solution prepared by mixing 35.0 mL of 0.35 M sodium chloride and 65.0 mL of 0.65 M calcium chloride?,,classified
2024-usnco-national-exam-part-i.pdf,5,3,Stoichiometry/Solutions,"17.0 g Ba(NO ) (M = 261.32) is mixed with 11.5 g of an 3 2 alkali metal sulfate and the precipitated BaSO (M = 4 233.37) is collected by filtration, placed in a tared crucible, and the crucible heated to drive off water. The mass of BaSO obtained is 15.4 g. Which conclusion is 4 best supported by the data?",,classified
2024-usnco-national-exam-part-i.pdf,6,3,Stoichiometry/Solutions,10.0 mL of 0.50 M potassium sulfate and 10.0 mL of 0.50 M silver nitrate solutions are mixed and the mixture is allowed to attain equilibrium. Which ordering of the concentrations of the ions in solution is correct?,"Equilibrium establishes the endpoint, but the relative ion amounts are primarily a solution material-balance question.",classified
2024-usnco-national-exam-part-i.pdf,7,3,Descriptive/Laboratory,A neutral organic compound is to be separated from a basic impurity by washing a solution of the compound in hexane with 5% aqueous HCl. Which apparatus is best suited to this operation?,,classified
2024-usnco-national-exam-part-i.pdf,8,3,Descriptive/Laboratory,Which substance may be treated with bleach (sodium hypochlorite) to render it less hazardous?,,classified
2024-usnco-national-exam-part-i.pdf,9,4,Descriptive/Laboratory,Which indicator would be most suitable for a titration to determine the concentration of ammonia in a window cleaning solution using aqueous HCl?,Selects an indicator for an analytical titration; acid-base equilibria inform the laboratory choice.,classified
2024-usnco-national-exam-part-i.pdf,10,4,Descriptive/Laboratory,"A test tube contains 4 mL of a solution that is 0.1 M in one or more of the following salts: AgNO , Mn(NO ) , 3 3 2 and Al(NO ) . 1 mL of 6 M HCl is added to the test tube, 3 3 which causes neither a color chan ... What may be determined about the cations initially present? Must be May be Must be present present absent",,classified
2024-usnco-national-exam-part-i.pdf,11,4,Descriptive/Laboratory,"Ethane, C H , and diborane, B H , do not adopt 2 6 2 6 analogous molecular structures. Which experimental technique would be least useful in establishing this fact?",,classified
2024-usnco-national-exam-part-i.pdf,12,4,Descriptive/Laboratory,The concentration of a solution of potassium permanganate is determined by titrating it into an Erlenmeyer flask with solid ferrous ammonium sulfate hexahydrate (Fe(NH ) (SO ) • 6 H O) dissolved in dilute 4 2 4 ... ich error would result in a measured concentration of KMnO that is lower than the actual 4 concentration?,,classified
2024-usnco-national-exam-part-i.pdf,13,4,States Of Matter,A sample of pentane (bp = 36 °C) is in a rigid closed container at 50 °C and 1 atm. Which best describes what happens when the container is heated?,,classified
2024-usnco-national-exam-part-i.pdf,14,4,States Of Matter,Which compound has the highest normal boiling point?,,classified
2024-usnco-national-exam-part-i.pdf,15,4,States Of Matter,A mole of which gas has the smallest volume at 0 °C and 1 atm pressure?,,classified
2024-usnco-national-exam-part-i.pdf,16,4,States Of Matter,Physical-property comparison using heating curves of two solids,"Heating curves compare physical properties of two solids, with heat capacities and phase transitions as supporting data.",classified
2024-usnco-national-exam-part-i.pdf,17,5,States Of Matter,"A sample of a pure substance is placed in a sealed, rigid container and the pressure is measured as a function of temperature. Which is the best explanation for the result shown?",,classified
2024-usnco-national-exam-part-i.pdf,18,5,States Of Matter,Cesium chloride (M = 168.4) crystallizes in a primitive cubic unit cell with each cesium ion surrounded by eight chloride ions arranged in a cube. The density of solid CsCl is 3.988 g cm-3. What is the Cs–Cl distance?,,classified
2024-usnco-national-exam-part-i.pdf,19,5,Thermodynamics,Steam turbines convert heat energy into mechanical work. Which statement best describes the efficiency of this process?,,classified
2024-usnco-national-exam-part-i.pdf,20,5,Thermodynamics,"At what temperatures is the decomposition of tungstic acid, H WO (s), to tungsten trioxide and water vapor 2 4 spontaneous under standard conditions? H WO (s) ® WO (s) + H O(g) 2 4 3 2 Compound ∆H°, kJ mol-1 S°, J mol-1 K-1 f H WO (s) –1130 140 2 4 WO (s) –840 80 3 H O(g) –240 190 2",,classified
2024-usnco-national-exam-part-i.pdf,21,5,Thermodynamics,"In a well-insulated container, 10.0 g solid octane at its freezing point (–56.9 °C) is added to 300.0 mL liquid octane at 0.0 °C (density = 0.71 g mL-1). After equilibrium is achieved, the temperature is –6.3 ° ... nt is repeated under the same conditions except with 100.0 g solid octane, what is the final temperature?",,classified
2024-usnco-national-exam-part-i.pdf,22,5,Thermodynamics,"Amphiphilic species like CH (CH ) COO– can aggregate 3 2 10 into micelles in water, as depicted schematically below. ΔS for micelle formation is positive. Which best explains why?",Micelles provide the context; the actual task explains a positive entropy change.,classified
2024-usnco-national-exam-part-i.pdf,23,6,Thermodynamics,"What is ∆G° of C H (g) at 25 °C? f 2 4 Substance ∆H°, kJ mol-1 S°, J mol-1 K-1 f C H (g) 52.4 219.3 2 4 H (g) 0 130.7 2 C(s, graphite) 0 5.7",,classified
2024-usnco-national-exam-part-i.pdf,24,6,Thermodynamics,"The ∆H° of CH (g) is –74.6 kJ mol-1 and the bond f 4 dissociation enthalpies (BDEs) of several bonds are given in the table. Bond BDE, kJ mol-1 C–C 347 C–H 413 H–H 432 Based on these data, what is the molar enthalpy of sublimation of C(s,graphite) to form C(g)?",,classified
2024-usnco-national-exam-part-i.pdf,25,6,Kinetics,"For a reaction X + Y ® Z, data for three experiments are given. [X] , M [Y] , M Initial rate, M-1 min-1 0 0 0.10 0.10 2.0 ´ 10-4 0.30 0.10 6.0 ´ 10-4 0.30 0.30 5.4 ´ 10-3 Which mechanism is consistent with the above data? (Reactions shown as reversible are assumed to be rapid and unfavorable.)",,classified
2024-usnco-national-exam-part-i.pdf,26,6,Kinetics,208Po undergoes a decay to form stable 204Pb with a half- life of 2.90 years. A sample of 208Po was measured with a Geiger counter 5.20 years ago as having an activity of 1320 disintegrations per second. What is its activity today?,,classified
2024-usnco-national-exam-part-i.pdf,27,6,Kinetics,"A reversible reaction occurs as follows: 2 A(g) + B(g) ⇌ C(g) + D(g) Under a certain set of conditions, the rate law for the forward reaction is determined to be Rate = k[A][B]. f Under these conditions, what is the rate law for the reverse reaction?",,classified
2024-usnco-national-exam-part-i.pdf,28,6,Kinetics,"A compound A reacts by two independent irreversible pathways to give two products, B and C. At 300 K, 35% of the product is B, while at 320 K, 70% of the product is B. What may be concluded about the activation energy of the pathway to form B compared to the activation energy of the pathway to form C?",,classified
2024-usnco-national-exam-part-i.pdf,29,6,Kinetics,"The irreversible reaction A + B ® C takes place by the following two-step mechanism involving an intermediate X whose concentration is low throughout the reaction: k 1 A X k –1 k 2 X + B C Which statement cannot be correct regardless of the values of k , k , and k ? 1 –1 2",,classified
2024-usnco-national-exam-part-i.pdf,30,7,Kinetics,"Nitramide decomposes to nitrous oxide in aqueous solution: NH NO (aq) ® N O(g) + H O(l) 2 2 2 2 In solutions with pH ≥ 12, the rate law for this reaction is: [NH#NO#] Rate = k [H%O&] The reaction is monitored w ... . Which graph best represents the time-dependence of the nitramide concentrations in the two experiments?",,classified
2024-usnco-national-exam-part-i.pdf,31,7,Equilibrium,A sample of 0.320 mol of a weak monoprotic acid in 1.00 L of solution is 10.2% ionized. What is K for this acid? a,,classified
2024-usnco-national-exam-part-i.pdf,32,7,Equilibrium,"Typically, the molar solubility x of an ionic compound in pure water and its K are related by a simple formula. sp Which formula is not expected for K for an ionic sp compound?",,classified
2024-usnco-national-exam-part-i.pdf,33,7,Equilibrium,"Equal volumes of 0.1 M solutions of NaH PO and 2 4 Na PO are mixed. What is the pH of the resulting 3 4 solution? For H PO , pK = 2.12, pK = 7.21, pK = 3 4 a1 a2 a3 12.32.",,classified
2024-usnco-national-exam-part-i.pdf,34,7,Equilibrium,"5.00 g of nitrogen dioxide is introduced into an evacuated, rigid 1.00 L container. It is allowed to equilibrate according to the reaction below at 310 K, and the total pressure in the vessel is 1.71 bar. What is K for p the reaction at 310 K? N O (g) ⇌ 2 NO (g) 2 4 2",,classified
2024-usnco-national-exam-part-i.pdf,35,7,Equilibrium,"A mixture containing CO(g), H O(g), CO (g), and H (g) 2 2 2 is allowed to reach equilibrium at 120 °C in a container that maintains a constant total pressure of 1.0 bar. CO(g) + H O(g) ⇌ CO (g) + H (g) 2 2 2 5. ... ar total pressure). How does the partial pressure of H (g) change 2 as a result of the addition of H O? 2",,classified
2024-usnco-national-exam-part-i.pdf,36,7,Equilibrium,0.01 mol of AgNO is dissolved in 1.00 L of 1.00 M 3 aqueous NH . What is the minimum amount of HCl that 3 would need to be added to this solution to induce precipitation of AgCl? The K of AgCl is 1.8 ´ 10-10; the sp K of Ag(NH ) + is 1.6 ´ 107; and the K of NH + is 5.6 ´ f 3 2 a 4 10-10.,,classified
2024-usnco-national-exam-part-i.pdf,37,7,Oxidation - Reduction,In which compound does the oxidation number of oxygen differ from –2?,,classified
2024-usnco-national-exam-part-i.pdf,38,7,Oxidation - Reduction,"Copper metal reacts with nitric acid to form NO(g) as shown in the unbalanced reaction shown below. When the reaction is balanced using lowest whole number coefficients, what is the coefficient of H+(aq)? Cu(s) + H+(aq) + NO –(aq) ® 3 Cu2+(aq) + NO(g) + H O(l) 2",,classified
2024-usnco-national-exam-part-i.pdf,39,7,Oxidation - Reduction,"In the Hall-Héroult process for producing aluminum, aluminum is electrolytically reduced from Al O 2 3 dissolved in molten cryolite, Na AlF , while a graphite 3 6 anode is oxidized to CO . What is the ratio of the mass 2 of Al deposited on the cathode to the mass of C lost from the anode?",,classified
2024-usnco-national-exam-part-i.pdf,40,8,Oxidation - Reduction,"The cathode of an electrolytic cell with a copper electrode initially has 100.0 mL of a solution that is 1.00 M in both Cu2+(aq) and Fe(CN) 3-(aq). The solution is 6 electrolyzed with a constant current of 0.50 ...  electrode? Half-reaction E°, V Fe(CN) 3-(aq) + e– ® Fe(CN) 4-(aq) 0.370 6 6 Cu2+(aq) + 2e– ® Cu(s) 0.337",,classified
2024-usnco-national-exam-part-i.pdf,41,8,Oxidation - Reduction,A molecule absorbs a photon of light to form an excited state. How do the redox properties of the excited state compare to those of the ground state?,,classified
2024-usnco-national-exam-part-i.pdf,42,8,Oxidation - Reduction,"What is ∆G° at 298 K for the disproportionation of PbO(s)? 2 PbO(s) ® PbO (s) + Pb(s) ∆G° = ??? 2 Half-reaction E°, V PbO (s) + 4 H+(aq) + 4e– ® Pb(s) + 2 0.671 2 H O(l) 2 PbO(s) + H O(l) + 2e– ® Pb(s) + 2 OH–(aq) –0.580 2",The requested Gibbs energy is derived from electrode reduction potentials.,classified
2024-usnco-national-exam-part-i.pdf,43,8,Atomic Structure/Periodicity,For which gas-phase atoms is addition of an electron endothermic? I. Li II. N,,classified
2024-usnco-national-exam-part-i.pdf,44,8,Atomic Structure/Periodicity,Which atom has the lowest first ionization energy?,,classified
2024-usnco-national-exam-part-i.pdf,45,8,Atomic Structure/Periodicity,How many electrons in a ground-state gas-phase atom of arsenic (As) have a quantum number m = 1? l,,classified
2024-usnco-national-exam-part-i.pdf,46,8,Atomic Structure/Periodicity,Which orbital has the same number of radial nodes as a 3s orbital?,,classified
2024-usnco-national-exam-part-i.pdf,47,8,Atomic Structure/Periodicity,Which lanthanide has a common oxidation number different from +3?,Tests common oxidation states across the lanthanides rather than an oxidation-reduction reaction.,classified
2024-usnco-national-exam-part-i.pdf,48,8,Atomic Structure/Periodicity,Which radioisotope decays by beta (b–) emission?,,classified
2024-usnco-national-exam-part-i.pdf,49,8,Bonding/Molecular Structure,"Which is a valid Lewis structure for nitric acid, HNO ? 3",,classified
2024-usnco-national-exam-part-i.pdf,50,8,Bonding/Molecular Structure,"Which statements about carbon-oxygen bond lengths are correct? I. The carbon-oxygen bond in carbon dioxide, CO , 2 is shorter than the carbon-oxygen bond in carbonyl sulfide, COS. II. The carbon-oxygen bond in phosgene, COCl , is 2 shorter than the carbon-oxygen bond in urea, CO(NH ) . 2 2",,classified
2024-usnco-national-exam-part-i.pdf,51,8,Bonding/Molecular Structure,Which statement best describes the relative Lewis acidity of BF and BCl ? 3 3,,classified
2024-usnco-national-exam-part-i.pdf,52,9,Bonding/Molecular Structure,Which comparisons of bond angles are correct? I. The bond angle in NH is greater than the bond 3 angle in NF . 3 II. The bond angle in NH is greater than the bond 3 angle in PH . 3,,classified
2024-usnco-national-exam-part-i.pdf,53,9,Bonding/Molecular Structure,The gas-phase molecules B and O are both 2 2 paramagnetic. Which statement about the relative energies of their molecular orbitals explains these observations? I. The s MO is higher in energy than the π 2p 2p MO’s. II. The s* MO is higher in energy than the π* 2p 2p MO’s.,,classified
2024-usnco-national-exam-part-i.pdf,54,9,Bonding/Molecular Structure,How many stereoisomers are there of the octahedral coordination complex Co(NH CH CO ) ? 2 2 2 3,,classified
2024-usnco-national-exam-part-i.pdf,55,9,Organic/Biochemistry,How many tertiary alcohols have the formula C H O? 5 12,,classified
2024-usnco-national-exam-part-i.pdf,56,9,Organic/Biochemistry,Which difluorocyclohexanes are optically active? I. F II. F F F,,classified
2024-usnco-national-exam-part-i.pdf,57,9,Organic/Biochemistry,Which best describes the outcome of extracting a dilute solution of benzoic acid in diethyl ether with 5% aqueous NaHCO3?,Acid-base extraction is the application; the organic functional group controls the outcome.,classified
2024-usnco-national-exam-part-i.pdf,58,9,Organic/Biochemistry,Which product would be obtained in the greatest quantity from bromination of 4-nitrotoluene using an aluminum bromide catalyst? CH 3 Br 2 cat. AlBr 3 NO 2,,classified
2024-usnco-national-exam-part-i.pdf,59,9,Organic/Biochemistry,"Which compound is least reactive toward ethylmagnesium bromide, CH CH MgBr? 3 2",,classified
2024-usnco-national-exam-part-i.pdf,60,9,Organic/Biochemistry,"Which statements describe significant differences between RNA and DNA? I. The bases used in RNA include three purines and one pyrimidine, while those in DNA include two purines and two pyrimidines. II. Hydrolysis of RNA frequently involves cyclic phosphate intermediates, while hydrolysis of DNA never does.",,classified
2023-usnco-national-exam-part-i.pdf,1,3,Stoichiometry/Solutions,An amino acid (M = 174) with a formula of C H N O a b x 2 contains 8.1% by mass of H and 41.3% by mass of C. What is the value of x in its formula?,,classified
2023-usnco-national-exam-part-i.pdf,2,3,Stoichiometry/Solutions,Potassium tris(oxalato)ferrate(III) trihydrate is prepared by precipitation from aqueous solution according to the following equation: 3 K C O (aq) + FeCl (aq) + 3 H O(l) ® 2 2 4 3 2 K Fe(C O ) • 3H O(s) + 3 KC ...  isolates 5.74 g 3 K Fe(C O ) • 3H O by filtration. What is the percent 3 2 4 3 2 yield of this reaction?,,classified
2023-usnco-national-exam-part-i.pdf,3,3,Stoichiometry/Solutions,"Carbon tetrachloride (CCl , M = 153.8, density = 1.59 g 4 mL-1) and heptane (C H , M = 100.2, density = 0.68 g 7 16 mL-1) are miscible liquids. Which solution has the highest concentration of CCl ? 4",,classified
2023-usnco-national-exam-part-i.pdf,4,3,Stoichiometry/Solutions,A solution of 5.00 g of which substance dissolved in 100.0 g water has the highest boiling point?,,classified
2023-usnco-national-exam-part-i.pdf,5,3,Stoichiometry/Solutions,"A 1.802-g sample of a hydrated double salt containing two different metal ions with the formula of M (M ) (SO ) • 22H O is heated strongly to drive off A B 2 4 4 2 all the water, leaving a residue of 1.000 g. What is the identity of M ? A",,classified
2023-usnco-national-exam-part-i.pdf,6,3,Stoichiometry/Solutions,Hypochlorite ion reacts with hydrogen peroxide to produce oxygen gas. OCl–(aq) + H O (aq) ® H O(l) + Cl–(aq) + O (g) 2 2 2 2 A series of experiments is carried out where 10.0 mL of a 0.30 M solution of hydrogen ... r water. Which graph best represents how the volume of O varies 2 with the volume of NaOCl solution used?,,classified
2023-usnco-national-exam-part-i.pdf,7,3,Descriptive/Laboratory,A weighed sample of iron ore is dissolved in 10 mL of 1.0 M hydrochloric acid and then titrated with 0.100 M KMnO to determine the percent iron by mass in the 4 sample. Which glassware is the best choice for measuring the hydrochloric acid?,,classified
2023-usnco-national-exam-part-i.pdf,8,3,Descriptive/Laboratory,A 0.1 M aqueous solution containing which metal ion is least intensely colored?,,classified
2023-usnco-national-exam-part-i.pdf,9,4,Descriptive/Laboratory,"When equal volumes of a 1.0 M ammonium sulfate solution and a saturated solution of barium hydroxide are mixed, what is observed? I. Gas is evolved II. A white precipitate forms.",,classified
2023-usnco-national-exam-part-i.pdf,10,4,Descriptive/Laboratory,A weighed sample of a copper-nickel alloy is dissolved in a known volume of nitric acid. Which method is most suitable for determining the mass percent of copper in the alloy?,,classified
2023-usnco-national-exam-part-i.pdf,11,4,Descriptive/Laboratory,Which metal ion forms the least soluble perchlorate salt?,,classified
2023-usnco-national-exam-part-i.pdf,12,4,Descriptive/Laboratory,"A sample of malachite, Cu CO (OH) , is heated over a 2 3 2 Bunsen burner to form CuO. The mass percent copper in the sample is calculated based on the mass before and after heating. Which could explain the experimentally determined percent copper being lower than that expected for malachite?",,classified
2023-usnco-national-exam-part-i.pdf,13,4,States Of Matter,"A bicycle tire is filled with air to a pressure of 72 psi at a temperature of 25.0 °C. If the air temperature inside the tire increases to 55.0 °C, and the volume of the tire increases by 5.0%, what is the pressure inside the tire?",,classified
2023-usnco-national-exam-part-i.pdf,14,4,States Of Matter,Which C H O isomer has the highest normal boiling 5 10 point?,,classified
2023-usnco-national-exam-part-i.pdf,15,4,States Of Matter,Relative boiling points at elevated pressure from vaporization enthalpies,Uses vaporization enthalpy to reason about boiling-point dependence on pressure; retained with phase properties.,classified
2023-usnco-national-exam-part-i.pdf,16,4,States Of Matter,Pressure and temperature effects on white/gray tin stability,Density and enthalpy establish how pressure/temperature favor the two tin phases; retained with phase behavior.,classified
2023-usnco-national-exam-part-i.pdf,17,4,States Of Matter,Nickel crystallizes in a face-centered cubic structure. The edge of a unit cell has a length of 352 pm. What is the distance between the nuclei of two adjacent nickel atoms in this lattice?,,classified
2023-usnco-national-exam-part-i.pdf,18,5,States Of Matter,Pressure-temperature phase behavior for different sample masses,,classified
2023-usnco-national-exam-part-i.pdf,19,5,Thermodynamics,The phase change X(s) ® X(l) has ∆G° > 0 at 300 K. Which statement about this reaction must be correct?,,classified
2023-usnco-national-exam-part-i.pdf,20,5,Thermodynamics,For which reaction is ∆H° closest to ∆G° ? rxn rxn,,classified
2023-usnco-national-exam-part-i.pdf,21,5,Thermodynamics,"2.00 g solid iodine, initially at 300 K, is heated in a sealed vessel maintained at 1.00 atm pressure. The temperature of the sample as a function of the amount of heat added to it is shown below. What is the entropy of vaporization of I , ∆S° , at its 2 vap normal boiling point?",,classified
2023-usnco-national-exam-part-i.pdf,22,5,Thermodynamics,"20.0 mL of NaOH(aq) is titrated against 1.00 M HCl(aq) in a well-insulated vessel with constant stirring. Each solution is initially at 22.0° C, and the temperature of the reaction mixture is monitored after ea ... densities and heat capacities are the same as that of pure water, and that solution volumes are additive.",,classified
2023-usnco-national-exam-part-i.pdf,23,5,Thermodynamics,"Silver ion reacts with ammonia to form a complex ion: Ag+(aq) + 2 NH (aq) ® Ag(NH ) +(aq) 3 3 2 In a certain solution at equilibrium at 298 K, [Ag+] = [NH ] = [Ag(NH ) +] = C. What is ∆G at 298 K if 3 3 2 rxn [Ag+] = [NH ] = [Ag(NH ) +] = 0.1C? 3 3 2",,classified
2023-usnco-national-exam-part-i.pdf,24,6,Thermodynamics,Equal volumes of 1.00 M HSO –(aq) and 1.00 M SO 2– 4 4 (aq) are mixed. The pH of this solution varies with the reciprocal of the absolute temperature as shown. What is the standard enthalpy change for the acid dissociation of HSO –(aq)? 4 HSO –(aq) ® H+(aq) + SO 2-(aq) ∆H° = ??? 4 4 rxn,pH data are used to obtain a reaction enthalpy from temperature dependence.,classified
2023-usnco-national-exam-part-i.pdf,25,6,Kinetics,Hydroxide ion reacts with methyl iodide to give methanol in an irreversible second-order reaction with a rate constant k = 6.5 ´ 10-5 L mol-1 s-1. OH–(aq) + CH I(aq) ® CH OH(aq) + I–(aq) 3 3 Rate = k[OH–][CH I] ... he concentration of CH I to 3 decrease from 0.010 M to 0.0020 M in a 1.00 M solution of sodium hydroxide?,,classified
2023-usnco-national-exam-part-i.pdf,26,6,Kinetics,"The temperature-dependence of the rate constant of a chemical reaction can be described by the Arrhenius equation, k = Ae–E a /RT. Which elementary chemical reaction has the largest Arrhenius pre-factor A?",,classified
2023-usnco-national-exam-part-i.pdf,27,6,Kinetics,The iodination of acetone is irreversible and has a rate law of Rate = k[CH COCH ][H+]. 3 3 CH COCH (aq) + I –(aq) ® 3 3 3 CH COCH I(aq) + H+(aq) + 2 I–(aq) 3 2 When the reaction is carried out with an initial  ... t a time 3 t. How does t depend on the initial concentrations? Dependence on: [CH COCH ] [H+] [I –] 3 3 3,,classified
2023-usnco-national-exam-part-i.pdf,28,6,Kinetics,"The reaction between A and B is carried out twice, with [A] = 0.50 M in each run but with two different initial 0 concentrations of B, and the results are shown below. What can be concluded about the rate law?",,classified
2023-usnco-national-exam-part-i.pdf,29,6,Kinetics,"Nitrogen dioxide reacts with carbon monoxide with the rate law shown NO (g) + CO(g) ® NO(g) + CO (g) 2 2 Rate = k[NO ]2 2 Which mechanisms are consistent with this rate law? I. 2 NO ⇄ N O fast, unfavorable 2 2  ... N O + CO slow 2 4 2 3 2 N O ® NO + NO fast 2 3 2 II. 2 NO ® NO + NO slow 2 3 NO + CO ® NO + CO fast 3 2 2",,classified
2023-usnco-national-exam-part-i.pdf,30,7,Kinetics,The reaction coordinate diagram of a reaction that takes place at 300 K is shown below. reaction coordinate Which best represents the reaction coordinate diagram for the same reaction at 340 K?,,classified
2023-usnco-national-exam-part-i.pdf,31,7,Equilibrium,"Pure PCl is placed in a rigid flask so that its pressure at 5 250 °C is 2.000 bar. The gas slowly decomposes to PCl 3 and Cl at this temperature, and the partial pressure of Cl 2 2 is eventually 0.814 bar. What is the value of K for the p reaction? PCl (g) ⇄ PCl (g) + Cl (g) K = ??? 5 3 2 p",,classified
2023-usnco-national-exam-part-i.pdf,32,7,Equilibrium,What is the maximum concentration of lead(II) ions at equilibrium in a solution with pH = 10.50? The K of sp Pb(OH) is 1.4 ´ 10-15. 2,,classified
2023-usnco-national-exam-part-i.pdf,33,7,Equilibrium,"The pK of methylammonium ion, CH NH +, is 10.64. a 3 3 What is the percent ionization of a 0.20 M solution of methylamine, CH NH ? 3 2",,classified
2023-usnco-national-exam-part-i.pdf,34,7,Equilibrium,"Which statement best describes the differences between a 0.1 M solution of ammonium bicarbonate, NH (HCO ), 4 3 and a 0.1 M solution of ammonium carbonate, (NH ) CO ? 4 2 3",,classified
2023-usnco-national-exam-part-i.pdf,35,7,Equilibrium,"A mixture of N O (g) and NO (g) is contained in a vessel 2 4 2 whose total volume can change but where the total pressure is maintained at 1.00 atm. The initial temperature is 298 K, and the two gases are in eq ... m? 2 N O (g) ⇄ 2 NO (g) ∆H° = 57.6 kJ mol-1 2 4 2 I. Adding Ne(g) II. Increasing the temperature to 310 K",,classified
2023-usnco-national-exam-part-i.pdf,36,7,Equilibrium,"Silver iodide is a sparingly soluble salt. Silver also forms a soluble complex ion, AgI –, with iodide ion. A series of 2 solutions saturated with solid AgI and containing various concentrations of dissolved io ... s a function of the logarithm of the iodide concentration best represents the results of this experiment?",,classified
2023-usnco-national-exam-part-i.pdf,37,8,Oxidation - Reduction,Which species has the largest coefficient when the chemical equation for the disproportionation of white phosphorus in basic solution is balanced? __ P (s) + __ OH–(aq) + __ H O(l) ® 4 2 __ PH (g) + __ PO 3-(aq) 3 4,,classified
2023-usnco-national-exam-part-i.pdf,38,8,Oxidation - Reduction,Which reagent would spontaneously reduce Fe2+(aq) to Fe(s) under standard conditions?,,classified
2023-usnco-national-exam-part-i.pdf,39,8,Oxidation - Reduction,"In a test of the selectivity of an electrocatalyst for the reduction of carbon dioxide to methanol, electrolysis is carried out with a constant current of 0.370 A for 155 minutes. Afterwards, the cathodic compa ... mol CH OH. What is the faradaic yield (the percent yield 3 based on the current passed through the cell)?",,classified
2023-usnco-national-exam-part-i.pdf,40,8,Oxidation - Reduction,"The cathodic compartment of an electrolytic cell is 0.100 M in the ions Fe(CN) 3- and Cu2+ and has a chemically 6 inert electrode. As current is passed through the cell, which best describes how Cu(s) is deposited on the electrode? Half-reaction E°, V Cu2+(aq) + 2e– ® Cu(s) +0.337 Fe(CN) 3- + e– ® Fe(CN) 4- +0.370 6 6",,classified
2023-usnco-national-exam-part-i.pdf,41,8,Oxidation - Reduction,"What is E° for the disproportionation of hydrogen manganate ion in acidic solution? 5 HMnO –(aq) + 3 H+(aq) ® 4 4 MnO –(aq) + Mn2+(aq) + 4 H O(l) 4 2 Half-reaction E°, V MnO –(aq) + H+(aq) + e– ® HMnO –(aq) +0.90 4 4 MnO –(aq) + 8 H+(aq) + 5 e– ® +1.51 4 Mn2+(aq) + 4 H O(l) 2",,classified
2023-usnco-national-exam-part-i.pdf,42,8,Oxidation - Reduction,"In the galvanic cell shown, the silver electrode is oxidized to Ag+ while AuCl – is reduced to elemental Au, 4 and the measured cell potential is 0.13 V. V Au Ag salt bridge 1.0 M AuCl 4 – 1.0 M Ag+ 1.0 M Cl– cathode anode Which change will result in the largest value of the measured cell potential?",,classified
2023-usnco-national-exam-part-i.pdf,43,8,Atomic Structure/Periodicity,"One electron in a ground-state gas-phase Ge atom has quantum numbers (n, l, m, m) of (4, 1, 1, –½). Which of l s the following cannot be a valid set of quantum numbers for another electron in this atom?",,classified
2023-usnco-national-exam-part-i.pdf,44,8,Atomic Structure/Periodicity,How many nodes does the radial wave function of a 3s orbital have?,,classified
2023-usnco-national-exam-part-i.pdf,45,8,Atomic Structure/Periodicity,Which transition in a gas-phase hydrogen atom would absorb the most energy?,,classified
2023-usnco-national-exam-part-i.pdf,46,9,Atomic Structure/Periodicity,Which element has a gas-phase electron affinity closest to that of sulfur (S)?,,classified
2023-usnco-national-exam-part-i.pdf,47,9,Atomic Structure/Periodicity,"The first ionization energy of gallium (Ga, 578.8 kJ mol-1) is greater than that of aluminum (Al, 577.5 kJ mol-1). Which is the best explanation for this?",,classified
2023-usnco-national-exam-part-i.pdf,48,9,Atomic Structure/Periodicity,By what mode does the isotope 31S undergo radioactive decay?,,classified
2023-usnco-national-exam-part-i.pdf,49,9,Bonding/Molecular Structure,Which species has the longest carbon-oxygen bond?,,classified
2023-usnco-national-exam-part-i.pdf,50,9,Bonding/Molecular Structure,Which molecule has a dipole moment of zero?,,classified
2023-usnco-national-exam-part-i.pdf,51,9,Bonding/Molecular Structure,Which ions are linear? I. NO + 2 II. ICl – 2,,classified
2023-usnco-national-exam-part-i.pdf,52,9,Bonding/Molecular Structure,Which is the best description of the structure of the substance whose empirical formula is NPF ? 10,,classified
2023-usnco-national-exam-part-i.pdf,53,9,Bonding/Molecular Structure,"Which is the best representation of the three-dimensional arrangement of the atoms in dimethyl carbodiimide, CH NCNCH ? 3 3",,classified
2023-usnco-national-exam-part-i.pdf,54,9,Bonding/Molecular Structure,Coordination-isomer explanation of solubility and spectral differences,Solubility and spectra are observations used to identify coordination isomers.,classified
2023-usnco-national-exam-part-i.pdf,55,9,Organic/Biochemistry,Which molecule is achiral in all of its stereoisomeric forms?,,classified
2023-usnco-national-exam-part-i.pdf,56,9,Organic/Biochemistry,How many methyl groups are axial in the most stable chair conformation of the trimethylcyclohexane shown below? CH 3 CH 3 CH 3,,classified
2023-usnco-national-exam-part-i.pdf,57,9,Organic/Biochemistry,Which series lists the carboxylic acid derivatives in increasing order of reactivity in hydrolysis reactions?,,classified
2023-usnco-national-exam-part-i.pdf,58,10,Organic/Biochemistry,Which C H isomer has the most positive standard 6 10 enthalpy of formation?,Formation enthalpy is the measure of stability; the discriminating concept is organic structure/strain.,classified
2023-usnco-national-exam-part-i.pdf,59,10,Organic/Biochemistry,"Which reagent reacts readily with butanal (CH CH CH CHO), but not with 2-pentanone 3 2 2 (CH CH CH COCH )? 3 2 2 3",,classified
2023-usnco-national-exam-part-i.pdf,60,10,Organic/Biochemistry,α-D-glucose and β-D-glucose interconvert in aqueous solution at pH 7 (mutarotation). Which best describes the intermediate in this isomerization? HOH HOH H O H O HO HO HO H HO OH H OH H OH H OH H H α-D-glucose β-D-glucose,,classified
2022-usnco-national-exam-part-i.pdf,1,3,Stoichiometry/Solutions,0.125 g of strontium metal reacts with excess liquid ammonia to form strontium amide and hydrogen gas. How many moles of hydrogen are produced?,,classified
2022-usnco-national-exam-part-i.pdf,2,3,Stoichiometry/Solutions,A diamagnetic compound is 71.4% arsenic by mass. What is its molecular formula?,,classified
2022-usnco-national-exam-part-i.pdf,3,3,Stoichiometry/Solutions,Weighed samples of iron are added in increments to a given amount of liquid bromine and allowed to react completely. The reaction produces a single product that is isolated and weighed. Which statement best describes the experiments summarized by the graph?,,classified
2022-usnco-national-exam-part-i.pdf,4,3,Stoichiometry/Solutions,A copper ore consists of a mixture of Cu S and CuS. An 2 89.0 g sample of this ore is smelted to produce 67.5 g of elemental copper. What is the mass of CuS in the ore sample?,,classified
2022-usnco-national-exam-part-i.pdf,5,3,Stoichiometry/Solutions,"The hypochlorite concentration in bleach can be determined by treating it with excess iodide ion in acidic solution, which causes the formation of triiodide ion according to the following balanced reaction: OCl ... erved on the addition of 21.23 mL of this solution. What is the hypochlorite concentration in the bleach?",,classified
2022-usnco-national-exam-part-i.pdf,6,3,Stoichiometry/Solutions,Which aqueous solution has the highest normal boiling point?,,classified
2022-usnco-national-exam-part-i.pdf,7,3,Descriptive/Laboratory,Which element gives a red flame test?,,classified
2022-usnco-national-exam-part-i.pdf,8,3,Descriptive/Laboratory,Combining which solutions would produce a color change?,,classified
2022-usnco-national-exam-part-i.pdf,9,3,Descriptive/Laboratory,Which metal resists oxidation in air because it forms a protective oxide coating?,,classified
2022-usnco-national-exam-part-i.pdf,10,4,Descriptive/Laboratory,Which experiment would be most appropriate for determining the number of components in a commercial nail polish remover?,,classified
2022-usnco-national-exam-part-i.pdf,11,4,Descriptive/Laboratory,A solution containing a divalent metal ion forms a precipitate when treated with hydrogen sulfide which does not dissolve in 1 M HCl. Which ion is present?,,classified
2022-usnco-national-exam-part-i.pdf,12,4,Descriptive/Laboratory,An unknown metal M reacts with aqueous sulfuric acid to form hydrogen gas and the divalent metal ion M2+(aq). A student collects the hydrogen over water and calculates the molar mass of M based on the volume of ...  Which error will result in a value of the calculated molar mass that is higher than the true molar mass?,,classified
2022-usnco-national-exam-part-i.pdf,13,4,States Of Matter,A 1.0-L container with 1.00 atm Ar gas is connected by a stopcock to a 2.0-L container containing 0.5 atm Kr gas. Which statement accurately describes the system after the stopcock is opened and the system is allowed to reach equilibrium? The temperature is 25 °C throughout the experiment.,,classified
2022-usnco-national-exam-part-i.pdf,14,4,States Of Matter,The normal boiling point of CH Br is 97 °C while the 2 2 normal boiling point of CHBr is 149 °C. Differences in 3 which interactions are most responsible for this difference in boiling points?,,classified
2022-usnco-national-exam-part-i.pdf,15,4,States Of Matter,"The triple point of ethyne, C H , is 192.4 K and 1.2 atm. 2 2 What may be concluded from this information?",,classified
2022-usnco-national-exam-part-i.pdf,16,4,States Of Matter,The volume of a sample of gaseous SF would increase 6 by more than a factor of two under which of these conditions? I. It is heated from 300.0 K to 600.0 K at a pressure of 1.00 atm. II. The pressure is decreased from 2.00 atm to 1.00 atm at 300 K.,,classified
2022-usnco-national-exam-part-i.pdf,17,4,States Of Matter,"A pure sample of benzene (C H ) melts sharply at 5.5 °C, 6 6 while a pure sample of hexafluorobenzene (C F ) melts 6 6 sharply at 5.2 °C. However, an equimolar mixture of C H and C F melts sharply at 23.7 °C. Which is the 6 6 6 6 best explanation for this observation?",,classified
2022-usnco-national-exam-part-i.pdf,18,5,States Of Matter,A unit cell of a crystalline compound with the formula ABC is shown below. What is the arrangement of 3 nearest neighbors around the atoms of type C?,,classified
2022-usnco-national-exam-part-i.pdf,19,5,Thermodynamics,"When a helium-filled balloon is immersed in liquid nitrogen, which statements accurately describe the changes as the balloon deflates? I. The nitrogen does work on the balloon. II. The entropy of the nitrogen increases.",,classified
2022-usnco-national-exam-part-i.pdf,20,5,Thermodynamics,"Solid KOH (M = 56.11, ∆H° = –57.6 kJ mol-1) is soln slowly added to distilled water contained in a well- insulated vessel, initially at 25.0 °C. What is the pH when the temperature of the solution reaches 26.0  ... lution remains at 1.00 g mL-1 and its heat capacity remains at 4.184 J g-1 K-1 throughout the experiment.",The calculation couples calorimetry and pH; dissolution enthalpy supplies the amount of KOH.,classified
2022-usnco-national-exam-part-i.pdf,21,5,Thermodynamics,"What is ∆G° (at 298 K) for ClF (g)? f 3 Substance ∆H°, kJ mol-1 S°, J mol-1 K-1 f F (g) 0 202.8 2 Cl (g) 0 223.1 2 ClF (g) –158.9 281.6 3",,classified
2022-usnco-national-exam-part-i.pdf,22,5,Thermodynamics,"The triple point of bromine is 265.9 K and 0.058 bar, and the standard entropy of vaporization of bromine is 89.0 J mol-1 K-1. What is the standard enthalpy of vaporization of bromine?",,classified
2022-usnco-national-exam-part-i.pdf,23,5,Thermodynamics,Entropy of vaporization of branched versus straight-chain alkanes,,classified
2022-usnco-national-exam-part-i.pdf,24,6,Thermodynamics,The natural logarithm of the molar solubility S of sodium iodate monohydrate as a function of the reciprocal of the absolute temperature is plotted below. What is the standard enthalpy of dissolution for NaIO •H O? 3 2,,classified
2022-usnco-national-exam-part-i.pdf,25,6,Kinetics,"The isotope actinium-226 undergoes both beta decay, with a half-life of 35.4 d, and electron capture, with a half-life of 173 d. What is the overall half-life for the radioactive decay of 226Ac?",Nuclear transformations supply the setting; the task combines competing decay rates/half-lives.,classified
2022-usnco-national-exam-part-i.pdf,26,6,Kinetics,The rate of the gas-phase reaction of nitrogen dioxide with carbon monoxide at 177 °C was measured under three different sets of concentrations as shown. What is the rate law for this reaction under these condi ... 10-4 1.7 × 10-2 1.70 × 10-7 Ex 2 4.0 × 10-4 3.4 × 10-2 1.70 × 10-7 Ex 3 1.2 × 10-3 3.4 × 10-2 1.53 × 10-6,,classified
2022-usnco-national-exam-part-i.pdf,27,6,Kinetics,Which statement best describes the properties of the activation energy of a reaction?,,classified
2022-usnco-national-exam-part-i.pdf,28,6,Kinetics,The kinetics of the reaction of crystal violet with excess sodium hydroxide to form colorless products is monitored using a spectrophotometer. A plot of the natural logarithm of the absorbance of green light by ... data? I. The reaction is first-order in crystal violet. II. The reaction is first-order in hydroxide ion.,,classified
2022-usnco-national-exam-part-i.pdf,29,6,Kinetics,"A reaction initially contains pure reactant R, which forms product P reversibly. Which reaction coordinate diagram corresponds to the reaction in which P achieves a concentration within 5% of its equilibrium value the fastest?",,classified
2022-usnco-national-exam-part-i.pdf,30,7,Kinetics,The reaction between A and B involves an intermediate I whose concentration remains very low throughout the reaction. The initial rates of a reaction as a function of [B] (at constant [A]) are shown below. Which statement about the mechanism is most consistent with the data?,,classified
2022-usnco-national-exam-part-i.pdf,31,7,Equilibrium,Carbon monoxide reacts with hydrogen in the presence of a catalyst to give methanol: CO(g) + 2 H (g) CH OH(g) 2 3 A metal container at 400 K is charged with 2.00 bar of an ⇆ equimolar mixture of CO and H . A ca ...  and the pressure falls to 1.29 bar once equilibrium is achieved. What is K for this reaction p at 400 K?,,classified
2022-usnco-national-exam-part-i.pdf,32,7,Equilibrium,A 0.10 M solution of glycolic acid is 3.8% ionized. What is the percent ionization of a 0.50 M solution of glycolic acid?,,classified
2022-usnco-national-exam-part-i.pdf,33,7,Equilibrium,The K of BaCrO is 1.2 × 10-10. What is the minimum sp 4 volume of 1.5 × 10-5 M Na CrO that would need to be 2 4 added to 1.0 L of 1.5 × 10-5 M Ba(NO ) solution to 3 2 induce precipitation of BaCrO ? 4,,classified
2022-usnco-national-exam-part-i.pdf,34,7,Equilibrium,"A reaction has K = 0.020 at 300 K, and its K value eq eq increases with increasing temperature. What can be inferred about the values of ∆H° and ∆S° , assuming rxn rxn that they are independent of temperature? I. ∆H° < 0 rxn II. ∆S° < 0 rxn",Equilibrium data constrain enthalpy/entropy signs; retained with equilibrium-constant behavior.,classified
2022-usnco-national-exam-part-i.pdf,35,7,Equilibrium,Silver ion forms the complex Ag(CN) – with K = 9.8 × 2 f 1021. What is the minimum amount of HCN that would need to be added to 1.00 L of a suspension of 0.010 mol AgCl in order to dissolve all the solid? The K of AgCl sp is 1.8 × 10-10 and the K of HCN is 6.2 × 10-10. a,,classified
2022-usnco-national-exam-part-i.pdf,36,8,Equilibrium,"A vessel containing an equilibrium mixture of NO (g) 2 and N O (g) at a certain temperature and 1.00 bar total 2 4 pressure is represented below. Which is the best representation of the system at equilibrium af ... ount of argon is added to the vessel, while keeping both the temperature and the total pressure constant?",,classified
2022-usnco-national-exam-part-i.pdf,37,8,Oxidation - Reduction,In which species does the underlined element have the highest oxidation state?,,classified
2022-usnco-national-exam-part-i.pdf,38,8,Oxidation - Reduction,Oxalic acid reacts with acidified potassium permanganate according to the unbalanced equation below. What is the coefficient for H O when the equation is balanced with 2 the smallest whole number coefficients? __H C O + __MnO – + __H+ → 2 2 4 4 __CO + __Mn2+ + __H O 2 2,,classified
2022-usnco-national-exam-part-i.pdf,39,8,Oxidation - Reduction,"An aqueous solution containing both Cu(II) ions and Rh(III) ions is electrolyzed. After passage of 0.153 A for 16400 s, 0.826 g of metal has been deposited. What is the composition of the deposited metal?",,classified
2022-usnco-national-exam-part-i.pdf,40,8,Oxidation - Reduction,Thermodynamic behavior of a zinc-silver iodide electrochemical cell,Thermodynamic data are applied to an electrochemical cell.,classified
2022-usnco-national-exam-part-i.pdf,41,8,Oxidation - Reduction,"The cell potential of the following at 298 K is 1.05 V. Ni(s)|Ni2+(aq, 1.00 M)||Ag+(aq, 1.00 M)|Ag(s) Sodium cyanide is added to each half-cell until the concentration of free CN– reaches 1.00 M. What is the new observed cell potential? The K of Ni(CN) 2- is 2.0 × f 4 1031 and the K of Ag(CN) – is 9.8 × 1021. f 2",,classified
2022-usnco-national-exam-part-i.pdf,42,8,Oxidation - Reduction,"What is the standard reduction potential of hydrogen selenate ion to form elemental selenium under acidic conditions at 298 K? Half-reaction E°, V H SeO (aq) + 4 H+(aq) + 4e– → 0.74 2 3 Se(s) + 3 H O(l) 2 HSeO  ...  3 H+(aq) + 2e– → 1.15 4 H SeO (aq) + H O(l) 2 3 2 HSeO –(aq) + 7 H+(aq) + 6e– → ??? 4 Se(s) + 4 H O(l) 2",,classified
2022-usnco-national-exam-part-i.pdf,43,9,Atomic Structure/Periodicity,What is the ground-state electron configuration of Ni2 +(g)?,,classified
2022-usnco-national-exam-part-i.pdf,44,9,,Question removed in the official exam PDF,"No question content is provided by ACS, so no topic is inferred from the question number.",removed
2022-usnco-national-exam-part-i.pdf,45,9,Bonding/Molecular Structure,Halogen-halogen bond dissociation enthalpies,"Compares molecular bond strengths, not atomic ionization energies or electron affinities.",classified
2022-usnco-national-exam-part-i.pdf,46,9,Atomic Structure/Periodicity,Which of the following best describes the trend in the amount of energy released on addition of an electron to the gas-phase atoms (electron affinity) of the group 1 and group 2 elements in the same period?,,classified
2022-usnco-national-exam-part-i.pdf,47,9,Atomic Structure/Periodicity,Two atomic orbitals have the same shape and orientation but have a different number of nodes. Which statement about the quantum numbers of these orbitals is correct?,,classified
2022-usnco-national-exam-part-i.pdf,48,9,Atomic Structure/Periodicity,A gas-phase hydrogen atom absorbs a photon of visible light and then emits a photon of ultraviolet light. What may be concluded about its initial and its final values of the principal quantum number n?,,classified
2022-usnco-national-exam-part-i.pdf,49,9,Bonding/Molecular Structure,Which molecule has the shortest carbon-nitrogen bond length?,,classified
2022-usnco-national-exam-part-i.pdf,50,9,Bonding/Molecular Structure,Which statements about the structure of ClF are correct? 3 I. All F–Cl–F angles are equal. II. All Cl–F bond lengths are equal.,,classified
2022-usnco-national-exam-part-i.pdf,51,9,Bonding/Molecular Structure,How many unpaired electrons are there in a ground-state NF molecule in the gas phase?,,classified
2022-usnco-national-exam-part-i.pdf,52,9,Bonding/Molecular Structure,"The ionization energy of a ground-state nitrogen atom is 14.5 eV, while the ionization energy of a ground-state fluorine atom is 17.4 eV. What is the ionization energy of a ground-state NF molecule?",,classified
2022-usnco-national-exam-part-i.pdf,53,9,Bonding/Molecular Structure,"Which is the best representation of the three-dimensional structure of the guanidinium ion, C(NH ) +? 2 3",,classified
2022-usnco-national-exam-part-i.pdf,54,9,Bonding/Molecular Structure,Which complex ion absorbs visible light of the longest wavelength?,Requires electronic structure and ligand-field splitting of coordination complexes.,classified
2022-usnco-national-exam-part-i.pdf,55,10,Organic/Biochemistry,How many isomers have the formula C H Cl ? 3 6 2,,classified
2022-usnco-national-exam-part-i.pdf,56,10,Organic/Biochemistry,Which compound produces a nitrile when treated with sodium cyanide in DMSO?,,classified
2022-usnco-national-exam-part-i.pdf,57,10,Organic/Biochemistry,"Which molecular orbitals are occupied in the ground state of 1,3-butadiene? I. II.",Molecular-orbital occupancy is asked for an organic conjugated diene; retained with organic conjugation.,classified
2022-usnco-national-exam-part-i.pdf,58,10,Organic/Biochemistry,Which compound reacts readily with water under acidic but not basic conditions?,,classified
2022-usnco-national-exam-part-i.pdf,59,10,Organic/Biochemistry,Which C H O isomer exhibits a str ong infrared 5 10 absorption band at 1717 cm-1?,,classified
2022-usnco-national-exam-part-i.pdf,60,10,Organic/Biochemistry,The peptide hormone insulin becomes biologically inactive after being treated with a mild reducing agent. Which is the best explanation for this observation?,,classified
2021-usnco-national-exam-part-i.pdf,1,3,Stoichiometry/Solutions,Hydrogen and oxygen gas are combined in a reaction vessel and reacted completely to form water. What volumes of gases (at STP) will give the greatest mass of water?,,classified
2021-usnco-national-exam-part-i.pdf,2,3,Stoichiometry/Solutions,"Potassium hydrogen phthalate (KHP, M = 204) is a monoprotic acid used as a primary standard in acid-base titrations. It takes 28.15 mL of a solution of Sr(OH) to 2 neutralize 0.402 g KHP. What is the concentration of the Sr(OH) solution? 2",,classified
2021-usnco-national-exam-part-i.pdf,3,3,Stoichiometry/Solutions,"20.0 mL of 0.15 M aqueous Pb(NO 3 ) 2 and 10.0 mL of 0.35 M aqueous NaBr are mixed, giving a white precipitate. Which ion is LEAST abundant in the supernatant?",,classified
2021-usnco-national-exam-part-i.pdf,4,3,Stoichiometry/Solutions,"A sample of 9.736 g of a lead oxide is reduced completely with excess carbon monoxide to give metallic lead. The resulting gas is bubbled into saturated lime water, resulting in the precipitation of 6.636 g calcium carbonate (M = 100.09) after drying. What is the formula of this lead oxide?",,classified
2021-usnco-national-exam-part-i.pdf,5,3,Stoichiometry/Solutions,"A mixture of K 2 S, K 2 SO 3 , and K 2 SO 4 is found to contain 60.0% K by mass. What is the mass percent of oxygen in the mixture?",,classified
2021-usnco-national-exam-part-i.pdf,6,3,Stoichiometry/Solutions,"A solution of 5.00 g oxalic acid (H 2 C 2 O 4 , M = 90.04) in 100.0 g H O has a freezing point of –1.31 °C. What is 2 the percent ionization of oxalic acid in this solution? The freezing point depression constant of water is K = 1.86 °C m-1. f",Ionization is inferred from freezing-point depression; the required calculation is colligative properties.,classified
2021-usnco-national-exam-part-i.pdf,7,3,Descriptive/Laboratory,Which glassware would be most appropriate for measuring 10.00 mL of distilled water?,,classified
2021-usnco-national-exam-part-i.pdf,8,3,Descriptive/Laboratory,"A solution that may contain either 0.1 M Ag+(aq), 0.1 M Pb2+(aq), or both, is treated with 1 M aqueous HCl. A white precipitate forms which does not appear to dissolve in hot water. Which conclusion about the cations present may be drawn?",,classified
2021-usnco-national-exam-part-i.pdf,9,3,Descriptive/Laboratory,"Addition of 10 mL of distilled water to 0.1 g of which salt produces a yellow, slightly cloudy solution?",,classified
2021-usnco-national-exam-part-i.pdf,10,4,Descriptive/Laboratory,The amount of ascorbic acid in a vitamin C tablet is determined by titration with a solution of iodine in aqueous potassium iodide. A small amount of starch is added to the vitamin C solution before the titration. What is the function of the starch?,,classified
2021-usnco-national-exam-part-i.pdf,11,4,Descriptive/Laboratory,"When blue solid CuSO 4 •5 H 2 O is heated, it turns white. Which is the best explanation for this observation?",,classified
2021-usnco-national-exam-part-i.pdf,12,4,Descriptive/Laboratory,A student performs an experiment to determine the concentration of a colored salt solution by measuring the absorbance of the solution at the wavelength of maximum absorbance of the salt (λ ) and using Beer’s m ... Which of the following could cause the measured concentration to be higher than the actual concentration?,,classified
2021-usnco-national-exam-part-i.pdf,13,4,States Of Matter,Which C 3 H 6 O isomer has the lowest normal boiling point?,,classified
2021-usnco-national-exam-part-i.pdf,14,4,States Of Matter,"Dichloromethane (CH 2 Cl 2 , M = 84.93) is a volatile liquid with a vapor pressure of 0.53 atm at 24 °C. 13.8 g of dichloromethane is introduced into a 5.0-L evacuated container maintained at 24 °C. Which is the best description of the system at equilibrium?",,classified
2021-usnco-national-exam-part-i.pdf,15,4,States Of Matter,"A piece of solid CO 2 initially at –78 °C is placed in a small plastic container, which is then sealed and allowed to warm up in a room whose temperature is 22 °C. Ultimately the plastic container explodes, end ... ility of observing liquid CO before the container 2 explodes? (The phase diagram of CO is shown below.) 2",,classified
2021-usnco-national-exam-part-i.pdf,16,4,States Of Matter,A solid calcium boride CaB x has a density of 2.45 g cm–3. It has a primitive cubic lattice with an edge length a = 415 pm and with one calcium atom per unit cell. What is the value of x?,,classified
2021-usnco-national-exam-part-i.pdf,17,5,States Of Matter,The lattice enthalpy of Na 2 O is –2600 kJ mol–1 while the lattice enthalpy of MgO is –3900 kJ mol–1. Which factors contribute to the larger magnitude of the lattice enthalpy of MgO? I. Mg2+ has a larger charge than Na+. II. Mg2+ is smaller than Na+.,Lattice enthalpy is used to compare ionic solids; retained with solid-state physical properties.,classified
2021-usnco-national-exam-part-i.pdf,18,5,States Of Matter,A sample of benzene (C 6 H 6 ) is heated at a constant rate. Which graph most accurately represents how the temperature changes with time?,,classified
2021-usnco-national-exam-part-i.pdf,19,5,Thermodynamics,An insulated container holds 100.0 g of water at 25.0 °C. A 100.0 g piece of copper at 50.0 °C is added to the container. What is the final temperature of the mixture in the container at equilibrium? The specific heat capacity of copper is 0.385 J g-1 K-1.,,classified
2021-usnco-national-exam-part-i.pdf,20,5,Thermodynamics,"At the triple point of water (0.01 °C, 0.006 atm), in which phase would 1.0 mol of water have the lowest entropy?",,classified
2021-usnco-national-exam-part-i.pdf,21,5,Thermodynamics,"The standard enthalpy of formation of NO 2 (g) is 33.1 kJ mol-1. What is the average bond dissociation enthalpy of a nitrogen-oxygen bond in NO (g)? 2 Bond Bond dissociation enthalpy, kJ mol-1 N≡N 945.4 O=O 498.4",,classified
2021-usnco-national-exam-part-i.pdf,22,5,Thermodynamics,The formation of ammonia from nitrogen and hydrogen has a standard free energy change of –32.8 kJ mol-1 at 298 K. N (g) + 3 H (g) →2 NH (g) ∆G° = –32.8 kJ mol-1 2 2 3 What is ∆G at 298 K if the partial pressures of all three gases are 3.00 bar?,,classified
2021-usnco-national-exam-part-i.pdf,23,5,Thermodynamics,"What is K p for the dissociation of PCl 5 (g) at 298 K? PCl 5 (g) → PCl 3 (g) + Cl 2 (g) K p = ??? Substance ∆G°, kJ mol-1 f PCl (g) –325 5 PCl (g) –286 3",Uses formation Gibbs energies to determine an equilibrium constant.,classified
2021-usnco-national-exam-part-i.pdf,24,5,Thermodynamics,A reaction has K eq = 0.10 at 300 K and K eq = 0.50 at 330 K. Which statements about this reaction in this temperature range must be correct? I. ∆H° > 0 rxn II. ∆S° > 0 rxn,Temperature dependence of equilibrium constants constrains thermodynamic signs.,classified
2021-usnco-national-exam-part-i.pdf,25,6,Kinetics,The time course of a reaction in which a reactant R is converted to a product P is shown below. Which statements about the reaction are correct? I. The reaction is first order in R. II. Two moles of P are formed for every mole of R that reacts.,,classified
2021-usnco-national-exam-part-i.pdf,26,6,Kinetics,"In a reaction A + 2 B → C + D, initial rates were measured as shown in the table. What is the initial rate of the reaction with [A] = 0.200 M and [B] = 0.400 M? 0 0 [A] , M [B] , M Initial rate, M s-1 0 0 0.120 0.300 1.80 × 10-5 0.180 0.450 4.05 × 10-5 0.080 0.200 8.00 × 10-6 0.200 0.400 ???",,classified
2021-usnco-national-exam-part-i.pdf,27,6,Kinetics,"The temperature-dependence of the rate constants of a series of six related reactions are studied, and the reactions are all found to have the same rate constant at 370 K (their isokinetic temperature). Which s ... cribes the relationship between the reactions’ Arrhenius pre-factors A and their activation energies E? a",,classified
2021-usnco-national-exam-part-i.pdf,28,6,Kinetics,"Which properties of the reaction whose reaction coordinate is shown below increase with increasing temperature? I. The forward rate constant of the reaction, k f II. The equilibrium constant of the reaction, K eq",,classified
2021-usnco-national-exam-part-i.pdf,29,6,Kinetics,"The hydrolysis of formamide to formate ion in basic aqueous solution is proposed to proceed by the following steps: HCONH + OH–  HCO(OH)(NH )– unfavorable 2 2 HCO(OH)(NH 2 )– + OH–  fast, HCO (NH )2– + H O un ... O → NH + OH– 2 2 3 favorable Which of the following statements is necessarily true, given this mechanism?",,classified
2021-usnco-national-exam-part-i.pdf,30,6,Kinetics,"An irreversible reaction A + B → C is first-order in both A and B. In a solution with [A] = 0.20 M, it takes 37 s 0 for the concentration of B to decrease from its initial value of 0.010 M to 0.0050 M. How long ...  B to decrease from an initial value of 0.010 M to 0.0050 M if the initial concentration of A is 0.010 M?",,classified
2021-usnco-national-exam-part-i.pdf,31,6,Equilibrium,"What is the percent ionization of a 0.10 M solution of nitrous acid (HNO , K = 7.2 × 10-4)? 2 a",,classified
2021-usnco-national-exam-part-i.pdf,32,7,Equilibrium,The reaction mixture below represents the reaction A (g) + B (g)  2 AB(g) with K = 2.5. Which 2 2 eq statement correctly describes the situation?,,classified
2021-usnco-national-exam-part-i.pdf,33,7,Equilibrium,The hydrogenation of carbon monoxide represented below is exothermic. CO(g) + 2 H (g)  CH OH(l) ∆H° < 0 2 3 rxn Which changes will increase the equilibrium yield of CH OH? 3 I. Increasing the temperature of the system II. Removing some of the CH OH(l) 3,,classified
2021-usnco-national-exam-part-i.pdf,34,7,Equilibrium,"To a solution that is 0.010 M each in fluoride, sulfite, and phosphate ions is added dropwise a 1.00 M solution of CaCl . In what order will the solids precipitate? 2 Solid K sp CaSO 3 6.8 × 10-8 CaF 2 5.3 × 10-9 Ca 3 (PO 4 ) 2 1.0 × 10-25",,classified
2021-usnco-national-exam-part-i.pdf,35,7,Equilibrium,The graph shows the logarithm of the molar solubility S of an ionic solid as a function of pH. Which solid is it?,,classified
2021-usnco-national-exam-part-i.pdf,36,7,Equilibrium,"Some solid silver nitrate is dissolved in 100.0 mL of 1.00 M NH solution. To this solution, 50.0 mL of 1.00 M 3 NaCl solution must be added to see the first sign of cloudiness. How much AgNO was present? The K of 3 sp AgCl is 1.8 × 10-10 and the K of Ag(NH ) + is 1.0 × 108. f 3 2",,classified
2021-usnco-national-exam-part-i.pdf,37,7,Oxidation - Reduction,"In basic solution, Cl 2 (g) disproportionates to form Cl–(aq) and ClO –(aq). What is the mole ratio of Cl–(aq) to ClO – 3 3 (aq) produced in this reaction?",,classified
2021-usnco-national-exam-part-i.pdf,38,7,Oxidation - Reduction,"What are the oxidation states of the sulfur atoms in the thiosulfate ion, S O 2-? 2 3",,classified
2021-usnco-national-exam-part-i.pdf,39,7,Oxidation - Reduction,"A new electrode material is being tested for its ability to selectively reduce oxygen gas to hydrogen peroxide. After running an electrolytic cell using this electrode for 110.0 minutes at a current of 0.150 A, ... at is the percent yield of H O 2 2 2 2 based on the current passed through the cell (the faradaic yield)?",,classified
2021-usnco-national-exam-part-i.pdf,40,8,Oxidation - Reduction,"What is the K sp of AgI at 298 K? Half-reaction E°, V Ag+(aq) + e– → Ag(s) +0.80 AgI(s) + e– → Ag(s) + I–(aq) –0.15",The solubility product is obtained from electrode potentials.,classified
2021-usnco-national-exam-part-i.pdf,41,8,Oxidation - Reduction,Water transfer through a membrane in an electrochemical cell,,classified
2021-usnco-national-exam-part-i.pdf,42,8,Oxidation - Reduction,"Consider the voltaic cell below at 25 °C with 1.00 L of solution in each half-cell. When the switch is closed, the mass of the Cr(s) electrode increases until the cell is fully discharged (i.e., ΔE = 0 V). If t ...  what is ΔE° at 25 °C for the reaction shown below? 2 Cr3+(aq) + 3 Zn(s) → 2 Cr(s) + 3 Zn2+(aq) ΔE° = ???",,classified
2021-usnco-national-exam-part-i.pdf,43,8,Atomic Structure/Periodicity,How many orbitals are occupied by at least one electron in the ground state of a gas-phase Si atom?,,classified
2021-usnco-national-exam-part-i.pdf,44,8,Atomic Structure/Periodicity,Which transition of a hydrogen atom would involve absorbing a photon with the longest wavelength?,,classified
2021-usnco-national-exam-part-i.pdf,45,8,Atomic Structure/Periodicity,Which gas-phase ion has the greatest number of unpaired electrons in its ground state?,,classified
2021-usnco-national-exam-part-i.pdf,46,8,Atomic Structure/Periodicity,The ionization energy of which element is closest to that of fluorine (F)?,,classified
2021-usnco-national-exam-part-i.pdf,47,8,Atomic Structure/Periodicity,By what mode does the isotope 79Se undergo radioactive decay?,,classified
2021-usnco-national-exam-part-i.pdf,48,9,Atomic Structure/Periodicity,"Despite the fact that atomic radius generally increases with period, the palladium-chlorine distance in PdCl 2- is 4 essentially identical to the platinum-chlorine distance in PtCl 2- (2.30 Å). Which is the best explanation of why 4 the two bond lengths are the same?",A bond-distance observation is explained by atomic/periodic effects.,classified
2021-usnco-national-exam-part-i.pdf,49,9,Bonding/Molecular Structure,Which species has the largest O–N–O bond angle?,,classified
2021-usnco-national-exam-part-i.pdf,50,9,Bonding/Molecular Structure,Which best describes the isomer of the ion with the formula [CNO]– that is the most stable?,,classified
2021-usnco-national-exam-part-i.pdf,51,9,Bonding/Molecular Structure,Which is the least important consideration in determining the strength of interaction between atomic orbitals on two atoms as they combine to form molecular orbitals?,,classified
2021-usnco-national-exam-part-i.pdf,52,9,Bonding/Molecular Structure,Which statement about FNNF is NOT correct?,,classified
2021-usnco-national-exam-part-i.pdf,53,9,Bonding/Molecular Structure,A four-coordinate transition metal complex M(CO) (Br)(Cl) can be isolated as two geometric 2 isomers. With which geometries at the metal center is this observation consistent? I. Square planar II. Tetrahedral,,classified
2021-usnco-national-exam-part-i.pdf,54,9,Bonding/Molecular Structure,A sample of pure Si is doped with 1.0 part per million of As to form material A. Material A is then doped with 0.5 ppm of B to form material B. What is the correct order when the three materials are arranged in order of increasing electrical conductivity?,Doped silicon conductivity is interpreted through solid-state electronic structure.,classified
2021-usnco-national-exam-part-i.pdf,55,9,Organic/Biochemistry,Which of these could have the formula C 6 H 12 O? I. An acyclic ester II. A cyclic ether,,classified
2021-usnco-national-exam-part-i.pdf,56,9,Organic/Biochemistry,Which is the best explanation for the higher reactivity of conjugated dienes relative to non-conjugated alkenes in electrophilic addition reactions?,,classified
2021-usnco-national-exam-part-i.pdf,57,9,Organic/Biochemistry,Which compound will NOT form in the reaction of acetone (propanone) with aqueous base?,,classified
2021-usnco-national-exam-part-i.pdf,58,10,Organic/Biochemistry,Which compound would have the lowest C=O stretching frequency in its infrared spectrum?,Infrared carbonyl frequencies distinguish organic structures.,classified
2021-usnco-national-exam-part-i.pdf,59,10,Organic/Biochemistry,Which compound reacts fastest with aqueous acid?,,classified
2021-usnco-national-exam-part-i.pdf,60,10,Organic/Biochemistry,How many possible dipeptides can be formed using the twenty commonly occurring amino acids?,,classified
2020-usnco-national-exam-part-i.pdf,1,3,Stoichiometry/Solutions,Iron(III) sulfide reacts with gaseous hydrogen chloride to produce iron(III) chloride and hydrogen sulfide. How much iron(III) sulfide would be required to react with 1.5 mol HCl?,,classified
2020-usnco-national-exam-part-i.pdf,2,3,Stoichiometry/Solutions,How much CH remains after 10.0 g of CH reacts 4 4 completely with 15.0 g of O according to the following 2 equation? CH (g) + 2 O (g) → CO (g) + 2 H O(g) 4 2 2 2,,classified
2020-usnco-national-exam-part-i.pdf,3,3,Stoichiometry/Solutions,A sample of 1.00 g of which compound contains the greatest number of atoms?,,classified
2020-usnco-national-exam-part-i.pdf,4,3,Stoichiometry/Solutions,200.0 mL of aqueous nitric acid is mixed with 300.0 mL of 0.200 M Mg(NO ) solution to give a solution with a 3 2 nitrate ion concentration of 0.500 M. What is the concentration of the nitric acid?,,classified
2020-usnco-national-exam-part-i.pdf,5,3,Stoichiometry/Solutions,A student wishes to prepare a solution with a final concentration of Na+ = 0.50 M and a final concentration of HCO – = 0.10 M by taking some NaOH and some 3 trona (Na CO •NaHCO •2H O) and diluting with water 2 3 3 2 to a final volume of 1.00 L. How much NaOH and trona are required?,,classified
2020-usnco-national-exam-part-i.pdf,6,3,Stoichiometry/Solutions,"As the concentration of an aqueous solution of sodium chloride increases from 1.0 M to 2.0 M, the values of which properties of the solution decrease? I. Density II. Freezing point",,classified
2020-usnco-national-exam-part-i.pdf,7,3,Descriptive/Laboratory,Which ion gives a green flame test?,,classified
2020-usnco-national-exam-part-i.pdf,8,3,Descriptive/Laboratory,"The equilibrium constant for the formation of CoCl 2-, a 4 species that is blue in solution, is to be measured using a colorimeter. The colorimeter has wavelength settings of 470 nm (“blue”), 565 nm (“green”), and 635 nm (“red”) to use in the experiment. What is the best setting to use?",,classified
2020-usnco-national-exam-part-i.pdf,9,3,Descriptive/Laboratory,"A student is using a coffee-cup calorimeter to determine the enthalpy change of the endothermic reaction of two aqueous solutions. After both solutions are added to the cup, the student neglects to put the lid on the cup. This would cause the magnitude of the calculated ΔH° value to be:",,classified
2020-usnco-national-exam-part-i.pdf,10,3,Descriptive/Laboratory,Which substance produces a toxic and explosive gas when added to strong acids?,,classified
2020-usnco-national-exam-part-i.pdf,11,4,Descriptive/Laboratory,"When aqueous ethanol is treated with an acidified solution of potassium dichromate, what is observed? I. Color change II. Gas evolution",,classified
2020-usnco-national-exam-part-i.pdf,12,4,Descriptive/Laboratory,Mixing which 0.1 M aqueous solutions results in formation of a colored precipitate?,,classified
2020-usnco-national-exam-part-i.pdf,13,4,States Of Matter,Which liquid has the highest vapor pressure at 25 °C?,,classified
2020-usnco-national-exam-part-i.pdf,14,4,States Of Matter,"A sample of cyclohexane (C H , bp = 81 °C) is 6 12 introduced into an evacuated container at 40 °C. One- third of the cyclohexane by mass is in the form of the liquid and two-thirds is in the form of the vapor. ... hen doubled, maintaining the temperature at 40 °C. What happens to the pressure as the volume is doubled?",,classified
2020-usnco-national-exam-part-i.pdf,15,4,States Of Matter,"The normal boiling points of ammonia, water, and hydrogen fluoride increase in the order NH (bp = –33 3 °C) < HF (bp = 19 °C) < H O (bp = 100 °C). What is the 2 best explanation for this ordering?",,classified
2020-usnco-national-exam-part-i.pdf,16,4,States Of Matter,Which gas has the smallest molar volume at STP?,,classified
2020-usnco-national-exam-part-i.pdf,17,4,States Of Matter,Which solid has the highest melting point?,,classified
2020-usnco-national-exam-part-i.pdf,18,4,States Of Matter,A portion of the structure of solid potassium is shown below. In what type of unit cell are the atoms arranged?,,classified
2020-usnco-national-exam-part-i.pdf,19,4,Thermodynamics,"What is the standard enthalpy of formation of C H (g)? 2 2 ∆H° , kJ mol-1 rxn C H (g) + 5/ O (g) → 2CO (g) + 2 2 2 2 2 −1229.6 H O(l) 2 C(s, graphite) + O (g) → CO (g) −393.5 2 2 H (g) + ½ O (g) → H O(l) −285.9 2 2 2",,classified
2020-usnco-national-exam-part-i.pdf,20,4,Thermodynamics,Which reaction occurs with the greatest increase in entropy?,,classified
2020-usnco-national-exam-part-i.pdf,21,4,Thermodynamics,"A 2.00 g sample of solid RbClO (M = 184.92) is added 4 to 100.0 g water, both initially at 23.00 °C, in a well- insulated container. The final temperature of the solution is 21.56 °C. What is ∆H° of RbClO ? (As ... the solution is the same as that of pure water and neglect the heat capacity of the insulated container.)",,classified
2020-usnco-national-exam-part-i.pdf,22,4,Thermodynamics,"For a reaction studied over a wide temperature range, plots of ∆G° /T vs. 1/T and of ∆G° vs. T are linear. rxn rxn Which of the following must be independent of temperature? I. ∆G° rxn II. ∆H° rxn",,classified
2020-usnco-national-exam-part-i.pdf,23,5,Thermodynamics,"Elemental tin forms two allotropes, white tin and gray tin. For the conversion of white tin to gray tin, ∆H° = –2.02 kJ mol-1 and ∆S° = –7.04 J mol-1 K-1. Which statement best describes the stability of the two phases?",,classified
2020-usnco-national-exam-part-i.pdf,24,5,Thermodynamics,The plot of the natural logarithm of the molar solubility (S) of Ag SO as a function of the reciprocal of the 2 4 absolute temperature is shown below. What is ∆H° for the following reaction? rxn Ag SO (s) → 2 Ag+(aq) + SO 2-(aq) 2 4 4,,classified
2020-usnco-national-exam-part-i.pdf,25,5,Kinetics,A reaction A 2 B was monitored over time. What is the average rate of disappearance of A between t = 0 and t = 10 minutes→?,,classified
2020-usnco-national-exam-part-i.pdf,26,5,Kinetics,An irreversible reaction A + B → products is monitored in buffered aqueous solution under conditions where [B] >> [A] by measuring the concentration of A as a function of time. The decay of A is found to be fir ... reaction? [B] pH Half-life for disappearance of A 0.100 M 1.00 120 s 0.200 M 1.00 60 s 0.200 M 1.50 190 s,,classified
2020-usnco-national-exam-part-i.pdf,27,5,Kinetics,"The thermal decomposition of NOCl is a second-order process, and the rate constant k for the disappearance of NOCl at 160 °C is 0.0037 M-1 s-1. What is the concentration of NOCl, initially at 0.043 M, after 20.0 minutes at 160 °C?",,classified
2020-usnco-national-exam-part-i.pdf,28,5,Kinetics,Bismuth-212 undergoes both α decay (35.9%) and β decay (64.1%) with an overall half-life of 60.6 minutes. What is its half-life for α decay?,,classified
2020-usnco-national-exam-part-i.pdf,29,5,Kinetics,"A reaction A B is reversible, with K = 1.00. eq The forward reaction is first-order in A. In a reaction initially containing only A at an initial concentration of [A] , which plot will be linear over the course of the 0 reaction?",,classified
2020-usnco-national-exam-part-i.pdf,30,5,Kinetics,"The decomposition of nitryl chloride takes place according to the following equation: 2 NO Cl(g) → 2 NO (g) + Cl (g) 2 2 2 The following mechanism is proposed for this reaction: NO Cl(g) NO (g) + Cl(g) 2 2 NO C ... mechanism, regardless of the relative rates of the two steps? I. Rate = k[NO Cl] 2 II. Rate = k[NO Cl]2 2",,classified
2020-usnco-national-exam-part-i.pdf,31,6,Equilibrium,A sample of SO Cl is introduced into a movable piston 2 2 with the pressure maintained at 1.00 atm and the temperature at 450 K. The volume increases as the sulfuryl chloride equilibrates according to the follo ... . The temperature of the system is increased to 500 K. II. A sample of Ar(g) is injected into the piston.,,classified
2020-usnco-national-exam-part-i.pdf,32,6,Equilibrium,Equal volumes of 0.500 M HCO H and 0.100 M 2 Na(O CCH ) are mixed. What is the pH of the resulting 2 3 solution? The pK of HCO H is 3.75 and the pK of a 2 a CH CO H is 4.75. 3 2,,classified
2020-usnco-national-exam-part-i.pdf,33,6,Equilibrium,"The formation constant K of the hexamminecadmium f ion, Cd(NH ) 2+, is 2.6 × 105. In a solution whose 3 6 ammonia concentration is 0.12 M, what percentage of the cadmium in solution is in the form of Cd(NH ) 2+? 3 6",,classified
2020-usnco-national-exam-part-i.pdf,34,6,Equilibrium,The K of Sr(OH) is 2.0 × 10-3. What is the pH of a sp 2 saturated solution of Sr(OH) ? 2,,classified
2020-usnco-national-exam-part-i.pdf,35,6,Equilibrium,"When 0.100 M HCl was added to a 10.0 mL sample of aqueous NaOH, it generated the titration curve shown as a solid line. If the same number of moles of NaOH, but initially at a volume of 20.0 mL, were titrated with 0.100 M HCl, which of the dashed curves would best describe this new titration?",,classified
2020-usnco-national-exam-part-i.pdf,36,6,Equilibrium,Independent gas equilibria from pressure-time behavior,,classified
2020-usnco-national-exam-part-i.pdf,37,6,Oxidation - Reduction,"When the following reaction is balanced under basic conditions, what is the ratio of the coefficients of Mn(OH) (s) to MnO 2-(aq)? 2 4 Mn(OH) (s) + MnO –(aq) → MnO 2-(aq) 2 4 4",,classified
2020-usnco-national-exam-part-i.pdf,38,6,Oxidation - Reduction,"What is the standard reduction potential for the reduction of permanganate ion to managanese dioxide in acidic solution? Half-Reaction Eº, V MnO –(aq) + 8 H+(aq) + 5 e– → Mn2+(aq) + 4 +1.51 4 H O(l) 2 MnO (s) + 4 H+(aq) + 2 e– → Mn2+(aq) + 2 +1.23 2 H O(l) 2 MnO –(aq) + 4 H+(aq) + 3 e– → MnO (s) + 4 2 ??? 2 H O(l) 2",,classified
2020-usnco-national-exam-part-i.pdf,39,6,Oxidation - Reduction,A current of 1.20 A passed through a solution of a metal nitrate for 153 minutes plates out 3.92 g of the metal. What is the metal?,,classified
2020-usnco-national-exam-part-i.pdf,40,7,Oxidation - Reduction,Which changes will lead to an increase in the theoretical cell potential for a hydrogen-oxygen fuel cell? I. A more efficient catalyst is used at the cathode. II. The temperature is increased from 298 K to 320 K.,,classified
2020-usnco-national-exam-part-i.pdf,41,7,Oxidation - Reduction,"Metallic gold will not dissolve in nitric acid alone, but will dissolve in a mixture of nitric and hydrochloric acids. Which is the best explanation for this observation?",,classified
2020-usnco-national-exam-part-i.pdf,42,7,Oxidation - Reduction,"A concentration cell is set up with a metal M and aqueous solutions of the Mn+ ion. The cell potential at 298 K as a function of the logarithm of the [Mn+] in the anode is graphed below. What may be concluded about the value of n? M(s) | Mn+(aq, variable concentration) || Mn+(aq, 1.00 M) | M(s)",,classified
2020-usnco-national-exam-part-i.pdf,43,7,Atomic Structure/Periodicity,A hydrogen atom emits light as it changes from a state with a principal quantum number n+3 to a state with principal quantum number n. Which change causes the greatest change in the energy of the emitted photon?,,classified
2020-usnco-national-exam-part-i.pdf,44,7,Atomic Structure/Periodicity,The first three ionization energies (in kJ mol-1) of four metallic elements are listed below. Which element would form the chloride salt with the lattice energy that is largest in magnitude?,Ionization energies identify valence and ionic charge before comparing lattice energies; retained with atomic periodic properties.,classified
2020-usnco-national-exam-part-i.pdf,45,7,Atomic Structure/Periodicity,Which element releases the greatest amount of energy upon addition of an electron to a gas-phase atom?,,classified
2020-usnco-national-exam-part-i.pdf,46,7,Atomic Structure/Periodicity,Which species is the strongest oxidant in aqueous solution?,Compares oxidizing strength of related high-oxidation-state transition-element compounds; retained as periodic chemistry.,classified
2020-usnco-national-exam-part-i.pdf,47,7,Atomic Structure/Periodicity,Which gas-phase atom contains the greatest number of unpaired electrons in its ground state?,,classified
2020-usnco-national-exam-part-i.pdf,48,7,Atomic Structure/Periodicity,"A clean sample of magnesium metal is irradiated under vacuum with a 1 W laser. If the laser wavelength is 400 nm, nothing happens, but if the wavelength is 300 nm, then electrons with 45.6 kJ mol-1 of energy are ejected from the Mg surface. What happens if a 2 W laser is used instead?","Uses the photoelectric effect and photon energy, not a redox cell.",classified
2020-usnco-national-exam-part-i.pdf,49,7,Bonding/Molecular Structure,Which species has the strongest bond?,,classified
2020-usnco-national-exam-part-i.pdf,50,7,Bonding/Molecular Structure,Which species has the smallest bond angle?,,classified
2020-usnco-national-exam-part-i.pdf,51,7,Bonding/Molecular Structure,Which ions are linear? I. N – 3 II. N O 2- 2 2,,classified
2020-usnco-national-exam-part-i.pdf,52,8,Bonding/Molecular Structure,"Which is the most stable arrangement of the atoms in space in formamide, HC(O)NH ? 2",,classified
2020-usnco-national-exam-part-i.pdf,53,8,Bonding/Molecular Structure,"Molecular chlorine, Cl , has a smaller ionization energy 2 than atomic chlorine, Cl (IE = 1108 kJ mol-1 for Cl and 2 1256 kJ mol-1 for Cl). Which is the best explanation for this difference?",,classified
2020-usnco-national-exam-part-i.pdf,54,8,Bonding/Molecular Structure,How many stereoisomers are possible for the complex ion [Co(NH ) (CN) Cl ]–? 3 2 2 2,,classified
2020-usnco-national-exam-part-i.pdf,55,8,Organic/Biochemistry,Replacing which hydrogens with chlorine would give a chiral molecule?,,classified
2020-usnco-national-exam-part-i.pdf,56,8,Organic/Biochemistry,Which carbon-carbon bond is the shortest?,Bond lengths are compared in organic structural contexts; retained with organic structure.,classified
2020-usnco-national-exam-part-i.pdf,57,8,Organic/Biochemistry,What is the best description of the geometry at carbon in the transition state of the following reaction? OH– + CH Br → CH OH + Br– 3 3,The geometry belongs to an organic substitution transition state.,classified
2020-usnco-national-exam-part-i.pdf,58,8,Organic/Biochemistry,Which compound will NOT react readily in aqueous sodium hydroxide solution?,,classified
2020-usnco-national-exam-part-i.pdf,59,8,Organic/Biochemistry,"Treatment of acetyl chloride with an equimolar amount of diethylamine at room temperature in diethyl ether gives no more than a 50% yield of N,N-diethylacetamide. Which is the best explanation for this observation?",,classified
2020-usnco-national-exam-part-i.pdf,60,8,Organic/Biochemistry,"Guanine, one of the bases in DNA, is susceptible to attack by alkylating agents. Which nitrogen in guanine is most prone to alkylation?",,classified
2019-usnco-national-exam-part-i.pdf,1,3,Stoichiometry/Solutions,Which sample contains the greatest number of molecules?,,classified
2019-usnco-national-exam-part-i.pdf,2,3,Stoichiometry/Solutions,A mixture of hydrogen and oxygen is ignited and reacts completely to form water. Which mixture will NOT produce 18 g of H O? 2,,classified
2019-usnco-national-exam-part-i.pdf,3,3,Stoichiometry/Solutions,"How many oxygen atoms are in 1.00 g of the mineral troegerite, (UO ) (AsO ) •12 H O (M = 1304.0)? 2 3 4 2 2",,classified
2019-usnco-national-exam-part-i.pdf,4,3,Stoichiometry/Solutions,"Hünig’s base is a monobasic amine containing 74.34% C, 14.82% H, and 10.84% N by mass. How many hydrogen atoms are in one molecule of Hünig’s base?",,classified
2019-usnco-national-exam-part-i.pdf,5,3,Stoichiometry/Solutions,Magnesium oxide/nitride composition after burning magnesium,,classified
2019-usnco-national-exam-part-i.pdf,6,3,Stoichiometry/Solutions,"What is the pH of a solution formed by mixing 45.0 mL of 0.10 M HNO , 50.0 mL of 0.20 M HCl, and 55.0 mL 3 of 0.10 M CH COOH? 3",Strong acids dominate the requested concentration; the main calculation is mixing solution amounts.,classified
2019-usnco-national-exam-part-i.pdf,7,3,Descriptive/Laboratory,Which dissolves to give a blue solution?,,classified
2019-usnco-national-exam-part-i.pdf,8,3,Equilibrium,Acidity of aqueous nitrate salts,Compares acid-base hydrolysis of dissolved ions.,classified
2019-usnco-national-exam-part-i.pdf,9,3,Descriptive/Laboratory,A chemist wishes to prepare methyl benzoate by refluxing benzoic acid in methanol overnight in the presence of a catalytic amount of sulfuric acid. Which setup is most appropriate for carrying out this reaction?,,classified
2019-usnco-national-exam-part-i.pdf,10,3,Descriptive/Laboratory,"A p al e yellow solid is insoluble in w ater or concentrated ammonia solution, but dissolves in concentrated Na S O 2 2 3 solution. What is it?",,classified
2019-usnco-national-exam-part-i.pdf,11,4,Descriptive/Laboratory,A chemist has isolated a solid carboxylic acid of unknown formula from a medicinal herb. Which experiment will be most useful in assessing the purity of the isolated material?,,classified
2019-usnco-national-exam-part-i.pdf,12,4,Descriptive/Laboratory,The ammonia concentration of a solution is determined by titrating with aqueous HCl (previously standardized against Na CO ) using a pH meter. Which of the 2 3 following errors will lead to a measured concentration of NH that is higher than the actual concentration? 3,,classified
2019-usnco-national-exam-part-i.pdf,13,4,States Of Matter,Which set of characteristics describes a metal?,,classified
2019-usnco-national-exam-part-i.pdf,14,4,States Of Matter,"A test tube is filled with 5 mL water, 5 mL carbon tetrachloride (CCl ), and a few crystals of iodine (I ). 4 2 After the tube is capped and shaken, what is the final appearance of the system after it is allowed to stand for a few minutes?",,classified
2019-usnco-national-exam-part-i.pdf,15,4,States Of Matter,Which substance has the highest normal boiling point?,,classified
2019-usnco-national-exam-part-i.pdf,16,4,States Of Matter,"An adjustable-volume container holds 10.0 g pentane (M = 72.15, normal boiling point = 36.1 ºC). The pressure in the container is measured as a function of volume while maintaining the temperature at 30 ºC. Which graph shows the results of this experiment?",,classified
2019-usnco-national-exam-part-i.pdf,17,4,States Of Matter,Cotton balls soaked in concentrated solutions of HBr and CH NH are placed at the same time in opposite ends of a 3 2 glass tube. What is observed?,,classified
2019-usnco-national-exam-part-i.pdf,18,5,States Of Matter,A metal with a face-centered cubic (fcc) lattice has a unit cell edge length a = 380.3 pm and a density of 12.45 g cm–3. What metal is it?,,classified
2019-usnco-national-exam-part-i.pdf,19,5,Thermodynamics,The process of liquid water freezing at –10 °C and 1 atm pressure is,,classified
2019-usnco-national-exam-part-i.pdf,20,5,Thermodynamics,What is ∆Hº for the fermentation of glucose as shown rxn below? C H O (s) → 2 C H OH(l) + 2 CO (g) 6 12 6 2 5 2 ∆Hº = ??? rxn C H OH(l) + O (g) → CH COOH(l) + H O(l) 2 5 2 3 2 ∆Hº = –492.6 kJ mol–1 rxn CH COOH( ... º = –874.2 kJ mol–1 rxn C H O (s) + 6 O (g) → 6 CO (g) + 6 H O(l) 6 12 6 2 2 2 ∆Hº = –2805.0 kJ mol–1 rxn,,classified
2019-usnco-national-exam-part-i.pdf,21,5,Thermodynamics,"The solubility of Li CO in water at 298 K is 0.175 mol 2 3 L–1, and its solubility decreases with increasing temperature. What are the signs of ∆Hº and ∆Sº for the dissolution of Li CO ? 2 3 Li CO (s) → 2 Li+(aq) + CO 2–(aq) 2 3 3",Solubility versus temperature supplies evidence for thermodynamic signs.,classified
2019-usnco-national-exam-part-i.pdf,22,5,Thermodynamics,"A system confined in a rigid, well-insulated container undergoes a spontaneous change. What statement about the system must be true?",,classified
2019-usnco-national-exam-part-i.pdf,23,5,Thermodynamics,"What is ∆G for the decomposition of CaCO at 298 K 3 and a partial pressure of CO of 4.00 × 10-4 bar? 2 CaCO (s) → CaO(s) + CO (g) 3 2 ∆G (298 K, P = 0.400 mbar) = ??? rxn CO2 Compound CaCO (s) CaO(s) CO (g) 3 2 ∆G° (kJ mol-1) –1129 –604 –394 f",,classified
2019-usnco-national-exam-part-i.pdf,24,5,Thermodynamics,"A 10.0 g sample of solid NH NO (M = 80.05) is added 4 3 to 100.0 g H O in a well-insulated container. Both the 2 solid and the water are initially at 24.00 ºC, but after the NH NO dissolves, the temperature of  ... specific heat capacity of 4 3 the NH NO solution is the same as that of pure water, 4 3 4.184 J g-1 ºC-1.",,classified
2019-usnco-national-exam-part-i.pdf,25,5,Kinetics,Acetone is brominated in acidic solution according to the following reaction: CH COCH (aq) + Br (aq) → CH COCH Br(aq) + 3 3 2 3 2 H+(aq) + Br–(aq) What is the rate law implied by the mechanism given below? CH 3 ... ) → 3 2 2 CH C(OH)CH Br+(aq) + Br–(aq) 3 2 fast CH C(OH)CH Br+(aq) → CH COCH Br(aq) + H+(aq) 3 2 3 2 fast,,classified
2019-usnco-national-exam-part-i.pdf,26,5,Kinetics,A rule of thumb is that a reaction’s rate roughly doubles for every 10 °C increase in temperature. What is the activation energy of a reaction whose rate exactly doubles between 25.0 °C and 35.0 °C?,,classified
2019-usnco-national-exam-part-i.pdf,27,6,Kinetics,"At 650 K, β-pinene isomerizes to form either 4- isopropenyl-1-methylcyclohexene or myrcene. The former reaction has a rate constant of 0.22 s–1 and the latter a rate constant of 0.13 s–1. What is the overall rate law for the isomerization of β-pinene?",,classified
2019-usnco-national-exam-part-i.pdf,28,6,Kinetics,How is the rate of change of the ClF concentration 3 related to the rate of change of the F concentration? 2 Cl (g) + 3 F (g) → 2 ClF (g) 2 2 3,,classified
2019-usnco-national-exam-part-i.pdf,29,6,Kinetics,A reaction takes place by an uncatalyzed pathway whose reaction coordinate diagram is shown below. The reaction is accelerated by addition of a small amount of a catalyst. Which reaction coordinate diagram (drawn to the same scale as the one above) best describes the catalyzed reaction?,,classified
2019-usnco-national-exam-part-i.pdf,30,6,Kinetics,Methyl iodide reacts irreversibly with azide ion with rate = k[CH I][N –]. 3 3 CH I(aq) + N –(aq) → CH N (aq) + I–(aq) 3 3 3 3 The reaction is carried out with an initial concentration of CH I of 0.01 M. Which statement about the reaction is 3 correct?,,classified
2019-usnco-national-exam-part-i.pdf,31,6,Equilibrium,The molar solubility of PbF is 2.1 × 10–3 mol L–1. What 2 is its K ? sp,,classified
2019-usnco-national-exam-part-i.pdf,32,6,Equilibrium,"What is the pH of a 0.10 M solution of ammonium acetate, NH (CH COO)? The K of NH + is 5.6 × 10–10 4 3 a 4 and the K of CH COOH is 1.8 × 10–5. a 3",,classified
2019-usnco-national-exam-part-i.pdf,33,6,Equilibrium,PCl5 dissociation equilibrium constant from partial pressures,,classified
2019-usnco-national-exam-part-i.pdf,34,6,Equilibrium,Changes shifting PCl5 dissociation equilibrium,,classified
2019-usnco-national-exam-part-i.pdf,35,7,Equilibrium,A metal M forms a sparingly soluble sulfate salt. The logarithm of the concentration of the dissolved metal ion in a solution saturated in the metal sulfate is plotted below as a function of the logarithm of the concentration of sulfate ion in solution. What is the formula of the metal sulfate?,,classified
2019-usnco-national-exam-part-i.pdf,36,7,Equilibrium,"A 1.00 g pill contains morphine (M = 285.34), a monobasic compound whose conjugate acid has pK = a 8.21, in addition to an unknown amount of inert material. To analyze the morphine content of the pill, it is di ... color from red to yellow between pH = 4.4 and pH = 6.2, would be a suitable indicator for this titration.",,classified
2019-usnco-national-exam-part-i.pdf,37,7,Oxidation - Reduction,The cathode of an electrolytic cell is placed in 100 mL of a solution that is 0.01 M in both AgNO and Cu(NO ) . 3 3 2 A current of 0.5 A is passed through the cell for 250 s. What deposits on the cathode?,,classified
2019-usnco-national-exam-part-i.pdf,38,7,Oxidation - Reduction,What is the oxidation state of sulfur in Na S O ? 2 2 4,,classified
2019-usnco-national-exam-part-i.pdf,39,7,Oxidation - Reduction,"Which statement about the electrochemical cell is correct? Half-Reaction Eº, V Cd2+(aq) + 2 e– → Cd(s) –0.40 Ni2+(aq) + 2 e– → Ni(s) –0.25",,classified
2019-usnco-national-exam-part-i.pdf,40,7,Oxidation - Reduction,"What is the standard reduction potential for the reduction of V3+(aq) to V(s)? V3+(aq) + 3 e– → V(s) Eº = ??? Half-Reaction Eº, V V2+(aq) + 2 e– → V(s) –1.13 V V3+(aq) + e– → V2+(aq) –0.26 V",,classified
2019-usnco-national-exam-part-i.pdf,41,7,Oxidation - Reduction,"For the cell, Ag(s) | Ag(NH ) +(aq, 0.010 M) | NH (aq, 0.40 M) || 3 2 3 Ag+(aq, 0.010 M) | Ag(s) What is the cell potential? The K of Ag(NH ) + is 1.6 × f 3 2 107.",,classified
2019-usnco-national-exam-part-i.pdf,42,8,Oxidation - Reduction,"What is the equilibrium constant for the reaction at 298 K? 3 Cl (g) + 2 Cr3+(aq) + 7 H O(l) 2 2 Cr O 2–(aq) + 6 Cl–(aq) + 14 H+(aq) 2 7 Half-Reaction Eº, V Cr O 2–(aq) + 14 H+(aq) + 6 e– → 1.33 2 7 2 Cr3+(aq) + 7 H O 2 Cl (g) + 2 e– → 2 Cl–(aq) 1.36 2",The equilibrium constant is calculated from standard reduction potentials.,classified
2019-usnco-national-exam-part-i.pdf,43,8,Atomic Structure/Periodicity,A hydrogen atom with principal quantum number n = 3 can emit light with λ = 656 nm. Which statement about a hydrogen atom with quantum number n = 4 is correct?,,classified
2019-usnco-national-exam-part-i.pdf,44,8,Atomic Structure/Periodicity,In which list are the ions ranked in order of increasing ionic radius?,,classified
2019-usnco-national-exam-part-i.pdf,45,8,Atomic Structure/Periodicity,Which element is the most electronegative?,,classified
2019-usnco-national-exam-part-i.pdf,46,8,Atomic Structure/Periodicity,How many orbitals are filled or partially filled in a gas- phase Ti atom in its ground state?,,classified
2019-usnco-national-exam-part-i.pdf,47,8,Atomic Structure/Periodicity,41Ca undergoes radioactive decay by electron capture. Which statements about its decay product are correct? I. The decay product is an isotope of Sc. II. The decay product has a slightly larger mass than 41Ca.,,classified
2019-usnco-national-exam-part-i.pdf,48,8,Atomic Structure/Periodicity,Aluminum has a smaller first ionization energy than magnesium. Which is the best explanation for this observation?,,classified
2019-usnco-national-exam-part-i.pdf,49,8,Bonding/Molecular Structure,Which molecule has a dipole moment of zero?,,classified
2019-usnco-national-exam-part-i.pdf,50,8,Bonding/Molecular Structure,The carbon-oxygen bond in CO has a higher bond dissociation enthalpy than a carbon-oxygen bond in CO . 2 Which is the best explanation for this difference?,,classified
2019-usnco-national-exam-part-i.pdf,51,8,Bonding/Molecular Structure,"What value is closest to the bond angle in the triiodide ion, I –? 3",,classified
2019-usnco-national-exam-part-i.pdf,52,8,Equilibrium,Relative strengths of bromine oxoacids,The requested property is Brønsted acidity; oxidation and bonding explain the acid-strength trend.,classified
2019-usnco-national-exam-part-i.pdf,53,8,Bonding/Molecular Structure,"Which is the best depiction of the three-dimensional arrangement of the atoms in nitric acid, HNO ? 3",,classified
2019-usnco-national-exam-part-i.pdf,54,9,Bonding/Molecular Structure,"Which of these is NOT a correct statement about the ferrioxalate ion, Fe(C O ) 3–? 2 4 3",,classified
2019-usnco-national-exam-part-i.pdf,55,9,Organic/Biochemistry,What is the major organic product of the reaction of potassium cyanide with 2-bromopentane?,,classified
2019-usnco-national-exam-part-i.pdf,56,9,Organic/Biochemistry,How many distinct compounds of the formula C H Cl 5 11 can be formed by free radical chlorination of 2- methylbutane?,,classified
2019-usnco-national-exam-part-i.pdf,57,9,Organic/Biochemistry,A compound with the formula C H O has exactly one π 5 8 bond. How many rings does this compound have?,,classified
2019-usnco-national-exam-part-i.pdf,58,9,Organic/Biochemistry,Which C–H bond has the smallest bond dissociation enthalpy?,C-H bond strength is compared via organic radical stability.,classified
2019-usnco-national-exam-part-i.pdf,59,9,Organic/Biochemistry,What compounds are formed on hydrolysis of a typical fat with aqueous sodium hydroxide (saponification)?,,classified
2019-usnco-national-exam-part-i.pdf,60,9,Organic/Biochemistry,The structure of cyclic adenosine monophosphate (cAMP) is shown below. What is its principal biochemical role?,,classified
2018-usnco-national-exam-part-i.pdf,1,3,Stoichiometry/Solutions,"Upon heating in a stream of hydrogen gas, 0.688 g of a manganese oxide is reduced to metallic manganese and forms 0.235 g water. What is the formula of the oxide?",,classified
2018-usnco-national-exam-part-i.pdf,2,3,Stoichiometry/Solutions,Which 1.00 g sample of an element contains the greatest number of molecules?,,classified
2018-usnco-national-exam-part-i.pdf,3,3,Stoichiometry/Solutions,Hydrogen gas reacts with 5.00 L of nitrogen gas under constant temperature and pressure conditions to form 10.0 L of ammonia gas. What is the minimum volume of hydrogen gas required to produce this amount of ammonia?,,classified
2018-usnco-national-exam-part-i.pdf,4,3,Stoichiometry/Solutions,"Phosphoric acid can be manufactured according to the following reaction: Ca (PO ) + 3 SiO + 5 C + 5 O + 3 H O  3 4 2 2 2 2 3 CaSiO + 5 CO + 2 H PO 3 2 3 4 If equal masses of calcium phosphate (M = 310.) and si ... e 1.00  103 kg phosphoric acid (M = 98.0), what mass of calcium phosphate was used, assuming 100% yield?",,classified
2018-usnco-national-exam-part-i.pdf,5,3,Stoichiometry/Solutions,"After mixing 30.0 mL of 0.30 M Ca(NO ) solution and 3 2 15.0 mL of 0.60 M NaF solution, which ions are present in solution at concentrations of at least 0.10 M? I. Ca2+ II. F–",,classified
2018-usnco-national-exam-part-i.pdf,6,3,Stoichiometry/Solutions,A salt whose formula is Na SO is 47.5% sulfur by mass. 2 x y What is the value of x in the formula?,,classified
2018-usnco-national-exam-part-i.pdf,7,3,Bonding/Molecular Structure,Diamagnetism of salts and coordination complexes,"Requires electronic structure of molecular ions/coordination complexes, including ligand-field electron pairing.",classified
2018-usnco-national-exam-part-i.pdf,8,3,Descriptive/Laboratory,Which titration would NOT require the addition of an indicator?,,classified
2018-usnco-national-exam-part-i.pdf,9,3,Descriptive/Laboratory,"A 1 mL sample of a 0.1 M solution of a divalent metal ion is pale pink. To it is added 1 mL of concentrated HCl, which causes a color change to bright blue. What is the metal ion?",,classified
2018-usnco-national-exam-part-i.pdf,10,3,Descriptive/Laboratory,"A copper-nickel alloy is analyzed by dissolving it in 8 M nitric acid, diluting the solution with water, and then adding 1 mL of this diluted solution to an excess of aqueous potassium iodide. What are the principal forms of copper and nickel in this final mixture?","Tests descriptive products in alloy analysis, rather than a cell-potential calculation.",classified
2018-usnco-national-exam-part-i.pdf,11,4,Descriptive/Laboratory,A dilute solution of sulfuric acid is titrated into a solution of barium hydroxide and the conductivity of the solution is measured as a function of the added volume of sulfuric acid. Which graph represents the results of this experiment?,,classified
2018-usnco-national-exam-part-i.pdf,12,4,Descriptive/Laboratory,"Which is the best way to prepare 500 mL of a 2.00 M solution of aqueous H SO from deionized water 2 4 (M = 18.02, density = 1.00 g mL–1) and concentrated H SO (M = 98.08, density = 1.84 g mL–1)? 2 4",,classified
2018-usnco-national-exam-part-i.pdf,13,4,States Of Matter,A substance has a density of 2.38 g mL–1 and is not significantly compressible. The substance is most likely in which physical state?,,classified
2018-usnco-national-exam-part-i.pdf,14,4,States Of Matter,"Carbon tetrachloride, CCl , has a higher normal boiling 4 point than chloroform, CHCl (77 ºC vs. 61 ºC). 3 Differences in which interactions contribute the most to this difference in boiling point?",,classified
2018-usnco-national-exam-part-i.pdf,15,4,States Of Matter,"The diagram represents a molecular view of a sample of liquid methanol, CH OH. Which letters in the diagram 3 show hydrogen bonds?",,classified
2018-usnco-national-exam-part-i.pdf,16,4,States Of Matter,"The triple point of ammonia is 195.40 K at 0.006 bar, while its melting point is 195.42 K at 1 bar pressure. Which statement about ammonia is correct?",,classified
2018-usnco-national-exam-part-i.pdf,17,5,States Of Matter,"Acetone, C H O, has a vapor pressure of 0.307 bar at 3 6 25 ºC. A sample of 0.100 mol acetone is added to a container that contains 1.00 L of argon gas at 1.00 bar pressure and 25 ºC. The volume of the containe ... 4.00 L while maintaining the same temperature. What is the pressure in the container after the expansion?",,classified
2018-usnco-national-exam-part-i.pdf,18,5,States Of Matter,What is the formula of the oxide whose unit cell is shown?,,classified
2018-usnco-national-exam-part-i.pdf,19,5,Thermodynamics,"A spontaneous endothermic chemical reaction takes place at constant pressure and volume in a well-insulated container. As the reaction proceeds, what happens to the temperature of the system and to the internal energy of the reactants as they are transformed into products?",,classified
2018-usnco-national-exam-part-i.pdf,20,5,Thermodynamics,"What is the standard heat of formation (∆Hº) of gaseous f ethylene, C H (g)? 2 4 H (g) + ½ O (g)  H O(g) ∆Hº = –242 kJ mol–1 2 2 2 2 C(s, graphite) + 3 H (g) + ½ O (g)  C H OH(l) 2 2 2 5 ∆Hº = –278 kJ mol–1 C H (g) + H O(g)  C H OH(l) ∆Hº = –88 kJ mol–1 2 4 2 2 5",,classified
2018-usnco-national-exam-part-i.pdf,21,5,Thermodynamics,The K of AgBr is 5.0  10–13 at 25.0 ºC and 6.5  10–12 at sp 50.0 ºC. What is ∆Hº for the precipitation of AgBr rxn shown? Ag+(aq) + Br–(aq)  AgBr(s) ∆Hº = ??? rxn,,classified
2018-usnco-national-exam-part-i.pdf,22,5,Thermodynamics,"For benzene, C H , the heat of fusion is 9.9 kJ mol–1 at its 6 6 melting point of 5 ºC, its heat of vaporization is 30.8 kJ mol–1 at its normal boiling point of 80 ºC, and the molar heat capacity of the liquid  ... s 6 6 added 20.0 kJ of heat while maintaining the pressure at 1 atm. In what phases is the benzene found?",,classified
2018-usnco-national-exam-part-i.pdf,23,5,Thermodynamics,The natural logarithm of the K of NH + is plotted below a 4 as a function of the reciprocal of the absolute temperature. Which statements are correct? I. The pH of a 0.100 M solution of NH NO increases as 4 3 the temperature is raised. II. ∆Sº for the acid dissociation of ammonium ion is positive.,,classified
2018-usnco-national-exam-part-i.pdf,24,6,Thermodynamics,The molar heat capacity of ice is 37 J mol–1 K–1 and the molar heat capacity of liquid water is 76 J mol–1 K–1. What can be concluded about the relative magnitudes of the heat of fusion of ice at 263 K (∆H ) 263 compared to the heat of fusion of ice at 273 K (∆H )? 273,,classified
2018-usnco-national-exam-part-i.pdf,25,6,Kinetics,The rate constant k for the reaction shown is 1.63  10–6 M–1 s–1. What is the overall order of the reaction? 2 ICl(g) + H (g) → 2 HCl(g) + I (g) 2 2,,classified
2018-usnco-national-exam-part-i.pdf,26,6,Kinetics,"The initial rate of the reaction A + B  products varies with the initial concentrations of A and B as follows: [A], M [B], M Initial rate, M s–1 0.20 0.30 2.1  10–4 0.40 0.30 4.2  10–4 0.20 0.90 1.9  10–3 What is the rate law for this reaction?",,classified
2018-usnco-national-exam-part-i.pdf,27,6,Kinetics,"Polonium-210 undergoes alpha decay with a half-life of 138 d, forming the stable isotope lead-206. How much time would it take for the activity of a 210Po sample to decrease to 15.0% of its initial value?",,classified
2018-usnco-national-exam-part-i.pdf,28,6,Kinetics,"An irreversible reaction A + B  products is studied under conditions where the initial concentrations of A and B are equal. Under these circumstances, a graph of ln([A]) as a function of time is linear. What is the order in A?",,classified
2018-usnco-national-exam-part-i.pdf,29,6,Kinetics,"Nitric oxide reacts with hydrogen according to the following equation: 2 NO(g) + 2 H (g)  N (g) + 2 H O(g) 2 2 2 A possible mechanism for this reaction is 2 NO(g)  N O (g) fast, unfavorable 2 2 N O (g) + H (g ... ) slow 2 2 2 2 2 N O(g) + H (g)  N (g) + H O(g) fast 2 2 2 2 What rate law is implied by this mechanism?",,classified
2018-usnco-national-exam-part-i.pdf,30,6,Kinetics,The reaction A + B  C is represented by the energy diagram shown. Which statements about this reaction are correct? I. The overall reaction is endothermic. II. The activation enthalpy of the reaction is 40 kJ mol–1.,,classified
2018-usnco-national-exam-part-i.pdf,31,6,Equilibrium,What is the pH of a saturated solution of Co(OH) ? The 2 K of Co(OH) is 5.9  10–15. sp 2,,classified
2018-usnco-national-exam-part-i.pdf,32,6,Equilibrium,Which of the following solutions is capable of dissolving the most CaC O (s)? 2 4,,classified
2018-usnco-national-exam-part-i.pdf,33,6,Equilibrium,"Silver ion forms a complex ion with thiosulfate ion, Ag(S O ) 3–, with K = 2.8  1013. How much AgBr (K 2 3 2 f sp = 5.4  10–13) will dissolve in 1.00 L of 0.200 M Na S O 2 2 3 solution?",,classified
2018-usnco-national-exam-part-i.pdf,34,7,Equilibrium,100.0 mL 0.15 M aqueous HF (K = 6.8  10–4) is mixed a with 125.0 mL 0.23 M NaF. What is the pH of the resulting solution?,,classified
2018-usnco-national-exam-part-i.pdf,35,7,Equilibrium,"For a given reaction, a graph of ln(K ) vs. 1/T is linear eq and has a positive slope. Which statements about this reaction must be correct? I. ∆Hº < 0 II. ∆Sº > 0 rxn rxn",The equilibrium-constant graph constrains thermodynamic signs; retained with equilibrium behavior.,classified
2018-usnco-national-exam-part-i.pdf,36,7,Equilibrium,"The following reaction has K = 50.4 at 448 ºC. p H (g) + I (g) 2 HI(g) 2 2 If a 3.00 L flask initially contains 0.0500 moles each of H and I , how many moles of HI are present when the 2 2 contents have reached equilibrium at 448 °C?",,classified
2018-usnco-national-exam-part-i.pdf,37,7,Oxidation - Reduction,Iodide ion is oxidized to hypoiodite ion by permanganate ion in basic solution according to the following unbalanced equation: I–(aq) + MnO –(aq)  IO–(aq) + MnO (s) 4 2 What is the ratio of hydroxide ions to iodide ions in the balanced equation?,,classified
2018-usnco-national-exam-part-i.pdf,38,7,Oxidation - Reduction,"In the carbon monoxide complex Na[V(CO) ], what is the 6 oxidation number of vanadium?",,classified
2018-usnco-national-exam-part-i.pdf,39,7,Oxidation - Reduction,"What is the K of Fe(OH) at 298 K? sp 2 Half-Reaction Eº, V (at 298 K) Fe2+(aq) + 2e–  Fe(s) –0.44 Fe(OH)2(s) + 2e–  Fe(s) + 2 OH–(aq) –0.89",The solubility product is obtained using electrode potentials.,classified
2018-usnco-national-exam-part-i.pdf,40,7,Oxidation - Reduction,"A 0.100-g sample of an alloy of copper and silver is dissolved in nitric acid to give a solution containing Cu2+ and Ag+ ions. This mixture is electrolyzed exhaustively to redeposit all the metal ions as the elemental metals, requiring a current of 0.150 A for 1429 s. What is the mass percent of copper in the alloy?",,classified
2018-usnco-national-exam-part-i.pdf,41,7,Oxidation - Reduction,"Which electrochemical cell has the greatest (most positive) standard cell potential? Half-Reaction Eº, V Cd2+(aq) + 2e–  Cd(s) –0.40 Tl+(aq) + e–  Tl(s) –0.34 AgCl(s) + e–  Ag(s) + Cl–(aq) +0.22 Cu2+(aq) + 2e–  Cu(s) +0.34",,classified
2018-usnco-national-exam-part-i.pdf,42,7,Oxidation - Reduction,"The galvanic cell below has equal volumes in the two half- cells. As it is discharged at 25 ºC, the cell potential gradually decreases to zero, whereupon the discharge stops. What is the concentration of Cu2+(a ...  M | Pt 6 Half-Reaction Eº, V Cu2+(aq) + 2e–  Cu(s) +0.337 Fe(CN) 3–(aq) + e–  Fe(CN) 4–(aq) +0.360 6 6",,classified
2018-usnco-national-exam-part-i.pdf,43,7,Atomic Structure/Periodicity,In which gas-phase atom are the 2s electrons closest on average to the nucleus?,,classified
2018-usnco-national-exam-part-i.pdf,44,7,Atomic Structure/Periodicity,Which electron configuration corresponds to a gas-phase oxygen atom in an excited state?,,classified
2018-usnco-national-exam-part-i.pdf,45,7,Atomic Structure/Periodicity,Alkali metals (Group 1) differ from alkaline earth metals (Group 2) of the same period in which way?,,classified
2018-usnco-national-exam-part-i.pdf,46,8,Atomic Structure/Periodicity,Atoms of which element release the most energy when an electron is added to them in the gas phase?,,classified
2018-usnco-national-exam-part-i.pdf,47,8,Atomic Structure/Periodicity,How many unpaired electrons does a ground-state gas- phase Cr2+ ion have?,,classified
2018-usnco-national-exam-part-i.pdf,48,8,Atomic Structure/Periodicity,Which nuclide undergoes beta decay?,,classified
2018-usnco-national-exam-part-i.pdf,49,8,Bonding/Molecular Structure,Which molecule has a nonzero dipole moment?,,classified
2018-usnco-national-exam-part-i.pdf,50,8,Bonding/Molecular Structure,What is the geometry of XeF ? 4,,classified
2018-usnco-national-exam-part-i.pdf,51,8,Bonding/Molecular Structure,"Which statements are correct about the cyanate ion, NCO–? I. Cyanate is more thermodynamically stable than its isomer fulminate (CNO–). II. The carbon-nitrogen bond is shorter than the carbon-oxygen bond in gas-phase cyanate ion.",,classified
2018-usnco-national-exam-part-i.pdf,52,8,States Of Matter,Boiling points and fractional distillation of dichloroethene isomers,Separation is determined by intermolecular forces and phase behavior of the cis/trans isomers.,classified
2018-usnco-national-exam-part-i.pdf,53,8,Bonding/Molecular Structure,What is the coordination geometry of cobalt in the complex ion [Co(H NCH CH NH ) Br ]+? 2 2 2 2 2 2,,classified
2018-usnco-national-exam-part-i.pdf,54,8,Bonding/Molecular Structure,Sulfur tetrafluoride adopts a see-saw geometry with two axial F atoms with a F–S–F angle of about 180º and two equatorial F atoms at about 90º from the axial fluorines. Which statement most accurately describes the axial and equatorial S–F bonds?,,classified
2018-usnco-national-exam-part-i.pdf,55,8,Organic/Biochemistry,Which statement about the branched hydrocarbon shown is correct?,,classified
2018-usnco-national-exam-part-i.pdf,56,8,Organic/Biochemistry,In which dimethylcyclohexane are both methyl groups equatorial in its most stable chair conformation?,,classified
2018-usnco-national-exam-part-i.pdf,57,9,Organic/Biochemistry,How many distinct acyclic compounds have the formula C H ? 5 10,,classified
2018-usnco-national-exam-part-i.pdf,58,9,Organic/Biochemistry,"When acetaldehyde (CH CHO) reacts in methanol 3 (CH OH) solution under basic conditions, which 3 compound is NOT formed?",,classified
2018-usnco-national-exam-part-i.pdf,59,9,Organic/Biochemistry,In what way does the reactivity of CH C≡CH differ from 3 CH CH=CH ? 3 2,,classified
2018-usnco-national-exam-part-i.pdf,60,9,Organic/Biochemistry,Effect of competitive enzyme inhibition on product-time curve,Tests competitive inhibition of an enzyme in its biochemical context; no generic reaction-order calculation is requested.,classified
2017-usnco-national-exam-part-i.pdf,1,3,Stoichiometry/Solutions,Lithium reacts with water to form lithium hydroxide. What mass of lithium is required to produce 12 g of lithium hydroxide?,,classified
2017-usnco-national-exam-part-i.pdf,2,3,Stoichiometry/Solutions,Complete combustion of 1.00 g of the hydrocarbon pagodane gives 3.38 g carbon dioxide. What is the empirical formula of pagodane?,,classified
2017-usnco-national-exam-part-i.pdf,3,3,Stoichiometry/Solutions,Electrolysis of 10.00 g of a binary metal chloride deposits 6.207 g of the pure metal. What is the metal?,"Electrolysis isolates the metal; only mass composition is supplied, not charge/current for a Faraday-law calculation.",classified
2017-usnco-national-exam-part-i.pdf,4,3,Stoichiometry/Solutions,Decomposition of 1.0 g of which of the following compounds into its constituent elements gives the greatest amount of N gas? 2,,classified
2017-usnco-national-exam-part-i.pdf,5,3,Stoichiometry/Solutions,"Permanganate ion oxidizes hydrogen peroxide in acidic solution according to the following equation: 2 MnO –(aq) + 5 H O (aq) + 6 H+(aq)  4 2 2 2 Mn2+(aq) + 5 O (g) + 8 H O(l) 2 2 If 35.0 mL of an acidic 0.150  ...  H O in 50.0 mL of a 2 2 disinfectant solution, what is the concentration of H O in 2 2 the disinfectant?",,classified
2017-usnco-national-exam-part-i.pdf,6,3,Stoichiometry/Solutions,A solution containing 10 g of which substance dissolved in 100 g of water will show the greatest freezing point depression compared to pure water?,,classified
2017-usnco-national-exam-part-i.pdf,7,3,Descriptive/Laboratory,"When a solution of barium hydroxide is mixed with a solution of iron(III) chloride, what is observed?",,classified
2017-usnco-national-exam-part-i.pdf,8,3,Descriptive/Laboratory,Which element is a liquid at 25 ºC and 1 atm pressure?,,classified
2017-usnco-national-exam-part-i.pdf,9,3,Descriptive/Laboratory,The concentration of which approximately 0.01 M solution could be most accurately determined by a visible spectrophotometer (or colorimeter)?,,classified
2017-usnco-national-exam-part-i.pdf,10,3,Equilibrium,Acidity of aqueous salts,Compares acid-base equilibria of dissolved ions.,classified
2017-usnco-national-exam-part-i.pdf,11,3,States Of Matter,Atmospheric pressure from a U-tube manometer,"The requested quantity is gas pressure from a height difference, not laboratory safety or apparatus selection.",classified
2017-usnco-national-exam-part-i.pdf,12,4,Descriptive/Laboratory,What is the reading of the buret shown?,,classified
2017-usnco-national-exam-part-i.pdf,13,4,States Of Matter,"A beaker containing 25 mL of liquid 1-aminopentane, CH (CH ) NH , is placed on a hotplate and brought to a 3 2 4 2 boil. As the 1-aminopentane boils,",,classified
2017-usnco-national-exam-part-i.pdf,14,4,States Of Matter,"Into both ends of a meter-long glass tube samples of gases are introduced simultaneously. One end receives hydrogen chloride gas (HCl) while the other end receives ammonia gas (NH ). When the gases meet in the tube, 3 they react to form solid ammonium chloride (NH Cl). 4 Where in the tube does the NH Cl form? 4",,classified
2017-usnco-national-exam-part-i.pdf,15,4,States Of Matter,"At its normal boiling point of –1.0 ºC, a sample of gaseous butane at 1.0 atm occupies a volume of 1.0 L. What is the pressure if the volume is decreased to 0.70 L while maintaining the temperature at –1.0 ºC?",,classified
2017-usnco-national-exam-part-i.pdf,16,4,States Of Matter,What is the principal energetic factor in the lack of miscibility between C H (l) and H O(l)? 6 14 2,,classified
2017-usnco-national-exam-part-i.pdf,17,4,States Of Matter,The melting point of silicon dioxide (1713 ºC) is higher than the melting point of silicon (1414 ºC). What is the best explanation for this difference?,,classified
2017-usnco-national-exam-part-i.pdf,18,4,States Of Matter,"A unit cell of the cubic form of ZnS is shown below (large spheres = Zn, small spheres = S). How many of each type of atom are present in one unit cell?",,classified
2017-usnco-national-exam-part-i.pdf,19,5,Thermodynamics,"What is ∆Hº for the reaction shown? 2 H S(g) + 3 O (g)  2 H O(l) + 2 SO (g) 2 2 2 2 Compound ∆Hº, kJ mol–1 f H S(g) –20.15 2 H O(l) –285.8 2 SO (g) –296.4 2",,classified
2017-usnco-national-exam-part-i.pdf,20,5,Thermodynamics,Upon which factors can the Gibbs free energy change for a reaction (∆G ) depend? rxn I. Temperature II.Concentration of species in solution,,classified
2017-usnco-national-exam-part-i.pdf,21,5,Thermodynamics,The natural logarithm of the vapor pressure (in bar) of HCN(s) as a function of the reciprocal of the absolute temperature is plotted below. What is the heat of sublimation of HCN?,,classified
2017-usnco-national-exam-part-i.pdf,22,5,Thermodynamics,Which has the greatest entropy at 0 ºC?,,classified
2017-usnco-national-exam-part-i.pdf,23,5,Thermodynamics,"What is ∆Gº of CH (g) at 298 K? (All data are given at f 4 298 K.) Substance ∆Hº, kJ mol–1 Sº, J mol–1 K–1 ∆Gº, kJ mol–1 f f CH (g) –74.8 186.3 4 H (g) 0.0 130.7 0.0 2 CO (g) –393.5 213.7 –394.4 2 H O(g) –241.8 188.8 –228.6 2",,classified
2017-usnco-national-exam-part-i.pdf,24,5,Thermodynamics,Thermometric titration of NaOH with HCl,,classified
2017-usnco-national-exam-part-i.pdf,25,6,Kinetics,"For the reaction A + B  products, the rate law is rate = k[A]2[B]. Which change will cause the greatest decrease in reaction rate?",,classified
2017-usnco-national-exam-part-i.pdf,26,6,Kinetics,"For a reaction with an activation energy of 65 kJ mol–1, by what percentage is the rate constant decreased if the temperature is decreased from 37 °C to 22 °C?",,classified
2017-usnco-national-exam-part-i.pdf,27,6,Kinetics,"A plot of ln[A] as a function of time in an irreversible reaction A → products is linear, with a slope of –0.0175 s–1. What conclusions may be drawn from these observations? I. The reaction is first-order in A. II.The rate constant for the reaction is 0.0175 s–1.",,classified
2017-usnco-national-exam-part-i.pdf,28,6,Kinetics,A sample containing only the isotope 99Mo undergoes radioactive decay as shown: β γ 99Mo 99mTc 99Tc t = 65 h t = 6 h 1/2 1/2 Which of the following statements about the relative activity of 99Mo and 99mTc in the sample is correct?,Nuclear transformations provide the setting; the time dependence of consecutive decays is central.,classified
2017-usnco-national-exam-part-i.pdf,29,6,Kinetics,Hydrogen peroxide disproportionates to water and molecular oxygen in the presence of iodide in neutral solution according to a mechanism consisting of two elementary steps: H O (aq) + I –(aq)  IO–(aq) + H O(l) ... constant for reaction 1 is much larger than the rate constant for reaction 2. Which statement is correct?,,classified
2017-usnco-national-exam-part-i.pdf,30,6,Kinetics,Which of the following are true about the overall reaction A + B  D illustrated in the diagram? I. The reaction displays second-order kinetics. II.The reaction has two intermediates.,,classified
2017-usnco-national-exam-part-i.pdf,31,6,Equilibrium,What is the pH of a 0.25 M solution of NaCN? (The pK a of HCN is 9.21.),,classified
2017-usnco-national-exam-part-i.pdf,32,6,Equilibrium,The autoionization constant of water at 60 ºC is K = 1.0  10–13. Which of the following statements are w correct? I. Autoionization of water is exothermic. II.A sample of pure water at 60 ºC is slightly acidic.,,classified
2017-usnco-national-exam-part-i.pdf,33,7,Equilibrium,"Barium carbonate, BaCO , is stable at ambient 3 temperatures, but decomposes to barium oxide and carbon dioxide at higher temperatures. BaCO (s) BaO(s) + CO (g) 3 2 At a certain temperature, this system is in e ... ssure of CO present at equilibrium? 2 I. Adding more BaCO (s) 3 II.Increasing the volume of the container",,classified
2017-usnco-national-exam-part-i.pdf,34,7,Equilibrium,"If 0.10 mol solid NaOH is added to 1.00 L of a saturated solution of Ca(OH) (K = 8.0  10–6), what percentage 2 sp of the calcium hydroxide will precipitate at equilibrium?",,classified
2017-usnco-national-exam-part-i.pdf,35,7,Equilibrium,The concentration of formic acid (pK = 3.75) is being a determined by titration with sodium hydroxide solution. Which indicators are suitable for this titration? I. Bromophenol blue (pH transition range 3.0 – 4.6) II.Neutral red (pH transition range 6.8 – 8.0),Uses the equivalence-point pH of a weak-acid titration to select suitable indicators.,classified
2017-usnco-national-exam-part-i.pdf,36,7,Equilibrium,The ionization of ammonium ion is endothermic: NH +(aq) + H O(l)  NH (aq) + H O+(aq) 4 2 3 3 ∆Hº > 0 Which changes will result in the increase in [H O+] of a 3 0.100 M solution of NH Cl? 4 I. Diluting the solution from 1.00 L to 2.00 L II.Raising the temperature from 25 ºC to 35 ºC,,classified
2017-usnco-national-exam-part-i.pdf,37,7,Oxidation - Reduction,"Which changes to this galvanic cell increase the measured potential? Cu(s) | Cu2+(aq), 0.10 M || Ag+(aq), 1.0 M | Ag(s) I. Increasing [Cu2+] in the Cu/Cu2+ half-cell to 0.50 M II. Adding Cl– to the Ag+/Ag half-cell until [Cl–] = 0.01 M",,classified
2017-usnco-national-exam-part-i.pdf,38,7,Oxidation - Reduction,"When the following skeleton equation is balanced with smallest whole number coefficients, what is the coefficient and location of H O(l)? The reaction takes 2 place in basic solution. Cu(s) + MnO –(aq)  Cu(OH) (s) + MnO (s) 4 2 2",,classified
2017-usnco-national-exam-part-i.pdf,39,7,Oxidation - Reduction,Which of the following species contains the element in the highest oxidation state?,,classified
2017-usnco-national-exam-part-i.pdf,40,7,Oxidation - Reduction,"What is the standard reduction potential of Hg2+(aq) to Hg(l)? Half Reaction Eº, V 2 Hg2+(aq) + 2e–  Hg2+(aq) +0.90 2 Hg2+(aq) + 2e–  2 Hg(l) +0.80 2",,classified
2017-usnco-national-exam-part-i.pdf,41,7,Oxidation - Reduction,The lead-acid storage battery consists of the following two half-cells: PbO(s) + 4 H+(aq) + SO 2-(aq) + 2 e–  PbSO (s) + 2 H O(l) 2 4 4 2 Pb(s) + SO 2-(aq)  PbSO (s) + 2 e– 4 4 Which of the following concentrations decrease as the battery is discharged? I. [H+] II. [Pb2+],,classified
2017-usnco-national-exam-part-i.pdf,42,7,Oxidation - Reduction,Which graph represents the reduction potential of O (at 1 2 bar pressure and 25 ºC) as a function of pH? O (g) + 4 H+(aq) + 4 e–  2 H O(l) Eº = 1.23 V 2 2,,classified
2017-usnco-national-exam-part-i.pdf,43,8,Atomic Structure/Periodicity,"In a ground-state P atom in the gas phase, how many electrons have quantum numbers n = 3, l = 1, m = –1? l",,classified
2017-usnco-national-exam-part-i.pdf,44,8,Atomic Structure/Periodicity,"Rank the elements Si, P, Ge, and As in increasing order of their first ionization energies.",,classified
2017-usnco-national-exam-part-i.pdf,45,8,Atomic Structure/Periodicity,Which gas-phase atom or ion has the following ground state? [Ar] 3d 4s,,classified
2017-usnco-national-exam-part-i.pdf,46,8,Atomic Structure/Periodicity,Which change in principal quantum number for an electron in a hydrogen atom would correspond to emission of the longest-wavelength photon?,,classified
2017-usnco-national-exam-part-i.pdf,47,8,Atomic Structure/Periodicity,Which pair of elements has the most similar electronegativities?,,classified
2017-usnco-national-exam-part-i.pdf,48,8,Atomic Structure/Periodicity,"The permanganate ion, MnO –, is purple while the 4 pertechnetate ion, TcO –, is colorless. This difference is 4 most closely related to which difference between manganese and technetium?",Colors of analogous oxoanions are compared through elemental periodic/bonding properties.,classified
2017-usnco-national-exam-part-i.pdf,49,8,Bonding/Molecular Structure,Which ion has the longest N–O bond?,,classified
2017-usnco-national-exam-part-i.pdf,50,8,Bonding/Molecular Structure,Which pair of species has the same shape?,,classified
2017-usnco-national-exam-part-i.pdf,51,8,Bonding/Molecular Structure,"How many distinct C–O bond lengths are present in the oxalate ion, C O 2–? 2 4",,classified
2017-usnco-national-exam-part-i.pdf,52,8,Bonding/Molecular Structure,Which statement about the molecular orbitals in a molecule is correct?,,classified
2017-usnco-national-exam-part-i.pdf,53,8,Bonding/Molecular Structure,"NF has a bond angle of 102.5º, while PF has a bond 3 3 angle of 96.3º. What is the best explanation for the larger bond angle in NF ? 3",,classified
2017-usnco-national-exam-part-i.pdf,54,8,Bonding/Molecular Structure,Allene has the structure H C=C=CH . What is the best 2 2 description of the geometry of allene? Geometry at central carbon Positions of hydrogen atoms,,classified
2017-usnco-national-exam-part-i.pdf,55,8,Organic/Biochemistry,Which of the following molecules is chiral?,,classified
2017-usnco-national-exam-part-i.pdf,56,9,Organic/Biochemistry,A chemist wishes to separate benzoic acid from 4- hydroxybenzaldehyde. Which is the best method to achieve this separation?,Selective extraction is determined by the different organic functional-group acidities.,classified
2017-usnco-national-exam-part-i.pdf,57,9,Organic/Biochemistry,(E)-2-butene and (Z)-2-butene (shown below) each react with bromine to form compounds with the formula C H Br . What is the relationship between the products? 4 8 2,,classified
2017-usnco-national-exam-part-i.pdf,58,9,Organic/Biochemistry,What is the role of the acid catalyst in the Fischer esterification reaction below? H+ C HCHOH + CHCHCOH CHCHCOCHCH + HO 3 2 3 2 2 3 2 2 2 3 2,,classified
2017-usnco-national-exam-part-i.pdf,59,9,Organic/Biochemistry,"The isoelectric point of a protein is the pH at which it is electrically neutral. Which mutation of an amino acid NH CHRCOOH in the protein would have the greatest 2 effect on its isoelectric point, assuming that the mutation does not significantly affect the protein’s overall structure?",Protein charge is assessed from amino-acid side-chain chemistry.,classified
2017-usnco-national-exam-part-i.pdf,60,9,Organic/Biochemistry,Hydrolysis of which disaccharide with dilute acid gives only a single type of monosaccharide as a product?,,classified
2016-usnco-national-exam-part-i.pdf,1,3,Stoichiometry/Solutions,One mole of which hydrocarbon requires 8 mol O to 2 achieve complete combustion to give carbon dioxide and water?,,classified
2016-usnco-national-exam-part-i.pdf,2,3,Stoichiometry/Solutions,What is the concentration of calcium ions in 350. mL of an aqueous solution containing 7.50 g CaCl ? 2,,classified
2016-usnco-national-exam-part-i.pdf,3,3,Stoichiometry/Solutions,0.422 g of an element Z reacts with oxygen to form 0.797 g of the oxide Z O . What is the element Z? 2 3,,classified
2016-usnco-national-exam-part-i.pdf,4,3,Stoichiometry/Solutions,"At constant temperature and pressure, 5.0 L of SO is 2 combined with 3.0 L of O according to the equation: 2 2 SO (g) + O (g)  2 SO (g) 2 2 3 After SO formation is complete, what is the volume of 3 the mixture?",,classified
2016-usnco-national-exam-part-i.pdf,5,3,Stoichiometry/Solutions,A sample of 0.040 mol hypochlorite ion is treated with varying amounts of 1.0 M aqueous H O . Which graph 2 2 represents the amount of O (g) that is evolved according 2 to the chemical reaction shown? OCl–(aq) + H O (aq)  Cl–(aq) + H O(l) + O (g) 2 2 2 2,,classified
2016-usnco-national-exam-part-i.pdf,6,3,Stoichiometry/Solutions,"Equal volumes of aqueous 1.00 m glucose (C H O ) and 6 12 6 1.00 m sodium chloride solutions are placed on opposite sides of a U-tube, separated by a semipermeable membrane (through which only water can diffuse). What will the setup look like at equilibrium?",,classified
2016-usnco-national-exam-part-i.pdf,7,3,Descriptive/Laboratory,A student wishes to determine the molar mass of a pure solid organic compound. Which measurement would be most useful?,,classified
2016-usnco-national-exam-part-i.pdf,8,3,Descriptive/Laboratory,"A student has 10 mL of a solution that might contain any or all of the following cations at 0.01 M concentrations: Mn2+, Ba2+, Ag+, and Cu2+. Addition of 10 mL of 1 M HCl causes a precipitate to form. After the ... off, 1 M H SO is added to the filtrate and 2 4 another precipitate forms. What is the second precipitate?",,classified
2016-usnco-national-exam-part-i.pdf,9,4,Descriptive/Laboratory,"When 6 M sodium hydroxide is added to an unknown white solid, the solid dissolves. What is a possible identity for this solid?",,classified
2016-usnco-national-exam-part-i.pdf,10,4,Descriptive/Laboratory,A student standardizes a solution of aqueous NaOH against a measured mass of solid potassium hydrogen phthalate. She then uses this NaOH solution to titrate a measured mass of an unknown monocarboxylic acid to  ...  NaOH solution is allowed to stand after being standardized and absorbs some carbon dioxide from the air.,,classified
2016-usnco-national-exam-part-i.pdf,11,4,Descriptive/Laboratory,A student has crystallized acetylsalicylic acid from a mixture of ethanol and water. Which apparatus is best suited for isolation of the crystalline material? (The point of addition of the solid/liquid mixture is indicated by the arrow.),,classified
2016-usnco-national-exam-part-i.pdf,12,4,Descriptive/Laboratory,Which is the safest method for performing a flame test?,,classified
2016-usnco-national-exam-part-i.pdf,13,4,States Of Matter,Which compound has the highest normal boiling point?,,classified
2016-usnco-national-exam-part-i.pdf,14,4,States Of Matter,"Nitrogen, N , has the following properties: 2 normal melting point: 63.2 K normal boiling point: 77.4 K triple point: 0.127 atm, 63.1 K critical point: 33.5 atm, 126.0 K Which statement about N is correct? 2",,classified
2016-usnco-national-exam-part-i.pdf,15,4,States Of Matter,"The vapor pressure of iodomethane, CH I (M = 141.9), is 3 110. mm Hg at 266 K. A 0.824 g sample of iodomethane is placed in a closed, evacuated 370. mL container at 266 K. At equilibrium, what will be the pressure in the container?",,classified
2016-usnco-national-exam-part-i.pdf,16,4,States Of Matter,Which statement about the properties of barium chloride and mercury(II) chloride is correct?,,classified
2016-usnco-national-exam-part-i.pdf,17,5,States Of Matter,"Thallium(I) bromide (M = 284.3) adopts the cubic unit cell shown below, with an edge length a = 397 pm. What is the density of TlBr? . . . .. . . . = Tl . . . .. . . . = Br",,classified
2016-usnco-national-exam-part-i.pdf,18,5,States Of Matter,Which of the following properties is not typical of metallic solids?,,classified
2016-usnco-national-exam-part-i.pdf,19,5,Thermodynamics,Given O(g) + e–(g)  O–(g) ∆Hº = –142 kJ mol–1 O(g) + 2 e–(g)  O2–(g) ∆Hº = +702 kJ mol–1 What is ∆Hº for the following reaction? O–(g) + e–(g)  O2–(g),Combines stated reaction enthalpies; electronic species supply the reactions.,classified
2016-usnco-national-exam-part-i.pdf,20,5,Thermodynamics,For which reaction is ∆Sº < 0?,,classified
2016-usnco-national-exam-part-i.pdf,21,5,Thermodynamics,A hot metal coin is dropped into cold water in a well- insulated container. Which statements are true as the system approaches equilibrium? I. |q | = |q | metal water II. |∆S | = |∆S | metal water,,classified
2016-usnco-national-exam-part-i.pdf,22,5,Thermodynamics,"What is ∆Gº of C H (g) at 298 K? f 6 6 C H (l) C H (g) 6 6 6 6 ∆Hº, kJ mol–1 49.0 82.9 f Sº, J mol–1 K–1 173.3 269.0 ∆Gº (298 K), kJ mol–1 124.3 f",,classified
2016-usnco-national-exam-part-i.pdf,23,5,Thermodynamics,"Assuming that ∆Hº and ∆Sº do not vary significantly with temperature, at what temperature will graphite and diamond be in equilibrium at 1 atm pressure? ∆Hº, kJ mol–1 Sº, J mol–1 K–1 f C (s, graphite) 0.0 5.9 C (s, diamond) 2.1 2.5",,classified
2016-usnco-national-exam-part-i.pdf,24,5,Thermodynamics,The K of AgCl is 9.5  10–11 at 14 ºC and is 7.8  10–10 sp at 42 ºC. What is ∆Hº for the dissolution of AgCl(s)? AgCl(s)  Ag+(aq) + Cl–(aq),,classified
2016-usnco-national-exam-part-i.pdf,25,5,Kinetics,"Cyclopropane isomerizes to propene in an irreversible, first-order reaction. At 700 K, a sample of 22.0 mm Hg of cyclopropane is introduced into a reaction vessel. After 1.0 min, the partial pressure of the pro ... propene, was found to be 17.5 mm Hg. What is the rate constant for the isomerization at this temperature?",,classified
2016-usnco-national-exam-part-i.pdf,26,5,Kinetics,Which statements about the collision theory of reactions are correct? I. Molecules must have the correct spatial orientations for collisions to lead to reactions. II. Only collisions with an energy greater than a certain threshold lead to reactions.,,classified
2016-usnco-national-exam-part-i.pdf,27,6,Kinetics,"Triiodide reacts with acetone in acidic aqueous solution: I –(aq) + CH COCH (aq)  CH COCH I(aq) + 2 I–(aq) 3 3 3 3 2 + H+(aq) The reaction is carried out twice, both times with [I –] = 1.0  10–3 M and [H+] =  ... iodide is found to vary with time as shown: What are the orders of triiodide and acetone in the reaction?",,classified
2016-usnco-national-exam-part-i.pdf,28,6,Kinetics,"Nitric oxide is formed at high temperature in the presence of oxygen and nitrogen. A proposed mechanism for its formation is shown: O (g) 2 O(g) fast, unfavorable 2 N (g) + O(g)  NO(g) + N(g) slow 2 N(g) + O(g)  NO(g) very fast What rate law is predicted by this mechanism?",,classified
2016-usnco-national-exam-part-i.pdf,29,6,Kinetics,"At 400.0 K, the rate constant of a reaction is 3.2 × 10–2 s–1. The activation energy of the reaction is 41.0 kJ mol–1. What is the rate constant at 410.0 K?",,classified
2016-usnco-national-exam-part-i.pdf,30,6,Kinetics,"In a reaction between two substances A and B, the rate is found to be proportional to the concentration of A at all concentrations studied. At low concentrations of B, the rate of the reaction is found to be pr ... at high concentrations of B. What is a reasonable explanation for the observed dependence of rate on [B]?",,classified
2016-usnco-national-exam-part-i.pdf,31,6,Equilibrium,What is the correct equilibrium expression for the following reaction? 8 H S(aq) + 4 O (g) S (s) + 8 H O(l) 2 2 8 2 [S ][H O],,classified
2016-usnco-national-exam-part-i.pdf,32,6,Equilibrium,The reaction below is exothermic. PCl (g) + Cl (g) PCl (g) 3 2 5 Which change will increase the number of moles of PCl (g) present at equilibrium? 5,,classified
2016-usnco-national-exam-part-i.pdf,33,6,Equilibrium,Which of the following has the greatest molar solubility in water?,,classified
2016-usnco-national-exam-part-i.pdf,34,7,Equilibrium,A 0.100 M solution of a weak monoprotic acid HX is 3.5% ionized. What is the pH of a 0.500 M solution of HX?,,classified
2016-usnco-national-exam-part-i.pdf,35,7,Equilibrium,A sample of a washing powder that contains a mixture of Na CO and NaHCO is titrated with aqueous HCl and 2 3 3 the following result is obtained: What is the mole ratio of CO 2– to HCO – in the washing 3 3 powder?,Titration data identify carbonate/bicarbonate acid-base behavior.,classified
2016-usnco-national-exam-part-i.pdf,36,7,Equilibrium,"Hydrocyanic acid, HCN, is a weak acid with K = 4.9  10–10. Nickel(II) ion complexes strongly with a cyanide ion to form Ni(CN) 2–, K = 1.0  1022. What is 4 f the pH of 1.00 L of a 0.100 M solution of HCN to which 0.025 mol NiCl has been added? 2",,classified
2016-usnco-national-exam-part-i.pdf,37,7,Oxidation - Reduction,What is the oxidation state of nitrogen in magnesium nitride?,,classified
2016-usnco-national-exam-part-i.pdf,38,7,Oxidation - Reduction,For the galvanic cell Zn(s) ǀ Zn2+(aq) ǀǀ Cu2+(aq) ǀ Cu(s) the standard cell potential is 1.10 V. What is the potential at 25 °C if the concentrations of Zn2+ and Cu2+ are 2.5 M and 0.10 M respectively?,,classified
2016-usnco-national-exam-part-i.pdf,39,7,Oxidation - Reduction,Which of the following metals is most likely to be produced through electrolysis?,,classified
2016-usnco-national-exam-part-i.pdf,40,7,Oxidation - Reduction,"What is the standard reduction potential for Cr2+(aq) to Cr(s)? Half-Reaction Eº, V Cr3+(aq) + 3 e–  Cr(s) –0.73 Cr3+(aq) + e–  Cr2+(aq) –0.50",,classified
2016-usnco-national-exam-part-i.pdf,41,7,Oxidation - Reduction,"What is observed if a piece of lead is placed in an aqueous solution of Cu(NO ) ? 3 2 Half-Reaction Eº, V Pb2+(aq) + 2e–  Pb(s) –0.13 Cu2+(aq) + 2e–  Cu(s) +0.34 I. The mass of the metal piece increases. II. The blue color of the solution becomes less intense.",,classified
2016-usnco-national-exam-part-i.pdf,42,7,Oxidation - Reduction,"If water is electrolyzed for 2.0 hr with a current of 10.0 A, what volume of dry oxygen gas is collected at STP?",,classified
2016-usnco-national-exam-part-i.pdf,43,7,Atomic Structure/Periodicity,Which graph best describes the radial wavefunction of a 2p orbital?,,classified
2016-usnco-national-exam-part-i.pdf,44,8,Atomic Structure/Periodicity,"In a hydrogen atom, which transition requires the greatest input of energy?",,classified
2016-usnco-national-exam-part-i.pdf,45,8,Atomic Structure/Periodicity,How many unpaired electrons does a ground-state gas- phase Mn2+ ion have?,,classified
2016-usnco-national-exam-part-i.pdf,46,8,Atomic Structure/Periodicity,Which elements are most similar in atomic size?,,classified
2016-usnco-national-exam-part-i.pdf,47,8,Atomic Structure/Periodicity,Which halogen has the greatest first ionization energy?,,classified
2016-usnco-national-exam-part-i.pdf,48,8,Atomic Structure/Periodicity,The isotope 69Zn undergoes what mode of radioactive decay?,,classified
2016-usnco-national-exam-part-i.pdf,49,8,Bonding/Molecular Structure,"What is the bond order of carbon monoxide, CO?",,classified
2016-usnco-national-exam-part-i.pdf,50,8,Bonding/Molecular Structure,"Which statements about the Lewis structure of the fulminate ion, CNO–, are correct? I. The nitrogen atom has a positive formal charge. II. The nitrogen atom has a lone pair of electrons.",,classified
2016-usnco-national-exam-part-i.pdf,51,8,Bonding/Molecular Structure,In which molecule are there two distinct sets of sulfur- fluorine bond lengths?,,classified
2016-usnco-national-exam-part-i.pdf,52,8,Bonding/Molecular Structure,Which species contains three sigma bonds and one pi bond?,,classified
2016-usnco-national-exam-part-i.pdf,53,8,Bonding/Molecular Structure,How many stereoisomers of octahedral CoCl (NH ) (CN) – 2 3 2 2 are possible?,,classified
2016-usnco-national-exam-part-i.pdf,54,8,Bonding/Molecular Structure,"What is the best description of the geometry of the nitrogen atoms in dimethylnitrosamine, (CH ) NNO? 3 2 N bonded to CH groups N bonded to O 3",,classified
2016-usnco-national-exam-part-i.pdf,55,8,Organic/Biochemistry,"A student wishes to prepare ethyl acetate from the reaction of ethanol and acetic acid. To be successful, this reaction requires",,classified
2016-usnco-national-exam-part-i.pdf,56,8,Organic/Biochemistry,Which alkyl halide reacts most rapidly with aqueous sodium hydroxide solution?,,classified
2016-usnco-national-exam-part-i.pdf,57,8,Organic/Biochemistry,How many isomers are there with the formula C H ? 6 14,,classified
2016-usnco-national-exam-part-i.pdf,58,8,Organic/Biochemistry,What is the product of the reaction of benzene with a solution of nitric acid in sulfuric acid at 50 °C?,,classified
2016-usnco-national-exam-part-i.pdf,59,8,Organic/Biochemistry,"An enzyme catalyzes the hydrolysis of an ester with a certain activity, but this activity is lost in a 3 M urea solution. What is the most likely explanation for the loss of activity?",,classified
2016-usnco-national-exam-part-i.pdf,60,9,Organic/Biochemistry,"Tollens' reagent, basic diamminesilver(I) solution, gives a positive test (in the form of a silver mirror) in the presence of aldehydes. Which sugars give a positive Tollens' test? I. Sucrose, II. Lactose,",,classified
2015-usnco-national-exam-part-i.pdf,1,3,Stoichiometry/Solutions,"Calcium carbonate, CaCO , decomposes upon heating to 3 calcium oxide and carbon dioxide. What mass of solid calcium carbonate is required to produce 2.40 liters of carbon dioxide measured at STP?",,classified
2015-usnco-national-exam-part-i.pdf,2,3,Stoichiometry/Solutions,"Aspirin, C H O , is prepared by the acetylation of 9 8 4 salicylic acid, C H O , according to the following 7 6 3 equation: C H O + (CH CO) O  C H O + CH COOH 7 6 3 3 2 9 8 4 3 If the yield of this reaction is 83%, what mass of salicylic acid would be required to prepare 1.0 kg of aspirin?",,classified
2015-usnco-national-exam-part-i.pdf,3,3,Stoichiometry/Solutions,A solution is prepared by mixing 25.0 mL of 6.0 M HCl with 45.0 mL of 3.0 M HNO . What is [H+] in the 3 resulting solution?,,classified
2015-usnco-national-exam-part-i.pdf,4,3,Stoichiometry/Solutions,A 5.73 g sample of a liquid hydrocarbon burned in excess oxygen produces 17.48 g CO . What is the formula of 2 the hydrocarbon?,,classified
2015-usnco-national-exam-part-i.pdf,5,3,Stoichiometry/Solutions,"A solution of 3.00 g of which substance, dissolved in 100 g H O, has the highest boiling point? 2",,classified
2015-usnco-national-exam-part-i.pdf,6,3,Equilibrium,Absorbance during nitrophenol neutralization,Acid-base speciation during titration determines the absorbance curve.,classified
2015-usnco-national-exam-part-i.pdf,7,3,Descriptive/Laboratory,Each of the following substances dissolves exothermically in water EXCEPT,Known heats of dissolution are tested as descriptive properties of common reagents.,classified
2015-usnco-national-exam-part-i.pdf,8,3,Descriptive/Laboratory,Which solid is most soluble in water at 25 ºC?,,classified
2015-usnco-national-exam-part-i.pdf,9,3,Descriptive/Laboratory,A student standardizes a solution of Na S O by titrating 2 2 3 . it against a solution containing a known mass of NaIO 3 that has been dissolved in an excess of a freshly prepared solution of KI in dilute HCl.  ... rors will lead to a value of the molarity of the thiosulfate solution that is higher than the true value?,,classified
2015-usnco-national-exam-part-i.pdf,10,4,Descriptive/Laboratory,Mixing equal volumes of 0.1 M Ca(NO ) and AgF 3 2 solutions results in,,classified
2015-usnco-national-exam-part-i.pdf,11,4,Descriptive/Laboratory,"Elemental silicon is oxidized by O to give a compound 2 which dissolves in molten Na CO . When this solution is 2 3 treated with aqueous hydrochloric acid, a precipitate forms. What is the precipitate?",,classified
2015-usnco-national-exam-part-i.pdf,12,4,Descriptive/Laboratory,"A metal dissolves in 3.0 M NaOH solution with evolution of gas to form a clear, colorless solution. Upon neutralization, the solution forms a gelatinous precipitate. What is the metal?",,classified
2015-usnco-national-exam-part-i.pdf,13,4,States Of Matter,Which of the following substances experience London dispersion forces? I. CH CH II. CH OH 3 3 3,,classified
2015-usnco-national-exam-part-i.pdf,14,4,States Of Matter,Which of these pure substances has the highest normal boiling point?,,classified
2015-usnco-national-exam-part-i.pdf,15,4,States Of Matter,"A mixture of 0.50 mol of H gas and 1.3 mol of Ar gas is 2 in a sealed container with a volume of 4.82 L. If the temperature of the mixture is 50.0 °C, what is the partial pressure of H in the sample? 2",,classified
2015-usnco-national-exam-part-i.pdf,16,4,States Of Matter,For which pair of allotropes is one a molecular solid and the other a network covalent solid?,,classified
2015-usnco-national-exam-part-i.pdf,17,4,States Of Matter,"According to the phase diagram of methanol shown below, which statement is correct? P 1 atm 64.7 ºC 240 ºC T –97.7 ºC –97.6 ºC",,classified
2015-usnco-national-exam-part-i.pdf,18,4,States Of Matter,Which statement about atoms arranged in a body- centered cubic (bcc) crystal structure is correct?,,classified
2015-usnco-national-exam-part-i.pdf,19,4,Thermodynamics,"A system consists of a gas contained in a thin balloon. If the balloon deflates as the temperature of the gas changes from 90 ºC to 25 ºC, then",,classified
2015-usnco-national-exam-part-i.pdf,20,4,Thermodynamics,"The ∆Hº of MgO is –602 kJ•mol‒1. When 20.15 g MgO f is decomposed at constant pressure according to the equation below, how much heat will be transferred? 2 MgO(s)  2 Mg(s) + O (g) 2",,classified
2015-usnco-national-exam-part-i.pdf,21,5,Thermodynamics,What mass of ice at 0.0 ºC must be added to 100. g H O 2 at 25.0 ºC to cool it to 0.0 ºC? The heat of fusion of ice is 334 J•g‒1.,,classified
2015-usnco-national-exam-part-i.pdf,22,5,Thermodynamics,"Using the bond dissociation enthalpies (BDE) in the table, estimate ∆Hº for the disproportionation of hydrazine described in the equation below. 3 N H (g)  4 NH (g) + N (g) 2 4 3 2 Bond BDE, kJ•mol‒1 Bond BDE, kJ•mol‒1 N–N 163 NN 944 N=N 409 N–H 388",,classified
2015-usnco-national-exam-part-i.pdf,23,5,Thermodynamics,"Which halogen has the highest standard entropy, Sº?",,classified
2015-usnco-national-exam-part-i.pdf,24,5,Thermodynamics,"A chemical reaction has K = 1  10‒5 at 25 ºC, and the eq value of K increases with increasing temperature. From eq these statements, what may one conclude?",Equilibrium data are used to infer enthalpy/entropy signs.,classified
2015-usnco-national-exam-part-i.pdf,25,5,Kinetics,"For the reaction 2 H (g) + 2 NO(g)  N (g) + 2 H O(g) 2 2 2 the rate law is rate = k[H ][NO]2. At a given temperature, 2 what is the effect on the reaction rate if the concentration of H is doubled and the concentration of NO is halved? 2",,classified
2015-usnco-national-exam-part-i.pdf,26,5,Kinetics,A substance X decomposes in a second-order reaction. A solution that is initially 1.00 M in X requires 0.50 h for its concentration to decrease to 0.50 M. How much time will it take for a solution of X to decrease in concentration from 1.00 M to 0.25 M?,,classified
2015-usnco-national-exam-part-i.pdf,27,5,Kinetics,"The reaction H O (aq) + 3 I‒(aq) + 2 H+(aq)  I ‒(aq) + 2 H O(l) 2 2 3 2 has a rate law of rate = k[H O ][I‒]. What is the order of 2 2 the reaction with respect to H+, and what is the overall order of the reaction?",,classified
2015-usnco-national-exam-part-i.pdf,28,5,Kinetics,Which of the following are reasons why reaction rates increase as temperature increases? I. Collisions are more frequent between molecules at higher temperatures. II. A greater fraction of collisions have suffi ... rgy to exceed E at higher temperatures. a III. Reactant concentrations are higher at higher temperatures.,,classified
2015-usnco-national-exam-part-i.pdf,29,5,Kinetics,What is the effect of adding a catalyst on the rate of a reversible reaction in the forward and the reverse direction?,,classified
2015-usnco-national-exam-part-i.pdf,30,5,Kinetics,Consider the proposed mechanism for the destruction of ozone in the stratosphere: O + Cl•  ClO• + O 3 2 ClO• + O  Cl• + 2 O 3 2 Which of the statements about this mechanism is correct?,,classified
2015-usnco-national-exam-part-i.pdf,31,6,Equilibrium,For the reaction 2 SO (g) + O (g) 2 SO (g) 2 2 3 which statements are correct? I. K = [SO ][O ]/[SO ] c 2 2 3 II. Addition of O (g) to the system at constant 2 temperature and volume would decrease the value of K. c,,classified
2015-usnco-national-exam-part-i.pdf,32,6,Equilibrium,What is the value of K for the following reaction? p N (g) + 2 O (g) N O (g) 2 2 2 4 Reaction K p ½ N O (g) NO (g) x 2 4 2 ½ N (g) + O (g) NO (g) y 2 2 2,,classified
2015-usnco-national-exam-part-i.pdf,33,6,Equilibrium,Which solution has the greatest percent ionization?,,classified
2015-usnco-national-exam-part-i.pdf,34,6,Equilibrium,What is the pH of a 0.200 M solution of C H COONa? 6 5 (The K of C H COOH is 6.4  10‒5.) a 6 5,,classified
2015-usnco-national-exam-part-i.pdf,35,6,Equilibrium,"Silver chloride, AgCl (K = 1.8  10‒10), can be dissolved sp in solutions containing ammonia due to the formation of the soluble complex ion Ag(NH ) + (K = 1.0  108). 3 2 f What is the minimum amount of NH that would need to 3 be added to dissolve 0.010 mol AgCl in 1.00 L of solution?",,classified
2015-usnco-national-exam-part-i.pdf,36,6,Equilibrium,A sample of 100 mL of a solution of a weak monoprotic acid of unknown concentration is titrated with 0.500 M NaOH to give the titration curve shown. All of the statements are correct EXCEPT:,,classified
2015-usnco-national-exam-part-i.pdf,37,6,Oxidation - Reduction,What is the oxidation number of Re in Mg(ReO ) ? 4 2,,classified
2015-usnco-national-exam-part-i.pdf,38,6,Oxidation - Reduction,It takes 126.5 minutes using a current of 5.15 A to deposit all of the nickel from 225 mL of a solution containing Ni2+. What was the original concentration of Ni2+ in the solution?,,classified
2015-usnco-national-exam-part-i.pdf,39,6,Oxidation - Reduction,"In the galvanic cell shown below, which arrow indicates the spontaneous electron flow? A B Ag C salt bridge D Zn Ag+ (1 M) Zn2+ (1 M)",,classified
2015-usnco-national-exam-part-i.pdf,40,7,Oxidation - Reduction,What is the coefficient of I (s) when the reaction below 2 is balanced with smallest whole number coefficients? __ Cr O 2–(aq) + __ I–(aq) + __ H+(aq)  2 7 __ I (s) + __ Cr3+(aq) + __ H O(l) 2 2,,classified
2015-usnco-national-exam-part-i.pdf,41,7,Oxidation - Reduction,Lithium ion batteries are now commonly used in rechargeable consumer electronic devices. The main reason lithium is used in these devices is because,,classified
2015-usnco-national-exam-part-i.pdf,42,7,Oxidation - Reduction,The standard reduction potential of Cd2+(aq) is –0.402 V. A voltaic cell described by Cd(s) + 2 H+(aq)  Cd2+(aq) + H (aq) 2 has [Cd2+] = 0.900 M and a hydrogen pressure of 0.975 atm. Its cell potential at 25 ºC is measured as E = +0.192 V. What is the pH in the H+ | H half-cell? 2,,classified
2015-usnco-national-exam-part-i.pdf,43,7,Atomic Structure/Periodicity,"Which of the following sets of quantum numbers n, l, m, l m correspond to a valence electron in a neutral atom of s arsenic (As)?",,classified
2015-usnco-national-exam-part-i.pdf,44,7,Atomic Structure/Periodicity,Which gas-phase atom has the largest radius?,,classified
2015-usnco-national-exam-part-i.pdf,45,7,Atomic Structure/Periodicity,Which of the following does NOT represent the arrangement of electrons in the p subshell in the ground state of any gas-phase atom?,,classified
2015-usnco-national-exam-part-i.pdf,46,7,Atomic Structure/Periodicity,Which element’s electronegativity is closest to that of S?,,classified
2015-usnco-national-exam-part-i.pdf,47,7,Atomic Structure/Periodicity,Atomic nitrogen has a higher ionization energy than atomic oxygen. This is best explained by,,classified
2015-usnco-national-exam-part-i.pdf,48,7,Atomic Structure/Periodicity,The energy required to break one mole of hydrogen- hydrogen bonds in H is 436 kJ. What is the longest 2 wavelength of light with sufficient energy to break a single hydrogen-hydrogen bond?,Bond dissociation energy supplies the threshold; the calculation concerns photon energy and wavelength.,classified
2015-usnco-national-exam-part-i.pdf,49,7,Bonding/Molecular Structure,"In the Lewis structure for the selenite ion, SeO 2–, how 3 many lone pairs are around the central atom?",,classified
2015-usnco-national-exam-part-i.pdf,50,7,Bonding/Molecular Structure,"Removing an electron from molecular oxygen, O , to 2 form the dioxygenyl cation, O +, causes what changes in 2 the bond length and in the number of unpaired electrons? Bond length Number of unpaired electrons",,classified
2015-usnco-national-exam-part-i.pdf,51,7,Bonding/Molecular Structure,Which of the following molecules has a dipole moment of zero?,,classified
2015-usnco-national-exam-part-i.pdf,52,7,Bonding/Molecular Structure,Formamide has the structure HC(O)NH . Which atoms in 2 formamide have a trigonal planar geometry?,,classified
2015-usnco-national-exam-part-i.pdf,53,7,Bonding/Molecular Structure,What is the coordination geometry of nickel in Ni(CO) ? 4,,classified
2015-usnco-national-exam-part-i.pdf,54,8,Bonding/Molecular Structure,Which of the following are ionic compounds? I. NH NO II. NH NO 2 2 4 3,,classified
2015-usnco-national-exam-part-i.pdf,55,8,Organic/Biochemistry,What is the formula for ethyl propanoate?,,classified
2015-usnco-national-exam-part-i.pdf,56,8,Organic/Biochemistry,Which substance can exist in enantiomeric forms?,,classified
2015-usnco-national-exam-part-i.pdf,57,8,Organic/Biochemistry,Which of the following is a difference between benzene and cyclooctatetraene?,,classified
2015-usnco-national-exam-part-i.pdf,58,8,Organic/Biochemistry,"Which base is found in RNA, but not DNA?",,classified
2015-usnco-national-exam-part-i.pdf,59,8,Organic/Biochemistry,A triglyceride is formed from,,classified
2015-usnco-national-exam-part-i.pdf,60,8,Organic/Biochemistry,Which of these amino acids has the most hydrophobic side chain at neutral pH?,,classified
2014-usnco-national-exam-part-i.pdf,1,3,Stoichiometry/Solutions,"Boron carbide, B C, is made by the high temperature 4 reaction of boron oxide with graphite, yielding carbon monoxide as a by-product. __ B O + __ C  __ B C + __ CO 2 3 4 What is the total of the smallest coefficients for the reactants and products in the balanced equation?",,classified
2014-usnco-national-exam-part-i.pdf,2,3,Stoichiometry/Solutions,"A compound with 69.41% C, 4.16% H and 26.42% O has a molar mass of 230 – 250 g•mol–1. What is its molecular formula?",,classified
2014-usnco-national-exam-part-i.pdf,3,3,Stoichiometry/Solutions,"Aluminum reacts with sulfur to form aluminum sulfide. If 31.9 g of Al are reacted with 72.2 g of S, what is the theoretical yield of aluminum sulfide in grams?",,classified
2014-usnco-national-exam-part-i.pdf,4,3,Stoichiometry/Solutions,According to EPA guidelines the permissible level for lead in drinking water is 15 parts per billion (ppb). What is the maximum allowable mass of lead that could be present in 1.00 L of H O? 2,,classified
2014-usnco-national-exam-part-i.pdf,5,3,Stoichiometry/Solutions,Aqueous solutions of electrolytes that produce two ions upon ionization typically exhibit freezing point depressions that are twice as large as solutions of non- electrolytes with the same concentration. Which 0.10 M electrolyte solution will show the smallest depression?,,classified
2014-usnco-national-exam-part-i.pdf,6,3,Stoichiometry/Solutions,Interferon is a water-soluble protein. A solution prepared by dissolving 15.0 mg of interferon in 2.50 mL of H O 2 exhibits an osmotic pressure of 5.80 mm Hg at 25 °C. What is the molar mass of interferon?,,classified
2014-usnco-national-exam-part-i.pdf,7,3,Descriptive/Laboratory,Which noble gas is most abundant in the earth's atmosphere?,,classified
2014-usnco-national-exam-part-i.pdf,8,3,Descriptive/Laboratory,Which of the acids below has the most ionizable hydrogen atoms per molecule? I. H PO II. H PO III. H PO 3 4 3 3 3 2,"Tests known structures/protonation of phosphorus oxyacids, not a numerical acid dissociation calculation.",classified
2014-usnco-national-exam-part-i.pdf,9,3,Descriptive/Laboratory,Aluminum is most often found in nature as the,,classified
2014-usnco-national-exam-part-i.pdf,10,3,Descriptive/Laboratory,"According to the Tyndall effect, a beam of light becomes visible when passed through all of the following except a(n)",,classified
2014-usnco-national-exam-part-i.pdf,11,3,Descriptive/Laboratory,All of the following can be used as primary standards in acid-base titrations EXCEPT,,classified
2014-usnco-national-exam-part-i.pdf,12,3,Descriptive/Laboratory,Conductivity during barium hydroxide/sulfuric acid titration,Interprets conductivity and precipitate observations during an analytical titration.,classified
2014-usnco-national-exam-part-i.pdf,13,4,States Of Matter,Which physical property decreases with an increase in intermolecular molecular forces?,,classified
2014-usnco-national-exam-part-i.pdf,14,4,States Of Matter,A 0.180 g sample of liquid H O is injected into a 5.00 L 2 flask at 25 °C. What will be present in the flask when equilibrium is established? (Vapor pressure H O at 25 °C = 23.8 mm Hg) 2,,classified
2014-usnco-national-exam-part-i.pdf,15,4,States Of Matter,The atmospheric pressure on the summit of Mt. Everest is 0.333 atmospheres. At what temperature (in °C) does H O boil there? (∆H H O = 40.7 kJ•mol–1) 2 vap 2,,classified
2014-usnco-national-exam-part-i.pdf,16,4,Descriptive/Laboratory,Experimental determination of ionic crystal arrangement,Selects an experimental structural-analysis method rather than computing a unit-cell property.,classified
2014-usnco-national-exam-part-i.pdf,17,4,States Of Matter,Benzene and toluene form an ideal solution. The vapor pressure of benzene at 55 °C is 400 mm Hg while the vapor pressure of toluene at 55 °C is 130 mm Hg. What is the vapor pressure of a solution consisting of 0.5 mole fraction of benzene and 0.5 mole fraction of toluene at 55 °C?,An ideal liquid mixture supplies the vapor pressures; retained with liquid phase properties.,classified
2014-usnco-national-exam-part-i.pdf,18,4,States Of Matter,An oxide of rhenium crystallizes with eight rhenium atoms at the corners of the unit cell and 12 oxygen atoms on the edges between them. What is the formula of this oxide?,,classified
2014-usnco-national-exam-part-i.pdf,19,4,Thermodynamics,"The combustion of 2-propanol (M = 60.0 g•mol–1) occurs according to the equation, 2 CH CHOHCH (l) + 9 O (g)  6 CO (g) + 8 H O(l) 3 3 2 2 2 What is q for the combustion of 15.0 g of 2-propanol? CH CHOHCH (l) CO (g) H O(l) 3 3 2 2 ∆H, kJ•mol–1 –318.2 –393.5 –285.8 f",,classified
2014-usnco-national-exam-part-i.pdf,20,4,Thermodynamics,"At what temperature does the reaction below change from favoring products to favoring reactants? SO (g) + ½ O (g) SO (g) 2 2 3 SO (g) O (g) SO (g) 2 2 3 ∆H°, kJ•mol–1 –296.8 –395.7 f S°, kJ•mol–1•K-1 0.248 0.205 0.257",,classified
2014-usnco-national-exam-part-i.pdf,21,4,Thermodynamics,Which isomer of C H has the lowest absolute entropy at 4 8 25 °C?,,classified
2014-usnco-national-exam-part-i.pdf,22,4,Thermodynamics,"A 10.0 g piece of gallium (M = 69.7) at 25.0 °C is placed in 10.0 g of H O at 55.0 °C. What is the final temperature 2 when this system comes to equilibrium? (Assume the specific heat capacity of liquid Ga is t ...  as that of solid Ga.) C , J•g–1•K–1 melting point ∆H , kJ•mol–1 p fus °C Ga 0.371 30.0 5.576 H O 4.184 2",,classified
2014-usnco-national-exam-part-i.pdf,23,4,Thermodynamics,"In the Born-Haber calculation of the lattice enthalpy of LiF from its elements, which process is exothermic?",,classified
2014-usnco-national-exam-part-i.pdf,24,4,Thermodynamics,"How much work is done by the gas when 1.00 g of sodium azide, NaN (M = 65.01 g•mol–1), decomposes in a 3 container of changeable volume (e.g. an airbag in a car) against a constant pressure of 1.00 atm at 298 K? 2 NaN (s)  2 Na(s) + 3 N (g) 3 2",,classified
2014-usnco-national-exam-part-i.pdf,25,5,Kinetics,"When the kinetics of the reaction, 2 A + 2 B  C, were studied using the method of initial rates, the data in the table below were obtained. Initial Rate of Trial [A] in mol•L–1 [B] in Formation of C 0 0 mol•L– ...  0.040 3.6 × 10–4 2 0.060 0.080 7.2 × 10–4 3 0.030 0.12 5.4 × 10–4 What is the rate law for the reaction?",,classified
2014-usnco-national-exam-part-i.pdf,26,5,Kinetics,"2 NO (g)  2 NO(g) + O (g) 2 2 For the reaction above, a straight line for which plot indicates a second order reaction?",,classified
2014-usnco-national-exam-part-i.pdf,27,5,Kinetics,What are the units for the rate constant of a zero-order reaction?,,classified
2014-usnco-national-exam-part-i.pdf,28,5,Kinetics,"From the energy profiles for the two unimolecular reactions below, how will the rates of the two reactions compare if the temperature of each reaction is increased from 25 °C to 75 °C?",,classified
2014-usnco-national-exam-part-i.pdf,29,5,Kinetics,The half-life of a first-order reaction is 1.5 hours. How much time is needed for 94% of the reactant to change to product?,,classified
2014-usnco-national-exam-part-i.pdf,30,5,Kinetics,"For the reaction, 2 A + B  C + D, the rate law is rate = k[B]. Which of the following mechanisms would be consistent with this information?",,classified
2014-usnco-national-exam-part-i.pdf,31,5,Equilibrium,A 50.0 mL sample of a 1.00 M solution of a diprotic acid H A (Ka = 1.0 × 10–6 and Ka = 1.0 × 10–10) is titrated 2 1 2 with 2.00 M NaOH. What is the minimum volume of 2.00 M NaOH needed to reach a pH of 10.00?,,classified
2014-usnco-national-exam-part-i.pdf,32,5,Equilibrium,"For the reaction, O (g) + 2 F (g) 2 OF (g), K = 41.0. 2 2 2 p If P (g) = 0.116 atm and P (g)= 0.0461 atm at O2 F2 equilibrium, what is the pressure of OF (g)? 2",,classified
2014-usnco-national-exam-part-i.pdf,33,5,Equilibrium,"For the reaction 2 HI(g) H (g) + I (g), what is the 2 2 relationship between K and K at 25 °C? c p",,classified
2014-usnco-national-exam-part-i.pdf,34,5,Equilibrium,Calcium hydroxide is slightly soluble in water with a K sp of 1.3×10–6. What is the pH of a saturated solution of calcium hydroxide at 25 °C?,,classified
2014-usnco-national-exam-part-i.pdf,35,5,Equilibrium,"For the reaction, ADP + phosphate  ATP, ∆G° = 30.50 kJ•mol–1. What is the value of the equilibrium constant, K, for this process under physiological conditions of 37.5 °C?",ATP is the context; the task converts Gibbs energy to an equilibrium constant.,classified
2014-usnco-national-exam-part-i.pdf,36,5,Equilibrium,"When 0.0030 mol of HCl is added to 100. mL of a 0.10 M solution of a weak base, R NH, the solution has a pH 2 of 11.10. What is K for the weak base? b",,classified
2014-usnco-national-exam-part-i.pdf,37,6,Oxidation - Reduction,"Based on the reactions and data below, which reaction is least spontaneous? Reduction E° (V) 2 Hg2+ + 2 e–  Hg 2+ 1.82 2 I + 2 e–  2 I– 0.53 2 2 H O + 2 e–  H + 2 OH– –0.83 2 2",,classified
2014-usnco-national-exam-part-i.pdf,38,6,Oxidation - Reduction,An increase in pH will promote which of the reactions below? I. 2 MnO – + MnO + 4 OH–  3 MnO 2– + 2 H O 4 2 4 2 II. 6 Cl + 2 I– + 6 H O  12 Cl–+ 2 IO – + 12 H+ 2 2 3,,classified
2014-usnco-national-exam-part-i.pdf,39,6,Oxidation - Reduction,"Given the reactions and data below, what is the K value for this electrochemical cell? Cu|CuNO (1.0 M)|| I–(1.0 M),I (1.0 M)|Pt at 25 °C 3 2 Reaction E° (V) Cu+ + e–  Cu 0.518 I + 2 e–  2 I– 0.534 2",,classified
2014-usnco-national-exam-part-i.pdf,40,6,Oxidation - Reduction,The advantages of methane fuel cells over internal combustion engines (ICEs) that burn methane include which of the following? I. Methane fuel cells are less polluting. II. Methane fuel cells are more efficient. III. Methane fuel cells are less expensive.,,classified
2014-usnco-national-exam-part-i.pdf,41,6,Oxidation - Reduction,"A steady current of 1.20 Ampere is passed through a solution of MCl for 2 hours and 33 minutes. If 2.98 g of x metal M are plated out, what is the identity of the metal?",,classified
2014-usnco-national-exam-part-i.pdf,42,6,Oxidation - Reduction,MnO – + 5 Fe2+ + 8 H+  Mn2+ + 5 Fe3+ + 4 H O 4 2 E° = 0.743 V What is the value of E for the cell based on the reaction above at 25 °C for the following conditions? [MnO –] [Fe2+] [Mn2+] [Fe3+] pH 4 2.3×10–2 M 1×10–4 M 1.0 M 1.0 M 3.00,,classified
2014-usnco-national-exam-part-i.pdf,43,6,Atomic Structure/Periodicity,How many angular nodes does a d orbital possess?,,classified
2014-usnco-national-exam-part-i.pdf,44,6,Atomic Structure/Periodicity,"For the transition metal with the electron configuration 1s22s22p63s23p64s23d6, how many unpaired electrons are present in its +2 ion in the ground state?",,classified
2014-usnco-national-exam-part-i.pdf,45,6,Atomic Structure/Periodicity,What is the velocity of an electron (m = 9.11 × 10–28 g) that exhibits a de Broglie wavelength of 10.0 nm? [1 J = 1 kg•m2•s–2],,classified
2014-usnco-national-exam-part-i.pdf,46,6,Atomic Structure/Periodicity,Which atom has the highest first ionization energy?,,classified
2014-usnco-national-exam-part-i.pdf,47,6,Atomic Structure/Periodicity,What are the two most common oxidation states for antimony?,,classified
2014-usnco-national-exam-part-i.pdf,48,6,Atomic Structure/Periodicity,For which pair of species are the radii most similar?,,classified
2014-usnco-national-exam-part-i.pdf,49,6,Bonding/Molecular Structure,"When arranged in order of increasing bond strength, which order is correct?",,classified
2014-usnco-national-exam-part-i.pdf,50,6,Bonding/Molecular Structure,Molecules with a permanent dipole moment include which of the following? I. HCN II. O III. XeF 3 2,,classified
2014-usnco-national-exam-part-i.pdf,51,6,Bonding/Molecular Structure,"How many stable resonance forms can be written for the oxalate ion, C O 2–? 2 4",,classified
2014-usnco-national-exam-part-i.pdf,52,6,Bonding/Molecular Structure,What is the geometry of ICl– according to VSEPR 4 theory?,,classified
2014-usnco-national-exam-part-i.pdf,53,6,Bonding/Molecular Structure,"According to the molecular orbital theory, what is the bond order of the He–H bond?",,classified
2014-usnco-national-exam-part-i.pdf,54,7,Bonding/Molecular Structure,"As two atoms approach one another in space, the potential energy decreases then increases as shown in the diagram below. To what are these two changes attributed? [NOTE: p+ = proton, e– = electron] decrease increase (from 0.40 to 0.15 nm) (from 0.15 to 0 nm)",,classified
2014-usnco-national-exam-part-i.pdf,55,7,Organic/Biochemistry,"Mild oxidation of 1-propanol, CH CH CH OH, leads to 3 2 2 the formation of",,classified
2014-usnco-national-exam-part-i.pdf,56,7,Organic/Biochemistry,Which is the principal cation within cellular fluid?,The ion is identified by its biological/cellular role.,classified
2014-usnco-national-exam-part-i.pdf,57,7,Organic/Biochemistry,The shape of a chain segment of polypeptide chains in a protein is known as its,,classified
2014-usnco-national-exam-part-i.pdf,58,7,Organic/Biochemistry,Which property that polyacetylene exhibits is unusual for an organic polymer?,,classified
2014-usnco-national-exam-part-i.pdf,59,7,Organic/Biochemistry,Which of the compounds below can exist as a pair of enantiomers? I. II.,,classified
2014-usnco-national-exam-part-i.pdf,60,7,Organic/Biochemistry,Which type of dietary fat is the least healthy for humans?,,classified
2013-usnco-national-exam-part-i.pdf,1,3,Stoichiometry/Solutions,A reaction mixture is prepared containing 0.60 mol of aluminum and 1.20 mol of manganese dioxide. The mixture is heated until one of the reactants has been completely consumed according to the equation: 2 Al + 3 MnO  3 Mn + Al O 2 2 3 What quantity of which reactant remains uncombined?,,classified
2013-usnco-national-exam-part-i.pdf,2,3,Stoichiometry/Solutions,A solution with a mass of 1.263 g containing an unknown amount of potassium ions was treated with excess sodium tetraphenylborate to precipitate 1.003 g of KB(C H ) 6 5 4 (M = 358.33). What is the mass percentage of potassium in the original solution?,,classified
2013-usnco-national-exam-part-i.pdf,3,3,Stoichiometry/Solutions,A typical polyethylene grocery bag weighs 12.4 g. How many metric tons of CO would be released into the 2 atmosphere if the 102 billion bags used in one year in the United States were burned? [1 metric ton = 1000 kg],,classified
2013-usnco-national-exam-part-i.pdf,4,3,Stoichiometry/Solutions,Which mixture of water and H SO represents a solution 2 4 with a concentration that is closest to 30% by mass H SO ? 2 4,,classified
2013-usnco-national-exam-part-i.pdf,5,3,Stoichiometry/Solutions,How would the freezing point depression of a 0.05 m CaCl solution compare with that of a NaCl solution? It 2 would be,,classified
2013-usnco-national-exam-part-i.pdf,6,3,Stoichiometry/Solutions,What is the mole fraction of CH OH in an aqueous 3 solution that is 12.0 m in CH OH? 3,,classified
2013-usnco-national-exam-part-i.pdf,7,3,Stoichiometry/Solutions,Empirical formulas of nitrogen oxides from masses,The task is mass-composition stoichiometry despite its position among descriptive questions.,classified
2013-usnco-national-exam-part-i.pdf,8,3,Descriptive/Laboratory,Which substance is used in self-contained breathing equipment because it absorbs exhaled CO and H O and 2 2 releases O gas? 2,,classified
2013-usnco-national-exam-part-i.pdf,9,3,Descriptive/Laboratory,"A sample of a white solid is known to be NaHCO , 3 AgNO , Na S, or CaBr . Which 0.1 M aqueous solution 3 2 2 can be used to confirm the identity of the solid?",,classified
2013-usnco-national-exam-part-i.pdf,10,3,Bonding/Molecular Structure,Factors determining infrared bond vibration frequency,Tests molecular vibration and bond strength; no analytical measurement procedure is requested.,classified
2013-usnco-national-exam-part-i.pdf,11,3,Descriptive/Laboratory,"When the permanganate ion, MnO –, acts as an oxidizing 4 agent it forms different products depending on the pH of the solution. Which species correspond to the conditions listed? acidic basic neutral A Mn2+ Mn(OH) MnO 2 2 B Mn2+ MnO 2– MnO 4 2 C MnO MnO 2– Mn(OH) 2 4 2 D Mn2+ Mn(OH) MnO 2– 2 4",Tests known permanganate reaction products under different pH conditions as descriptive reagent chemistry.,classified
2013-usnco-national-exam-part-i.pdf,12,4,Descriptive/Laboratory,"In an experiment to verify the value of absolute zero, a student is instructed to measure the volume of He in a 10- mL syringe at 10 °C intervals between 0 ° and 100 °C. She is told to plot the volume versus te ... temperature. Which modification of the experimental procedure will give the best value for absolute zero?",,classified
2013-usnco-national-exam-part-i.pdf,13,4,States Of Matter,The Henry’s law constant for oxygen gas in water at 25 °C k is 1.3×10–3 M •atm–1. What is the partial O2 pressure of O above a solution at 25 °C with an O 2 2 concentration of 2.3×10–4 M at equilibrium?,,classified
2013-usnco-national-exam-part-i.pdf,14,4,States Of Matter,A sample of gas measured at 20 °C and 4.0 atm is heated to 40 °C at constant volume. Which statement(s) is (are) true of the gas after heating relative to its initial state? I. The average molecular kinetic ene ... ssure of the gas is increased to 8.0 atm. IV. The number of molecular collisions per second is unchanged.,,classified
2013-usnco-national-exam-part-i.pdf,15,4,States Of Matter,Under what conditions does the behavior of real gases deviate most from that predicted by the ideal gas law?,,classified
2013-usnco-national-exam-part-i.pdf,16,4,States Of Matter,"When 0.25 L of liquid nitrogen (d = 0.807 g/mL) is vaporized, what volume does the resulting gas occupy at 25 °C and 5.00 atm?",,classified
2013-usnco-national-exam-part-i.pdf,17,4,States Of Matter,Sulfur phase diagram interpretation,,classified
2013-usnco-national-exam-part-i.pdf,18,4,States Of Matter,What is the principal difference between crystalline and amorphous solids? crystalline solids amorphous solids,,classified
2013-usnco-national-exam-part-i.pdf,19,4,Thermodynamics,Which is (are) state properties? I. enthalpy II. heat III. volume,,classified
2013-usnco-national-exam-part-i.pdf,20,4,Thermodynamics,HNO (l) + NaCl(s)  HCl(g) + NaNO (s) 2 2 Calculate the ∆H˚ value for the reaction above from the information below. Reaction ∆H˚ kJ•mol–1 NO(g) + NO (g) + Na O(s)  2NaNO (s) – 427.0 2 2 2 NO(g) + NO (g)  N O ... 3.0 2 2 2 2NaCl(s) + H O(l)  2HCl(g) + Na O(s) 507.0 2 2 2HNO (l)  N O(g) + O (g) + H O(l) 34.0 2 2 2 2,,classified
2013-usnco-national-exam-part-i.pdf,21,4,Thermodynamics,For which reaction(s) is the ∆H value close to the ∆E value? I. CH (g) + 2 O (g)  CO(g) + 2 H O(l) 4 2 2 II. C H (g) + 3 O (g)  2 CO (g) + 2 H O(g) 2 4 2 2 2,,classified
2013-usnco-national-exam-part-i.pdf,22,5,Thermodynamics,What is the value of ∆S˚ for the reaction below? Fe O (s) + 3 CO(g)  2 Fe(s) + 3 CO (g) 2 3 2 Substance Fe(s) Fe O (s) CO(g) CO (g) 2 3 2 S˚ (J•mol–1•K–1) 27.3 87.4 197.7 213.8,,classified
2013-usnco-national-exam-part-i.pdf,23,5,Thermodynamics,What is the temperature at which the reaction below is at equilibrium? 2 NO(g) + O (g)  2 NO (g) 2 2 ˚ = –113 kJ•mol–1 S˚ = –145 J•mol–1•K–1 rxn rxn,,classified
2013-usnco-national-exam-part-i.pdf,24,5,Thermodynamics,The K for Al(OH) is 2.0 x 10–31. What is the value of sp 3 ∆G˚ for the precipitation of Al(OH) at 25 °C? 3 Al3+(aq) + 3 OH–(aq)  Al(OH) (s) 3,,classified
2013-usnco-national-exam-part-i.pdf,25,5,Kinetics,"Ammonia reacts with oxygen according to the equation: 4 NH (g) + 5 O (g)  4 NO(g) + 6 H O(l) 3 2 2 In an experiment in which the rate of change of nitric oxide is found to be 1.10 M•min–1, what is the rate of change of oxygen gas?",,classified
2013-usnco-national-exam-part-i.pdf,26,5,Kinetics,"A first-order reaction has a rate constant of k = 0.320 min–1. For an initial reactant concentration of 1.22 M, how long does it take for its concentration to fall to 0.150 M?",,classified
2013-usnco-national-exam-part-i.pdf,27,5,Kinetics,"Iodine monochloride reacts with hydrogen according to the equation: 2 ICl(g) + H (g)  I (g) + 2 HCl(g) 2 2 The rate data below have been obtained. [ICl], M [H ], M Initial Rate, M•s–1 2 0.10 0.10 0.030 0.20 0.10 0.060 0.10 0.050 0.015 What is the rate law for the reaction?",,classified
2013-usnco-national-exam-part-i.pdf,28,5,Kinetics,Which graph is linear for a reaction that is second order in [A]?,,classified
2013-usnco-national-exam-part-i.pdf,29,5,Kinetics,The reaction of nitrogen dioxide with carbon monoxide NO (g) + CO(g)  CO (g) + NO(g) 2 2 has been studied and the following mechanism has been proposed: NO (g) + NO (g)  NO (g) + NO(g) slow 2 2 3 NO (g) + CO(g)  NO (g) + CO (g) fast 3 2 2 What rate law corresponds to this mechanism?,,classified
2013-usnco-national-exam-part-i.pdf,30,5,Kinetics,"A reaction has a rate constant k = 8.54  10-4 M–1•.s–1 at 45 °C and an activation energy, E = 90.8 kJ. What is the a value of k at 25 °C?",,classified
2013-usnco-national-exam-part-i.pdf,31,5,Equilibrium,For which reaction will K be larger than K at 25 °C? p c,,classified
2013-usnco-national-exam-part-i.pdf,32,5,Equilibrium,"2 SO (g) 2 SO (g) + O (g) 3 2 2 When SO (g) is added to a sealed bulb at a pressure of 3 2.0 atm, it undergoes the reaction above. At equilibrium, 76% of the SO (g) has reacted. What is the value of K at 3 p this temperature?",,classified
2013-usnco-national-exam-part-i.pdf,33,5,Equilibrium,The pH of pure water at 50 °C is 6.63. What is the value of K at 50 °C? w,,classified
2013-usnco-national-exam-part-i.pdf,34,5,Equilibrium,"Alanine, H NCH(CH )CO H, has K = 4.5  10–3 and 2 3 2 a K = 7.4  10–5. Which species has the highest b concentration at a pH of 7.00 in H O? 2",An amino acid supplies the species; numerical acid-base constants determine equilibrium speciation.,classified
2013-usnco-national-exam-part-i.pdf,35,6,Equilibrium,What is the pH of the solution formed by mixing 25.0 mL of a 0.15 M solution of NH with 25.0 mL of 0.12 M 3 HCl? (K for NH = 1.8  10–5) b 3,,classified
2013-usnco-national-exam-part-i.pdf,36,6,Equilibrium,What is the [OH–] in a suspension of the antacid Mg(OH) ? (K = 2.06  10–13) 2 sp,,classified
2013-usnco-national-exam-part-i.pdf,37,6,Oxidation - Reduction,"When the equation below is balanced correctly using the simplest whole number coefficients, what is the coefficient for CO (g)? 2 __ Cr O 2–(aq) + __ H C O (aq) + __ H+(aq)  2 7 2 2 4 __Cr3+(aq) + __ CO (g) + __ H O(l) 2 2",,classified
2013-usnco-national-exam-part-i.pdf,38,6,Oxidation - Reduction,"Au3+ + 3e–  Au(s) E° = 1.50 V Ag+ + e–  Ag(s) E° = 0.80 V Cu2+ + 2e–  Cu(s) E° = 0.34 V According to the standard reduction potentials above, a substance that can oxidize only one of these metals must have an E° value",,classified
2013-usnco-national-exam-part-i.pdf,39,6,Oxidation - Reduction,"What is the ∆G˚ value for the electrochemical cell below? Cu(s) | Cu2+(aq) || NO –(aq) | NO(s) | Pt(s) 3 Half-Reaction E°, V NO –(aq) + 4H+(aq) + 3e–  NO(g) +2H O(l) 0.960 3 2 Cu2+(aq) + 2e–  Cu(s) 0.340",,classified
2013-usnco-national-exam-part-i.pdf,40,6,Oxidation - Reduction,An aqueous solution of CuSO is electrolyzed for 1.50 4 hours with a current of 2.50 amps. What mass of copper metal is formed?,,classified
2013-usnco-national-exam-part-i.pdf,41,6,Oxidation - Reduction,Under what conditions is the Nernst equation used to calculate cell potential voltages in a voltaic cell?,,classified
2013-usnco-national-exam-part-i.pdf,42,6,Oxidation - Reduction,"Half-Reaction E°, V Cu2+(aq) + 2e–  Cu(s) 0.340 Sn2+(aq) + 2e–  Sn(s) –0.136 Fe2+(aq) + 2e–  Fe(s) –0.440 Zn2+(aq) + 2e–  Zn(s) –0.763 Mg2+(aq) + 2e–  Mg(s) –2.37 According to the standard reduction potentials above, cathodic protection of iron can be achieved by",,classified
2013-usnco-national-exam-part-i.pdf,43,6,Atomic Structure/Periodicity,Which is an acceptable set of quantum numbers for an electron?,,classified
2013-usnco-national-exam-part-i.pdf,44,6,Atomic Structure/Periodicity,Which orbital has the most radial nodes?,,classified
2013-usnco-national-exam-part-i.pdf,45,6,Atomic Structure/Periodicity,Ionization energies vary from left to right across the periodic table. Factors that contribute to this variation include which of the following? I. changes in the nuclear charge II. differences in shielding by valence electrons III. differences in shielding by core electrons,,classified
2013-usnco-national-exam-part-i.pdf,46,6,Atomic Structure/Periodicity,Which gaseous ion has exactly three unpaired electrons?,,classified
2013-usnco-national-exam-part-i.pdf,47,6,Atomic Structure/Periodicity,Which element has the highest second ionization energy?,,classified
2013-usnco-national-exam-part-i.pdf,48,6,Atomic Structure/Periodicity,The ions below are listed in order of increasing radii except,,classified
2013-usnco-national-exam-part-i.pdf,49,6,Bonding/Molecular Structure,How many sigma bonds are present in P ? 4,,classified
2013-usnco-national-exam-part-i.pdf,50,6,Bonding/Molecular Structure,"Using VSEPR theory, the molecular structure of IF is 5 best described as",,classified
2013-usnco-national-exam-part-i.pdf,51,6,Bonding/Molecular Structure,What is the formal charge on the oxygen atom in :C:::O:?,,classified
2013-usnco-national-exam-part-i.pdf,52,7,Bonding/Molecular Structure,"Which is a valid Lewis structure for the nitrate ion, NO –? 3",,classified
2013-usnco-national-exam-part-i.pdf,53,7,Bonding/Molecular Structure,"Based on molecular orbital theory, which species has the highest bond order?",,classified
2013-usnco-national-exam-part-i.pdf,54,7,Bonding/Molecular Structure,How many carbon atoms can be described as sp2 hybridized in this molecule?,Tests carbon hybridization in a molecular structure.,classified
2013-usnco-national-exam-part-i.pdf,55,7,Organic/Biochemistry,Which compound contains four co-linear carbon atoms?,Tests linearity within an organic carbon skeleton.,classified
2013-usnco-national-exam-part-i.pdf,56,7,Organic/Biochemistry,Which substance can exist in boat and chair configurations?,,classified
2013-usnco-national-exam-part-i.pdf,57,7,Organic/Biochemistry,Which of the numbered carbons in nicotine is chiral (stereogenic)? 4 1 N 2 CH3 N 3,,classified
2013-usnco-national-exam-part-i.pdf,58,7,Organic/Biochemistry,All of the following are monosaccharides except,,classified
2013-usnco-national-exam-part-i.pdf,59,7,Organic/Biochemistry,"What is the product when two molecules of ethanal, CH CHO, undergo an aldol condensation ? 3",,classified
2013-usnco-national-exam-part-i.pdf,60,7,Organic/Biochemistry,Which molecule will have the longe st wavelength absorbance maximum?,Absorption wavelength reflects conjugation in organic molecular structures.,classified
2012-usnco-national-exam-part-i.pdf,1,3,Stoichiometry/Solutions,Fe O reacts with excess CO at a high temperature 2 3 according to the equation below. Fe O + 3CO  2Fe + 3CO 2 3 2 If 6.50 g of Fe O yields 3.85 g of Fe what is the 2 3 percentage yield of the reaction?,,classified
2012-usnco-national-exam-part-i.pdf,2,3,Stoichiometry/Solutions,What is the final [Na+] in a solution prepared by mixing 70.0 mL of 3.00 M Na SO with 30.0 mL of 1.00 M 2 4 NaCl?,,classified
2012-usnco-national-exam-part-i.pdf,3,3,Stoichiometry/Solutions,"The mass percentage of O in a potassium salt, K S O , is 2 2 x 36.0%. What is the formula of the polyatomic ion?",,classified
2012-usnco-national-exam-part-i.pdf,4,3,Stoichiometry/Solutions,"Cu reacts with HNO according to the equation 3 Cu + HNO  Cu(NO ) + NO + NO + H O 3 3 2 2 2 If NO and NO are formed in a 2:3 ratio, what is the 2 coefficient for Cu when the equation is balanced with the simplest whole numbers?",,classified
2012-usnco-national-exam-part-i.pdf,5,3,Stoichiometry/Solutions,"The active ingredient in commercial bleach is sodium hypochlorite, NaOCl, which can be determined by iodometric analysis as indicated in these equations. OCl– + 2H+ + 2I–  I + Cl– + H O 2 2 I + 2S O 2–  S O 2 ... requires19.50 mL of 0.100 M Na S O solution, what is the percentage by 2 2 3 mass of NaOCl in the bleach?",,classified
2012-usnco-national-exam-part-i.pdf,6,3,Stoichiometry/Solutions,A 12.0 M acid solution that contains 75.0% acid by mass has a density of 1.57 g/mL. What is the identity of the acid?,,classified
2012-usnco-national-exam-part-i.pdf,7,3,Descriptive/Laboratory,Which solid is much more soluble in 1 M HCl than in H O? 2,,classified
2012-usnco-national-exam-part-i.pdf,8,3,Descriptive/Laboratory,Which experimental procedure is best suited to determine the H O concentration in an aqueous solution? 2 2,,classified
2012-usnco-national-exam-part-i.pdf,9,3,Descriptive/Laboratory,"When equal volumes of 0.2 M solutions of the following compounds are mixed, which combination forms a red precipitate?",,classified
2012-usnco-national-exam-part-i.pdf,10,3,Bonding/Molecular Structure,Doping to produce an n-type semiconductor,Tests solid-state electronic structure and charge carriers.,classified
2012-usnco-national-exam-part-i.pdf,11,3,Descriptive/Laboratory,"In an experiment to determine the empirical formula of magnesium oxide, a student weighs an empty crucible then adds a strip of magnesium metal and reweighs the crucible. The crucible and magnesium are heated w ...  formula of Mg O . Which could account for the observed 5 4 Mg O result rather than the expected MgO? 5 4",,classified
2012-usnco-national-exam-part-i.pdf,12,3,Descriptive/Laboratory,An acidic solution of methyl red has an absorbance of 0.451 at 530 nm in a 5.00 mm cell. Calculate the molarity of methyl red in this solution. [molar absorptivity = 1.06  105 L•mol–1•cm–1 at 530 nm],Determines concentration using Beer-Lambert absorption as an analytical measurement.,classified
2012-usnco-national-exam-part-i.pdf,13,4,States Of Matter,A sample of H collected over H O at 23 °C and a pressure 2 2 of 732 mm Hg has a volume of 245 mL. What volume would the dry H occupy at 0 °C and 1 atm pressure? 2 [vp H O at 23 °C = 21 mm Hg] 2,,classified
2012-usnco-national-exam-part-i.pdf,14,4,States Of Matter,"Two samples of gas, one of argon and one of helium, have the same pressure, temperature and volume. Which statement is true assuming both gases behave ideally?",,classified
2012-usnco-national-exam-part-i.pdf,15,4,States Of Matter,"For a sample of liquid in a closed container, which aspect(s) of vaporization depend on the surface area of the liquid? I rate of vaporization II vapor pressure",,classified
2012-usnco-national-exam-part-i.pdf,16,4,States Of Matter,"The formulas and boiling points of three compounds are given in this table. Formula CH CH CH CH OCH CH CHO 3 2 3 3 3 3 BP, K 231 250 294 The trend in boiling points is best attributed to variations in",,classified
2012-usnco-national-exam-part-i.pdf,17,4,States Of Matter,Which statement about the triple point of a substance is correct?,,classified
2012-usnco-national-exam-part-i.pdf,18,4,Thermodynamics,Enthalpy of vaporization from two boiling conditions,Uses the temperature dependence of vapor pressure to calculate a thermodynamic quantity.,classified
2012-usnco-national-exam-part-i.pdf,19,4,Thermodynamics,"An ice cube at an unknown temperature is added to 25.0 g of liquid H O at 40.0 °C. The final temperature of the 2 29.3 g equilibrated mixture is 21.5 °C. What was the original temperature of the ice cube? [C (J/g•°C) water = 4.184, ice = 2.06, ∆H° = 333 J/g] p fusion",,classified
2012-usnco-national-exam-part-i.pdf,20,4,Thermodynamics,One of the steps in the manufacture of nitric acid is represented by the equation 3NO (g) + H O(l)  2HNO (aq) + NO(g) 2 2 3 for which ∆H° = –136.5 kJ/mol. Determine ∆H° formation for NO in kJ/mol. 2 Substance NO (g) H O(l) HNO (aq) NO(g) 2 2 3 ∆H° ? –285.8 –207.0 91.3 formation,,classified
2012-usnco-national-exam-part-i.pdf,21,4,Thermodynamics,"For the reaction, 2H(g)  H (g), what are the signs of 2 ∆H° and ∆S°?",,classified
2012-usnco-national-exam-part-i.pdf,22,4,Thermodynamics,Which substance has the greatest molar entropy at 298 K?,,classified
2012-usnco-national-exam-part-i.pdf,23,4,Thermodynamics,"For the process, CH OH(l)  CH OH(g) 3 3 ∆G° = 4.30 kJ/mol at 25 °C. What is the vapor pressure of CH OH(l) at 25 °C in mm Hg? 3",,classified
2012-usnco-national-exam-part-i.pdf,24,4,Thermodynamics,What quantity is represented by the slope of the line in this graph of the temperature dependence of the natural log of an equilibrium constant?,,classified
2012-usnco-national-exam-part-i.pdf,25,5,Kinetics,Which elementary reaction characteristic(s) change(s) significantly for a 10 °C temperature increase for a reaction carried out near room temperature? I fraction of molecules with required E a II fraction of molecules with correct orientation,,classified
2012-usnco-national-exam-part-i.pdf,26,5,Kinetics,Rate law from measured hemoglobin/carbon monoxide reaction rates,,classified
2012-usnco-national-exam-part-i.pdf,27,5,Kinetics,What is the first-order rate constant for a reaction that is 36.5% complete in 0.0200 seconds?,,classified
2012-usnco-national-exam-part-i.pdf,28,5,Kinetics,"The diagram above depicts the temperature behavior of the rate constant, k, for two reactions, 1 and 2. Which statement about the k values at low temperatures and the activation energies, E, for these reactions is correct? a k values at low T E values a",,classified
2012-usnco-national-exam-part-i.pdf,29,5,Kinetics,The hypothetical reaction 2A + B  C + D is catalyzed by E as indicated in the possible mechanism below. (Step 1) A + E AE (fast) (Step 2) AE + A  A + E (slow) 2 (Step 3) A + B  C + D (fast) 2 Which rate law best agrees with this mechanism?,,classified
2012-usnco-national-exam-part-i.pdf,30,5,Oxidation - Reduction,Oxidation and reduction in automobile catalytic converters,"Explicitly distinguishes oxidation of CO from reduction of nitrogen oxides, rather than a rate law.",classified
2012-usnco-national-exam-part-i.pdf,31,5,Equilibrium,A 1 M aqueous solution of which molecule has the lowest pH?,,classified
2012-usnco-national-exam-part-i.pdf,32,5,Equilibrium,"If the initial pH values are the same for titrations of separate 25 mL samples of weak and strong monoprotic acids, which other value(s) is(are) also the same? I the pH at the equivalence point II the volume of base needed to reach the eq. point",,classified
2012-usnco-national-exam-part-i.pdf,33,5,Equilibrium,The addition of 0.01 mol of which of the following to 100 mL of H O will give the most alkaline aqueous 2 solution?,,classified
2012-usnco-national-exam-part-i.pdf,34,5,Equilibrium,What is the pH of a 1.00 L sample of a buffer solution containing 0.10 mol of benzoic acid and 0.10 mol of sodium benzoate to which 0.010 mol of NaOH has been added? [K benzoic acid = 6.5  10–5] a,,classified
2012-usnco-national-exam-part-i.pdf,35,5,Equilibrium,Equal volumes of 1  10–4 M solutions of Cd2+ and CO 2– 3 ions are mixed in one flask and equal volumes of 1  10–4 M solutions of Ag+ and CrO 2– ions are mixed in a 4 second. Which substances precipitate? Formula CdCO Ag CrO 3 2 4 K 5.2  10–12 1.1  10–12 sp,,classified
2012-usnco-national-exam-part-i.pdf,36,5,Equilibrium,"Consider these reactions and their corresponding Ks. ½N + O  NO K 2 2 2 1 2NO  2NO + O K 2 2 2 NOBr  NO + ½Br K 2 3 Express the K value for the reaction below in terms of K , 1 K , and K . 2 3 ½N + ½O +½Br  NOBr K = ? 2 2 2",,classified
2012-usnco-national-exam-part-i.pdf,37,6,Oxidation - Reduction,What is the average oxidation state of copper in the superconductor YBa Cu O ? 2 3 7,,classified
2012-usnco-national-exam-part-i.pdf,38,6,Oxidation - Reduction,"Sn4+(aq) + 2e–  Sn2+(aq) E° = 0.15 V Cr3+(aq) + e–  Cr2+(aq) E° = -0.41 V According to the standard reduction potentials above, what is the value of E˚ for the reaction below? 2Cr3+(aq) + Sn2+(aq)  2Cr2+(aq) + Sn4+(aq)",,classified
2012-usnco-national-exam-part-i.pdf,39,6,Oxidation - Reduction,Ag+(aq) + e–  Ag(s) E° = 0.80 V Mg2+(aq) + 2e–  Mg(s) E° = –2.73 V Use the equations above to calculate the value of ∆G° (in kJ/mol) for the reaction: Mg(s) + 2Ag+(aq)  Mg2+(aq) + 2Ag(s),,classified
2012-usnco-national-exam-part-i.pdf,40,6,Oxidation - Reduction,What is the [Fe2+] in a cell at 25 ˚C for which E = –0.458 V vs a standard hydrogen electrode? Fe2+(aq) + 2e–  Fe(s) E° = –0.440 V,,classified
2012-usnco-national-exam-part-i.pdf,41,6,Oxidation - Reduction,Rechargeable batteries include which of those below? I dry cell II lead-acid storage battery III nickel-cadmium battery,,classified
2012-usnco-national-exam-part-i.pdf,42,6,Oxidation - Reduction,"How many liters of chlorine gas, Cl , measured at 0 °C 2 and 1 atm (STP) are released by the passage of 6.25 amperes for 1.85 hours through molten magnesium chloride?",,classified
2012-usnco-national-exam-part-i.pdf,43,6,Atomic Structure/Periodicity,How many radial nodes does a 3d orbital possess?,,classified
2012-usnco-national-exam-part-i.pdf,44,6,Atomic Structure/Periodicity,The successive ionization energies (in kJ/mol) for an element are shown below. E E E E E 1 2 3 4 5 577 1820 2740 11600 14800 What is the electron configuration of this element?,,classified
2012-usnco-national-exam-part-i.pdf,45,6,Atomic Structure/Periodicity,Albert Einstein's explanation of the photoelectric effect confirmed which of the following concepts?,,classified
2012-usnco-national-exam-part-i.pdf,46,6,Atomic Structure/Periodicity,Which gas phase ion in its ground state has the greatest number of unpaired electrons?,,classified
2012-usnco-national-exam-part-i.pdf,47,6,Atomic Structure/Periodicity,"For the element with the electron configuration 1s2 2s2 2p6 3s2, one of the 3s electrons will be shielded from the nuclear charge most effectively by a",,classified
2012-usnco-national-exam-part-i.pdf,48,6,Atomic Structure/Periodicity,"In which list are atoms of the elements Be, B, Mg and Al arranged from smallest to largest atomic radius?",,classified
2012-usnco-national-exam-part-i.pdf,49,6,Bonding/Molecular Structure,Which ionic compound has the smallest lattice energy?,Lattice energy compares ionic bonding strengths.,classified
2012-usnco-national-exam-part-i.pdf,50,6,Bonding/Molecular Structure,What is the geometry of BrF ? 3,,classified
2012-usnco-national-exam-part-i.pdf,51,6,Bonding/Molecular Structure,"Three monosulfur fluorides are known: SF , SF and SF . 2 4 6 Of these, polar species include",,classified
2012-usnco-national-exam-part-i.pdf,52,6,Bonding/Molecular Structure,Which reaction forms a product with a trigonal planar geometry?,,classified
2012-usnco-national-exam-part-i.pdf,53,6,Bonding/Molecular Structure,What is the best description of the hybridization of each of the carbon atoms (from left to right) in the compound NCCH CO H? 2 2,,classified
2012-usnco-national-exam-part-i.pdf,54,7,Bonding/Molecular Structure,How many isomers exist for the square planar species Pt(H O)(NH )ClBr? 2 3,,classified
2012-usnco-national-exam-part-i.pdf,55,7,Organic/Biochemistry,Which polymer is manufactured by condensation?,,classified
2012-usnco-national-exam-part-i.pdf,56,7,Organic/Biochemistry,How many non-cyclic compounds have the formula C H ? 4 8,,classified
2012-usnco-national-exam-part-i.pdf,57,7,Organic/Biochemistry,Which is a Grignard reagent?,,classified
2012-usnco-national-exam-part-i.pdf,58,7,Organic/Biochemistry,A racemic mixture consists of equal quantities of,,classified
2012-usnco-national-exam-part-i.pdf,59,7,Organic/Biochemistry,"How many carbon-carbon double bonds are present in linolenic acid, –C H COOH? 17 29",Unsaturation is interpreted from the formula of a biochemical fatty acid.,classified
2012-usnco-national-exam-part-i.pdf,60,7,Organic/Biochemistry,Recently scientists reported a bacterium that they believe incorporates arsenic into its DNA by substituting it for another element. Which element in DNA is arsenic most likely to replace?,,classified
2011-usnco-national-exam-part-i.pdf,1,3,Descriptive/Laboratory,Which solid does not react with a small amount of 3 M HNO ? 3,,classified
2011-usnco-national-exam-part-i.pdf,2,3,Descriptive/Laboratory,A metal dissolves in dilute HCl in the absence of air to form a pale green solution that turns yellow upon exposure to air. The metal could be,,classified
2011-usnco-national-exam-part-i.pdf,3,3,States Of Matter,Water and mercury menisci in glass,Tests liquid surface tension and liquid-surface interactions.,classified
2011-usnco-national-exam-part-i.pdf,4,3,States Of Matter,Separation of uranium isotopes by effusion,"Separation depends on gas molecular masses and effusion rates, not nuclear decay.",classified
2011-usnco-national-exam-part-i.pdf,5,3,Descriptive/Laboratory,A Material Safety Data Sheet (MSDS) provides what type(s) of information about a chemical? I First aid measures II Handling and storage tips,,classified
2011-usnco-national-exam-part-i.pdf,6,3,Descriptive/Laboratory,When a 25.00 mL volumetric flask weighing 20.340 g is filled partially with metal shot the mass is 119.691 g. The flask is then filled to the 25.00 mL mark with methanol (d = 0.791 g•cm–3) and has a total mass of 130.410 g. What is the density of the metal?,Density is determined from displacement measurements in laboratory glassware.,classified
2011-usnco-national-exam-part-i.pdf,7,3,Descriptive/Laboratory,Reagent order for qualitative separation of metal ions,Selects a qualitative precipitation sequence; no concentration or equilibrium constant calculation is requested.,classified
2011-usnco-national-exam-part-i.pdf,8,3,Stoichiometry/Solutions,"A 10.00 g sample of a compound containing C, H, and O is burned completely to produce 14.67 g of CO and 2 6.000 g of H O. What is the empirical formula of this 2 compound?",,classified
2011-usnco-national-exam-part-i.pdf,9,3,Stoichiometry/Solutions,"What is the molality of a solution made by dissolving 36.0 g of glucose (C H O , M = 180.2) in 64.0 g of H O? 6 12 6 2",,classified
2011-usnco-national-exam-part-i.pdf,10,3,Stoichiometry/Solutions,Which aqueous solution freezes at the lowest temperature?,,classified
2011-usnco-national-exam-part-i.pdf,11,3,Stoichiometry/Solutions,Element E reacts with oxygen to produce EO . Identify 2 element E if 16.5 g of it react with excess oxygen to form 26.1 g of EO . 2,,classified
2011-usnco-national-exam-part-i.pdf,12,3,Stoichiometry/Solutions,"Ethanol (C H OH, M = 46) and methanol 2 5 (CH OH, M = 32) form an ideal solution when mixed. 3 What is the vapor pressure of a solution prepared by mixing equal masses of ethanol and methanol? (The vapor pressures of ethanol and methanol are 44.5 mm Hg and 88.7 mm Hg, respectively.)",Vapor-pressure lowering is calculated from liquid composition; retained with solutions.,classified
2011-usnco-national-exam-part-i.pdf,13,3,States Of Matter,A 5.00 L evacuated cylinder is charged with 25.5 g of NH and 36.5 g of HCl. Calculate the final pressure at 3 85.0 ˚C after the two compounds have reacted completely. NH (g) + HCl(g) → NH Cl(s) 3 4,A gas-phase reaction and remaining gas pressure are treated together; retained with gas properties.,classified
2011-usnco-national-exam-part-i.pdf,14,4,States Of Matter,Pure samples of which of the following exhibit hydrogen bonding? I CH OH II CH NO III CH CN 3 3 2 3,,classified
2011-usnco-national-exam-part-i.pdf,15,4,States Of Matter,The average molecular velocity in a gas sample at 300 K is 500 m/s. The temperature of this gas is increased until the average velocity of its molecules is 1000 m/s. What is the new temperature?,,classified
2011-usnco-national-exam-part-i.pdf,16,4,States Of Matter,Which of the following compounds has the lowest boiling point?,,classified
2011-usnco-national-exam-part-i.pdf,17,4,States Of Matter,What is the coordination number of each atom in a hexagonal close-packed solid?,,classified
2011-usnco-national-exam-part-i.pdf,18,4,States Of Matter,Pressure-temperature phase diagram of multiple ice forms,,classified
2011-usnco-national-exam-part-i.pdf,19,4,Thermodynamics,Spontaneous reactions always,,classified
2011-usnco-national-exam-part-i.pdf,20,4,Thermodynamics,"The standard enthalpies of combustion of formaldehyde, H C=O(g), and formic acid, HCOOH(l), are –563 and 2 –270 kJ•mol–1 respectively. What is ∆H˚ for the following reaction? H C=O(g) + 1/2 O (g) → HCOOH(l) 2 2",,classified
2011-usnco-national-exam-part-i.pdf,21,4,Thermodynamics,What is ∆H˚ for the reaction below? TiCl (g) + 2 H O(l) → TiO (s) + 4 HCl(g) 4 2 2 Species TiCl (g) H O(l) TiO (s) HCl(g) 4 2 2 ∆H˚ f kJ•mol-1 –763 –286 –945 –92,,classified
2011-usnco-national-exam-part-i.pdf,22,4,Thermodynamics,"For Br , ∆H˚ = 31 kJ•mol–1. If S˚ values for Br (g) and 2 vap 2 Br (l) are 245 J•mol–1•K–1 and 153 J•mol-1•K–1 2 respectively, what is the normal boiling point for Br (l)? 2",,classified
2011-usnco-national-exam-part-i.pdf,23,4,Thermodynamics,"When MgO reacts with H O at 25 ˚C and 1 atm, the 2 volume change is –4.6 mL•mol–1. MgO(s) + H O(l) → Mg(OH) (s) 2 2 What is the value of ∆H - ∆E for this reaction?",,classified
2011-usnco-national-exam-part-i.pdf,24,4,Thermodynamics,"For the dissolution of Ag SO , ∆H˚ = 17.8 kJ•mol–1 and 2 4 ∆S˚ = –34.9 J•mol–1•K–1 at 25 ˚C. What is the value of the K for Ag SO at this temperature? sp 2 4",Uses dissolution enthalpy and entropy to obtain a solubility constant.,classified
2011-usnco-national-exam-part-i.pdf,25,4,Kinetics,"A rigid container holds an equal number of moles of N 2 and H gas at a total pressure of 10.0 atm. The gases react 2 according to the equation, N (g) + 3 H (g) 2 NH (g). 2 2 3 If the total pressure of the gas d ... es at a rate of 0.20 atm•s–1, what is the rate of change of the partial pressure of N in the container? 2",,classified
2011-usnco-national-exam-part-i.pdf,26,5,Kinetics,"A reaction is found to have the rate law: Rate = k[A]2[B]. Which set of data is consistent with this finding? [A], mol•L–1 [B], mol•L–1 Rate, mol•L–1•s–1 Given 0.010 0.010 1.2 × 10–4 A 0.010 0.020 2.4 × 10–4 B 0.020 0.010 6.0 × 10–4 C 0.020 0.020 4.8 × 10–4 D 0.010 0.020 4.8 × 10–4",,classified
2011-usnco-national-exam-part-i.pdf,27,5,Kinetics,"The value of the specific rate constant, k, for a reaction is determined at two different temperatures and plotted in the accompanying graph. knl What is the relationship between the slope of the graph and the activation energy, E? a",,classified
2011-usnco-national-exam-part-i.pdf,28,5,Kinetics,"Consider the reaction, 2 NO(g) + Cl (g) → 2 NOCl. 2 Which of the following is/are required for a successful reaction between NO and Cl molecules? 2 I Proper orientation II NO/Cl Ratio of 2 to 1 2 III Sufficient collision energy",,classified
2011-usnco-national-exam-part-i.pdf,29,5,Kinetics,"When sucrose, C H O , is dissolved in H O in the 12 22 11 2 presence of an acid catalyst it reacts according to the equation C H O + H O → 2 C H O with a rate law 12 22 11 2 6 12 6 of Rate = k[C H O ]. If 3.00  ... n concentration of an acid catalyst, what is the half-life for this reaction under these same conditions?",,classified
2011-usnco-national-exam-part-i.pdf,30,5,Kinetics,For the reaction H (g) + 2 ICl(g) → 2 HCl(g) + I (g) one 2 2 proposed mechanism is H (g) + ICl(g) → HICl(g) + H(g) slow 2 H(g) + ICl(g) → HCl(g) + I(g) fast HICl(g) → HCl(g) + I(g) fast I(g) + I(g) → I (g) fast 2 Intermediates in this reaction include which of the following?,,classified
2011-usnco-national-exam-part-i.pdf,31,5,Equilibrium,"For the hypothetical reaction: A + B → C + D, the equilibrium constant, K, is less than 1.0 at 25 ˚C and decreases by 35% on changing the temperature to 45 ˚C. What must be true according to this information?",The equilibrium-constant trend is the target; thermodynamic signs explain that trend.,classified
2011-usnco-national-exam-part-i.pdf,32,5,Equilibrium,"Consider the reaction carried out at constant volume: 2 SO (g) + O (g) 2 SO (g). 2 2 3 For initial concentrations of SO and O of 2.0 M and 2 2 1.5 M, respectively, the equilibrium O concentration is 2 0.80 M. What is the value of K for this reaction? c",,classified
2011-usnco-national-exam-part-i.pdf,33,5,Equilibrium,Correct statements about the percentage ionization of weak acids in water include which of the following? I The percentage ionization increases as the ionization constant of the acid becomes larger. II The percentage ionization increases as the concentration of the acid becomes smaller.,,classified
2011-usnco-national-exam-part-i.pdf,34,5,Equilibrium,What is the pH of the solution made by mixing 25.0 mL of 1.00 × 10–3 M HNO and 25.0 mL of 1.00 × 10–3 M 3 NH ? [K for NH = 1.8 × 10–5] 3 b 3,,classified
2011-usnco-national-exam-part-i.pdf,35,5,Equilibrium,"For the synthesis of ammonia, K is 1.2 at 375 ˚C c N (g) + 3 H (g) 2 NH (g), 2 2 3 What is K at this temperature? p",,classified
2011-usnco-national-exam-part-i.pdf,36,6,Equilibrium,Calculate the aqueous solubility of Ca(OH) in grams per 2 liter. [K = 8.0 × 10–6] sp,,classified
2011-usnco-national-exam-part-i.pdf,37,6,Oxidation - Reduction,What is the coefficient for Zn when the equation below is balanced with the smallest whole number coefficients? Zn + H+(aq) + NO – (aq) → Zn2+ (aq) + N O(g) + H O(l) 3 2 2,,classified
2011-usnco-national-exam-part-i.pdf,38,6,Oxidation - Reduction,Which change occurs as the chemical reaction takes place in the standard electrochemical cell represented below? Zn(s)|Zn2+(aq)||Sn2+(aq)|Sn(s) Reduction Half-reaction E˚ (Volts at 298 K) Sn2+(aq) + 2e– → Sn(s) ...  Sn. II The concentration of Zn2+(aq) increases. III The voltage increases from a negative value to zero.,,classified
2011-usnco-national-exam-part-i.pdf,39,6,Oxidation - Reduction,"For the reaction: C H (g) + 5 O (g) → 3 CO (g) + 4 H O(l), 3 8 2 2 2 ∆G˚ = –2.108 × 103 kJ•mol–1. What is the value of the standard electrode potential, E˚ for a fuel cell based on this reaction?",Reaction Gibbs energy is converted into an electrochemical cell potential.,classified
2011-usnco-national-exam-part-i.pdf,40,6,Oxidation - Reduction,What occurs when an aqueous solution of Na SO 2 4 containing several drops of phenolphthalein is electrolyzed between Pt electrodes?,,classified
2011-usnco-national-exam-part-i.pdf,41,6,Oxidation - Reduction,"A current of 12 A is used to plate nickel from a Ni(NO ) 3 2 solution. Both Ni(s) and H (g) are produced at the 2 cathode. If the current efficiency with respect to the formation of Ni(s) is 62%, how many grams of nickel are plated on the cathode in 45 minutes?",,classified
2011-usnco-national-exam-part-i.pdf,42,6,Oxidation - Reduction,"Calculate the cell potential, E, for a silver-silver chloride electrode immersed in 0.800 M KCl at 25 ˚C. [Ag+ + e– → Ag, E˚ = 0.799 V; K = 1.8 × 10–10] sp",,classified
2011-usnco-national-exam-part-i.pdf,43,6,Atomic Structure/Periodicity,Which gas-phase atom in its ground state has exactly three unpaired electrons?,,classified
2011-usnco-national-exam-part-i.pdf,44,6,Atomic Structure/Periodicity,The first ionization energy of Na is 495.9 kJ•mol–1. What is the longest wavelength of light that could remove an electron from a Na atom?,,classified
2011-usnco-national-exam-part-i.pdf,45,6,Atomic Structure/Periodicity,Which set of quantum numbers could represent an electron in a 5f orbital?,,classified
2011-usnco-national-exam-part-i.pdf,46,6,Atomic Structure/Periodicity,Which orbital possesses one angular node and one radial node?,,classified
2011-usnco-national-exam-part-i.pdf,47,6,Atomic Structure/Periodicity,The radius of which ion is closest to that of the Li+ ion?,,classified
2011-usnco-national-exam-part-i.pdf,48,6,Atomic Structure/Periodicity,"Of the atoms listed, which has the largest third ionization energy?",,classified
2011-usnco-national-exam-part-i.pdf,49,6,Bonding/Molecular Structure,"When the molecules N , N O, and N O are arranged in 2 2 2 4 order of decreasing N – N bond length, which order is correct?",,classified
2011-usnco-national-exam-part-i.pdf,50,6,Bonding/Molecular Structure,"From a consideration of the Lewis structure, N = C = O ] - what are the formal charges?",,classified
2011-usnco-national-exam-part-i.pdf,51,6,Thermodynamics,N-H bond energy from ammonia reaction enthalpy,Uses an energy balance between reaction enthalpy and bond dissociation energies.,classified
2011-usnco-national-exam-part-i.pdf,52,7,Bonding/Molecular Structure,What is the geometry of the IBr – ion? 2,,classified
2011-usnco-national-exam-part-i.pdf,53,7,Bonding/Molecular Structure,"How many isomers exist for the [Co(NH ) Cl ]+ and 3 4 2 [Co(en) Cl ]+ ions, respectively? [en = H NC H NH ] 2 2 2 2 4 2",,classified
2011-usnco-national-exam-part-i.pdf,54,7,Bonding/Molecular Structure,"Which statement best describes the structure of the allene molecule, H C=C=CH ? 2 2",,classified
2011-usnco-national-exam-part-i.pdf,55,7,Organic/Biochemistry,Oxidation of a secondary alcohol with K Cr O in 2 2 7 sulfuric acid gives a product with which functional group?,,classified
2011-usnco-national-exam-part-i.pdf,56,7,Organic/Biochemistry,"What is the formula for anthracene, which has the structure shown?",,classified
2011-usnco-national-exam-part-i.pdf,57,7,Organic/Biochemistry,How many chiral centers are present in the molecule shown? H OH CH H 3 HO C C C C OH H H H H,,classified
2011-usnco-national-exam-part-i.pdf,58,7,Organic/Biochemistry,What is the major product when nitrobenzene is treated with a mixture of HNO and H SO ? 3 2 4,,classified
2011-usnco-national-exam-part-i.pdf,59,7,Organic/Biochemistry,Polysaccharides are biochemical molecules that consist of polymers of monosaccharide molecules (simple sugars). All of the following are classified as polysaccharides EXCEPT,,classified
2011-usnco-national-exam-part-i.pdf,60,7,Organic/Biochemistry,Which metal is found in vitamin B ? 12,,classified
2010-usnco-national-exam-part-i.pdf,1,3,Descriptive/Laboratory,"A student prepares a 100 mL aqueous solution containing a small amount of (NH ) SO and a second 4 2 4 100 mL solution containing a small amount of NaI, then mixes the two solutions. Which statement describes what happens?",,classified
2010-usnco-national-exam-part-i.pdf,2,3,Descriptive/Laboratory,A colored gas is observed with which combination?,,classified
2010-usnco-national-exam-part-i.pdf,3,3,Descriptive/Laboratory,Mixing which pair of 0.10 M solutions produces two precipitates that cannot be separated from one another by filtration?,,classified
2010-usnco-national-exam-part-i.pdf,4,3,Descriptive/Laboratory,"Which gas turns limewater, a saturated solution of Ca(OH) , cloudy? 2",,classified
2010-usnco-national-exam-part-i.pdf,5,3,Descriptive/Laboratory,For aqueous solutions of which of the following substances could the concentration be determined by visible spectrophotometry? I Cr(NO ) II KMnO III Zn(NO ) 3 3 4 3 2,,classified
2010-usnco-national-exam-part-i.pdf,6,3,Descriptive/Laboratory,Four elements were tested in the laboratory and gave the results in the table below. Which element is a metalloid? Element Appearance Conductivity Behavior with HCl A Slight High Bubbles luster slowly B Shiny Low No reaction C Dull None No reaction D Shiny High Bubbles rapidly,,classified
2010-usnco-national-exam-part-i.pdf,7,3,Stoichiometry/Solutions,What is the molarity of Na+ ions in a solution made by dissolving 4.20 g of NaHCO (M = 84.0) and 12.6 g of 3 Na CO (M = 126) in water and diluting to 1.00 L? 2 3,,classified
2010-usnco-national-exam-part-i.pdf,8,3,Descriptive/Laboratory,Qualitative comparison of aqueous solubility,Requires descriptive solubility knowledge of gases and salts rather than solution concentration arithmetic.,classified
2010-usnco-national-exam-part-i.pdf,9,3,Descriptive/Laboratory,Reagent for separating aluminum and iron ions,Selects a qualitative separation reagent using amphoterism.,classified
2010-usnco-national-exam-part-i.pdf,10,3,Stoichiometry/Solutions,The percent composition of the high explosive HN S is C H N O 37.35% 1.34% 18.67% 42.65% The molar mass of HNS is 450.22. What is the molecular formula of HNS?,,classified
2010-usnco-national-exam-part-i.pdf,11,3,Stoichiometry/Solutions,"A student prepares four 0.10 M solutions, each containing one of the solutes below. Which solution has the lowest freezing point?",,classified
2010-usnco-national-exam-part-i.pdf,12,4,Stoichiometry/Solutions,What is the molarity of a hydrochloric acid solution if 20.00 mL of it neutralizes 18.46 mL of a 0.0420 M Ba(OH) solution? 2,,classified
2010-usnco-national-exam-part-i.pdf,13,4,States Of Matter,Ar and He are both gases at room temperature. How do the average molecular velocities (V) of their atoms compare at this temperature?,,classified
2010-usnco-national-exam-part-i.pdf,14,4,States Of Matter,Lithium reacts with water to produce hydrogen gas and lithium hydroxide. What volume of hydrogen collected over water at 22˚C and 750 mm Hg pressure is produced by the reaction of 0.208 g of Li? [VP = 19.8 mm Hg] H2O,Reaction stoichiometry supplies the gas amount; the requested volume requires wet-gas pressure correction.,classified
2010-usnco-national-exam-part-i.pdf,15,4,States Of Matter,Correct statements about samples of ice and liquid water at 0 ˚C include which of the following? I Molecules in ice and liquid water have the same kinetic energy. II Liquid water has a greater entropy than ice. III Liquid water has a greater potential energy than ice.,,classified
2010-usnco-national-exam-part-i.pdf,16,4,States Of Matter,A sample of a volatile liquid is introduced to an evacuated container with a movable piston. Which change occurs as the piston is raised? (Assume some liquid remains.) I The fraction of the molecules in the gas phase increases II The pressure in the container decreases,,classified
2010-usnco-national-exam-part-i.pdf,17,4,States Of Matter,The kinetic energy of the molecules in a sample of H O 2 in its stable state at –10 ˚C and 1 atm is doubled. What are the initial and final phases?,,classified
2010-usnco-national-exam-part-i.pdf,18,4,States Of Matter,"Barium metal crystallizes in a body-centered cubic lattice with barium atoms only at the lattice points. If the density of barium metal is 3.50 g/cm3, what is the length of the unit cell?",,classified
2010-usnco-national-exam-part-i.pdf,19,4,Thermodynamics,Calculate ∆E when one mole of liquid is vaporized at its boiling point (80 ˚C) and 1 atm pressure. [∆H = 30.7 kJ/mol] vap,,classified
2010-usnco-national-exam-part-i.pdf,20,4,Thermodynamics,"Use the following data to calculate the molar enthalpy of combustion of ethane, C H . 2 6 2C H (g) + 5O (g) → 4CO (g) + 2H O(l) ∆H = –2511 kJ/mol 2 2 2 2 2 C H (g) + 2H (g) → C H (g) ∆H = –311 kJ/mol 2 2 2 2 6 2H (g) + O (g) → 2H O(g) ∆H = –484 kJ/mol 2 2 2",,classified
2010-usnco-national-exam-part-i.pdf,21,4,Thermodynamics,A 10.00 g piece of metal is heated to 80.00 ˚C and placed in 100.0 g of water at 23.00 ˚C. When the system has reached equilibrium the temperature of the water and metal are 23.50 ˚C. What is the identity of the metal? [Specific heat capacity of H O = 4.184 J/g ˚C] 2,,classified
2010-usnco-national-exam-part-i.pdf,22,4,Thermodynamics,"For a reaction at constant pressure to be spontaneous, which relationship must be correct?",,classified
2010-usnco-national-exam-part-i.pdf,23,4,Thermodynamics,Tungsten is obtained commercially by the reduction of WO with H according to the equation: 3 2 WO (s) + 3 H (g) → W(s) + 3 H O(g) 3 2 2 The following data related to this reaction at 25 ˚C are available. WO (s) ... 5 The temperature at which this reaction is at equilibrium at 1 atm is closest to which of the following?,,classified
2010-usnco-national-exam-part-i.pdf,24,4,Thermodynamics,"The gaseous compound NOBr decomposes according to the equation NOBr(g) NO(g) + 1/2 Br (g) 2 At 350 K the equilibrium constant, K , is 0.15. What is the p value of ∆G˚?",Uses an equilibrium constant to calculate standard Gibbs energy.,classified
2010-usnco-national-exam-part-i.pdf,25,5,Kinetics,"The rate of decomposition of a certain compound in solution is first order. If the concentration of the compound is doubled, what happens to the reaction's half-life?",,classified
2010-usnco-national-exam-part-i.pdf,26,5,Kinetics,Consider the reaction: 2 ICl(g) + H (g) → 2 HCl(g) + I (g) 2 2 At a certain temperature the rate constant is found to be 1.63 x 10–6 L/mol.s. What is the overall order of the reaction?,,classified
2010-usnco-national-exam-part-i.pdf,27,5,Kinetics,"For the reaction: N O (g) → 2 NO (g) 2 4 2 the number of moles of N O (g) is 2 4 Time, min 0 5 10 Moles N O (g) 0.200 0.170 0.140 2 4 What is the number of moles of NO (g) at t = 10 min? 2 (Assume moles of NO (g) = 0 at t = 0.) 2",,classified
2010-usnco-national-exam-part-i.pdf,28,5,Kinetics,A compound decomposes with a first-order rate constant of 0.00854 s–1. Calculate the concentration after 5.0 minutes for an initial concentration of 1.2 M.,,classified
2010-usnco-national-exam-part-i.pdf,29,5,Kinetics,"Ozone in the earth's atmosphere decomposes according to the equation: 2 O (g) → 3 O (g) 3 2 This reaction is thought to occur via the two-step mechanism: Step 1 O (g) O (g) + O(g) Fast, reversible 3 2 Step 2 O (g) + O(g) → 2 O (g) Slow 3 2 What rate law is consistent with this mechanism?",,classified
2010-usnco-national-exam-part-i.pdf,30,5,Kinetics,Catalyst saturation in enzyme-catalyzed reaction rates,Enzymes are the catalysts; the task explains rate saturation.,classified
2010-usnco-national-exam-part-i.pdf,31,5,Equilibrium,Consider the system at equilibrium: NH HS(s) NH (g) + H S(g) ∆H > 0 4 3 2 Factors which favor the formation of more H S(g) 2 include which of the following? I adding a small amount of NH HS(s) at constant 4 volume II increasing the pressure at constant temperature III increasing the temperature at constant pressure,,classified
2010-usnco-national-exam-part-i.pdf,32,5,Equilibrium,A 2.0 L container is charged with a mixture of 6.0 moles of CO(g) and 6.0 moles of H O(g) and the following 2 reaction takes place: CO(g) + H O(g) CO (g) + H (g) 2 2 2 When equilibrium is reached the [CO ] = 2.4 M. What is 2 the value of K for the reaction? c,,classified
2010-usnco-national-exam-part-i.pdf,33,5,Equilibrium,Determine K for the reaction: H C O (aq) + 2OH–(aq) (cid:198) C O 2–(aq) + 2 H O(l) 2 2 4 2 4 2 H C O (aq) K = 6.5 × 10–2 K = 6.1 × 10–5 2 2 4 a1 a2 H 2 O K w = 1.0 × 10–14,,classified
2010-usnco-national-exam-part-i.pdf,34,5,Equilibrium,"Which range includes the value of the equilibrium constant, K , for a system with ∆G˚ << 0? eq",,classified
2010-usnco-national-exam-part-i.pdf,35,6,Equilibrium,What volumes of 0.200 M HNO and 0.200 M NaNO 2 2 are required to make 500. mL of a buffer solution with pH = 3.00? [K for HNO = 4.00 x 10–4] a 2,,classified
2010-usnco-national-exam-part-i.pdf,36,6,Equilibrium,A sample of sparingly soluble PbI (s) containing 2 radioactive I-133 is added to 0.10 M KI(aq) and stirred overnight. Observations about this system include which of the following? I The radioactivity of the liquid phase increases significantly. II The concentration of the I– ion in solution increases significantly.,,classified
2010-usnco-national-exam-part-i.pdf,37,6,Oxidation - Reduction,"An unknown metal, M, and its salt, M(NO ) , are 3 2 combined with a half-cell in which the following reaction occurs: Ag+(aq) + e– → Ag(s) [E˚ = 0.80 V] red If E˚ = 1.36 V, what is E˚ for M2+(aq) + 2e– → M(s)? cell red",,classified
2010-usnco-national-exam-part-i.pdf,38,6,Oxidation - Reduction,Given the standard reduction potentials: O + 4H+ + 4e– → 2H O E˚ = 1.23 V 2 2 Br + 2e– → 2Br – E˚ = 1.08 V 2 2H+ + 2e– → H E˚ = 0.00 V 2 Na+ + e– → Na E˚ = –2.71 V What products are formed in the electrolysis of 1 M NaBr in a solution with [H O+] = 1 M? 3,,classified
2010-usnco-national-exam-part-i.pdf,39,6,Oxidation - Reduction,According to the standard reduction potentials: Pb2+(aq) + 2e– (cid:198) Pb(s) E˚ = –0.13 V Fe2+(aq) + 2e– (cid:198) Fe(s) E˚ = –0.44 V Zn2+(aq) + 2e– (cid:198) Zn(s) E˚ = –0.76 V Which species will reduce Mn3+ to Mn2+ [E˚ = 1.51 V] but will NOT reduce Cr3+ to Cr2+ [E˚ = –0.40 V]?,,classified
2010-usnco-national-exam-part-i.pdf,40,6,Oxidation - Reduction,Zn(s) / Zn2+(aq) // H+(aq) / H (g) E˚ = 0.76 V 2 What must be the pH in the hydrogen compartment of the cell designated above if the cell voltage is 0.70 V? (Assume that both the [Zn2+] and the H (g) pressure are 2 at standard values and T = 25 ˚C.),,classified
2010-usnco-national-exam-part-i.pdf,41,6,Oxidation - Reduction,"The equilibrium constant, K, is 2.0 × 1019 for the cell Ni(s) / Ni2+(aq) // Hg 2+(aq) / Hg (l) 2 The value of E˚ at 25 ˚C for this cell is closest to",,classified
2010-usnco-national-exam-part-i.pdf,42,6,Oxidation - Reduction,"In a battery with a zinc anode, what is the minimum mass of zinc required if a current of 250 mA is drawn for 12.0 minutes?",,classified
2010-usnco-national-exam-part-i.pdf,43,6,Atomic Structure/Periodicity,"Which set of quantum numbers (n, l, m, m) is possible for l s the outermost electron in a strontium atom in its ground state?",,classified
2010-usnco-national-exam-part-i.pdf,44,6,Atomic Structure/Periodicity,How many orbitals are in an f sublevel (l = 3)?,,classified
2010-usnco-national-exam-part-i.pdf,45,6,Atomic Structure/Periodicity,What is the energy of photons with a wavelength o f 434 nm?,,classified
2010-usnco-national-exam-part-i.pdf,46,6,Atomic Structure/Periodicity,In which choice are the species listed in order of increasing radius?,,classified
2010-usnco-national-exam-part-i.pdf,47,6,Atomic Structure/Periodicity,Which element has the highest melting point?,Elemental melting points are interpreted as a periodic-property comparison.,classified
2010-usnco-national-exam-part-i.pdf,48,6,Atomic Structure/Periodicity,Which element forms a compound with the formula H XO ? 3 4,,classified
2010-usnco-national-exam-part-i.pdf,49,6,Bonding/Molecular Structure,Which molecule contains the smallest F-S-F angle?,,classified
2010-usnco-national-exam-part-i.pdf,50,6,Bonding/Molecular Structure,Which species has the longest N–O bond?,,classified
2010-usnco-national-exam-part-i.pdf,51,7,Bonding/Molecular Structure,"How many pi bonds and how many lone pairs are in the Lewis structure of hydrazine, N H ? 2 4",,classified
2010-usnco-national-exam-part-i.pdf,52,7,Bonding/Molecular Structure,In the Lewis structure of nitrous acid: What is the formal charge on nitrogen?,,classified
2010-usnco-national-exam-part-i.pdf,53,7,Bonding/Molecular Structure,How many isomers of octahedral Co(NH ) Cl are there? 3 3 3,,classified
2010-usnco-national-exam-part-i.pdf,54,7,Bonding/Molecular Structure,The bond angle in H O is approximately 105˚ while the 2 bond angle in H S is approximately 90˚. Which 2 explanation best accounts for this difference?,,classified
2010-usnco-national-exam-part-i.pdf,55,7,Organic/Biochemistry,Which compound exists in optically active forms?,,classified
2010-usnco-national-exam-part-i.pdf,56,7,Organic/Biochemistry,What product results when 2-butene reacts with chlorine?,,classified
2010-usnco-national-exam-part-i.pdf,57,7,Organic/Biochemistry,Which chloroalkane undergoes substitution with OH– exclusively by an S 1 mechanism? N,,classified
2010-usnco-national-exam-part-i.pdf,58,7,Organic/Biochemistry,Which is a monosaccharide?,,classified
2010-usnco-national-exam-part-i.pdf,59,7,Organic/Biochemistry,"All of the following statements concerning benzene, C H , 6 6 are correct EXCEPT",,classified
2010-usnco-national-exam-part-i.pdf,60,7,Organic/Biochemistry,Which functional group is not commonly found in nucleic acids?,,classified
2009-usnco-national-exam-part-i.pdf,1,3,Descriptive/Laboratory,Which oxide produces an acidic solution when mixed with water?,,classified
2009-usnco-national-exam-part-i.pdf,2,3,Descriptive/Laboratory,Which gas should not be collected over water due to its high solubility in water?,,classified
2009-usnco-national-exam-part-i.pdf,3,3,Descriptive/Laboratory,Which procedure(s) will allow a student to differentiate between solid sodium sulfate and solid sodium sulfite? I. Make solutions of each and look for a precipitate when added to 0.10 M Ba(NO ) . 3 2 II. Add crystals of each to 0.10 M HCl and watch for bubbles. III. Make solutions of each and test with a pH indicator.,,classified
2009-usnco-national-exam-part-i.pdf,4,3,Descriptive/Laboratory,A student gets fingerprints on a cuvette before using it to determine the concentration of a colored species using its known extinction coefficient. What is the effect on the absorbance and reported concentration? absorbance reported concentration,,classified
2009-usnco-national-exam-part-i.pdf,5,3,Descriptive/Laboratory,Temperature versus mixing composition in an exothermic reaction,An experimental mixing/temperature graph identifies reagent stoichiometry; retained with laboratory data interpretation.,classified
2009-usnco-national-exam-part-i.pdf,6,3,Descriptive/Laboratory,What color does the strontium ion produce in a flame test?,,classified
2009-usnco-national-exam-part-i.pdf,7,3,Stoichiometry/Solutions,"What is the Formula Weight, g mass percent UO (C H O ) . NH C H O . 6H O 573 2 2 3 2 2 4 2 3 2 2 of oxygen in the compound UO (C H O ) ·NH C H O·6H O? 2 2 3 2 2 4 2 3 2 2",,classified
2009-usnco-national-exam-part-i.pdf,8,3,Stoichiometry/Solutions,"A 25.0 mL sample of waste water is obtained to analyze for Pb2+ ions. This sample is evaporated to dryness and redissolved in 2.0 mL of H O, mixed with 2.0 mL of a 2 buffer solution and 2.0 mL of a solution of  ...  portion of the final solution is 0.13. What is the concentration of Pb2+ ions in the waste water in ppm?",,classified
2009-usnco-national-exam-part-i.pdf,9,3,Stoichiometry/Solutions,"Reductic acid contains 52.63% carbon, 5.30% hydrogen, and 42.07% oxygen. Its empirical formula is the same as its molecular formula. What is the number of carbon atoms in a molecule of this acid?",,classified
2009-usnco-national-exam-part-i.pdf,10,3,Stoichiometry/Solutions,"Sulfur trioxide, SO , is made by oxidizing sulfur dioxide, 3 SO , according to the equation, 2SO + O r 2SO . 2 2 2 3 If a 16.0 g sample of SO yields 18.0 g of SO , what is 2 3 the percent yield?",,classified
2009-usnco-national-exam-part-i.pdf,11,4,Stoichiometry/Solutions,A 1.0 g sample of which substance contains the largest number of molecules?,,classified
2009-usnco-national-exam-part-i.pdf,12,4,Stoichiometry/Solutions,"What is the maximum mass Molar Mass, g·mol–1 of PbI that can be PbI 461 2 2 precipitated by mixing 25.0 mL of 0.100 M Pb(NO ) 3 2 with 35.0 mL of 0.100 M NaI?",,classified
2009-usnco-national-exam-part-i.pdf,13,4,States Of Matter,Which statement is not a principle (postulate) of kinetic molecular theory?,,classified
2009-usnco-national-exam-part-i.pdf,14,4,States Of Matter,When a sample of an ideal gas is heated from 25˚C to 50˚C the average kinetic energy of the molecules increases. Which ratio gives the correct relationship between the average kinetic energies at the higher temperature to the lower temperature?,,classified
2009-usnco-national-exam-part-i.pdf,15,4,States Of Matter,A partially filled tank of p!ro pa!ne contains both a liquid and a gas phase. Which of these statements about the ! ! contents of the two phases are correct? I. The two phases have the same potential energy but different kinetic energies. II. The two phases have the same molar masses but different densities.,,classified
2009-usnco-national-exam-part-i.pdf,16,4,States Of Matter,Which property or I. electrical conductivity properties of metals can be II. malleability accounted for by the electron sea model?,,classified
2009-usnco-national-exam-part-i.pdf,17,4,States Of Matter,"In a crystal of a typical metallic element, an atom has how many nearest neighbors?",,classified
2009-usnco-national-exam-part-i.pdf,18,4,Stoichiometry/Solutions,Osmotic pressures of electrolyte solutions,A colligative-property comparison using dissolved-particle concentrations.,classified
2009-usnco-national-exam-part-i.pdf,19,4,Thermodynamics,"Standard formation enthalpy, formation Gibbs energy and entropy of elements and compounds",,classified
2009-usnco-national-exam-part-i.pdf,20,4,Thermodynamics,"What is the relationship among the magnitudes of the enthalpies of combustion (∆H ), fusion (∆H ) and comb fus vaporization (∆H ) for a hydrocarbon such as hexane, vap C H ? 6 14",,classified
2009-usnco-national-exam-part-i.pdf,21,4,Thermodynamics,Which choice represents the signs for ∆S and ∆H for the sublimation of a compound that is occurring at constant temperature?,,classified
2009-usnco-national-exam-part-i.pdf,22,4,Thermodynamics,"Determine ∆H for this reaction ∆H˚, kJ.mol-1 in kJ . mol-1 rxn f H O(g) –241.8 5 2 2NH 3 (g) + 2O 2 (g) r NH (g) –46.1 3 2NO(g) + 3H 2 O(g). NO(g) 90.3",,classified
2009-usnco-national-exam-part-i.pdf,23,4,Thermodynamics,The enthalpy of fusion for NaF(s) at its melting point (992˚C) is 29.3 kJ . mol-1. What is the value of ∆S ˚ in fus J . mol-1. K-1?,,classified
2009-usnco-national-exam-part-i.pdf,24,4,Thermodynamics,"For the reaction at 25˚C, C H (g) + H (g) s C H (g) K = 5.67×107 2 4 2 2 6 p What is ∆G˚ for this reaction in kJ . mol-1?",,classified
2009-usnco-national-exam-part-i.pdf,25,5,Kinetics,"What is the rate law for a reaction, A + 2B r C, based on the rate data? [A] , mol·L–1 [B] , mol·L–1 Initial Rate, o o mol·L–1·min–1 0.20 0.10 300 0.40 0.30 3600 0.80 0.30 14400",,classified
2009-usnco-national-exam-part-i.pdf,26,5,Kinetics,"For the irreversible reaction; A r B, which graph gives a straight line for a reaction that is second order in A?",,classified
2009-usnco-national-exam-part-i.pdf,27,5,Kinetics,A sample of a radioactive element that contains 1.0×103 nuclei decays to 6.2×101 nuclei in 10. minutes. What is its specific decay constant?,,classified
2009-usnco-national-exam-part-i.pdf,28,5,Kinetics,The oxidation of SO to H SO in acid rain is thought to 2 2 4 occur by the following mechanism. SO (aq) + 2H O(l) r HSO –(aq) + H O+(aq) 2 2 3 3 2HSO –(aq) + O (aq) r S O 2–(aq) + H O(l) 3 2 2 7 2 S O 2–(aq) + 3 ... 3 Which species in this mechanism can be given the following designations? reactant catalyst intermediate,,classified
2009-usnco-national-exam-part-i.pdf,29,5,Kinetics,"For the reaction; H (g) + I (g) r 2HI(g), the rate law is 2 2 Rate = k[H ][I ]. 2 2 Which of the mechanisms given is consistent with this rate law? I. II. I s I + I (fast) I s I + I (slow) 2 2 H + I + I r 2HI (slow) H + I + I r 2HI (fast) 2 2",,classified
2009-usnco-national-exam-part-i.pdf,30,5,Kinetics,The rate of a reaction at 100˚C is four times the rate at 50˚C. What is its activation energy?,,classified
2009-usnco-national-exam-part-i.pdf,31,5,Equilibrium,"The equilibrium system, N O (g) s 2NO (g), has 2 4 2 K p = 11. For which equilibrium system is K p = 0.091?",,classified
2009-usnco-national-exam-part-i.pdf,32,5,Equilibrium,A 1.0 L evacuated tank is charged wit!h HI(g) to a pressure of 1.0 atm at 793K. Some of the HI(g) forms ! H (g) and I (g) according to the equilibrium; 2 2 2HI(g) s H (g) + I (g) K = 0.016 2 2 p What is the pressure (in atm) of HI at equilibrium?,,classified
2009-usnco-national-exam-part-i.pdf,33,5,Equilibrium,A solution of 0.10 M NaZ has a pH = 8.90. What is the K of HZ? a,,classified
2009-usnco-national-exam-part-i.pdf,34,5,Equilibrium,"What is the pH of a solution Molar mass, g·mol–1 made by adding 0.41g of NaC H O 82.0 2 3 2 NaC H O to 100. mL of K 2 3 2 a 0.10 M HC 2 H 3 O 2 ? HC 2 H 3 O 2 1.8×10-5",,classified
2009-usnco-national-exam-part-i.pdf,35,5,Equilibrium,Identification of acid/base titration from its pH curve,,classified
2009-usnco-national-exam-part-i.pdf,36,6,Equilibrium,Which silver compound is the most soluble in water?,,classified
2009-usnco-national-exam-part-i.pdf,37,6,Oxidation - Reduction,When connected to a Standard Hydrogen Electrode (SHE) electrons flow from an unknown half cell to the SHE. Which statement is correct?,,classified
2009-usnco-national-exam-part-i.pdf,38,6,Oxidation - Reduction,"Given these Co3+(aq) + e– r Co2+(aq) E˚ = 1.82 V standard Co2+(aq) + 2e– r Co(s) E˚ = –0.28 V reduction potentials, what is the standard reduction potential for Co3+(aq) + 3e– r Co(s)?",,classified
2009-usnco-national-exam-part-i.pdf,39,6,Oxidation - Reduction,"The cell Al(s) | Al3+(aq, 0.001 M) | | Cu2+(aq,0.10 M) | Cu(s) has a standard cell potential, E˚ = 2.00 V. What is the cell potential for this cell at the concentrations given?",,classified
2009-usnco-national-exam-part-i.pdf,40,6,Oxidation - Reduction,Ethanol reacts with dichromate ions in acid solution according to the equation; C H OH(l) + Cr O 2–(aq) + H+(aq) 2 5 2 7 r CO (g) + Cr3+(aq) + H O(l) 2 2 What is the coefficient for H+(aq) when this equation is balanced with the smallest whole number coefficients?,,classified
2009-usnco-national-exam-part-i.pdf,41,6,Oxidation - Reduction,"Given these Ag+(aq) + e– r Ag(s) E˚ = 0.80 V standard Pb2+(aq) + 2e– r Pb(s) E˚ = –0.13 V reduction potentials, what is the free energy change (in kJ . mol-1) for the reaction Pb(s) + 2Ag+(aq) r Pb2+(aq) + 2Ag(s)?",,classified
2009-usnco-national-exam-part-i.pdf,42,6,Oxidation - Reduction,Chromium metal can be produced by the electrolysis of molten CrO . What current in amperes operating for 100 3 minutes is needed to produce 104 grams of this metal?,,classified
2009-usnco-national-exam-part-i.pdf,43,6,Atomic Structure/Periodicity,What is the frequency of light with a wavelength of 480 nm?,,classified
2009-usnco-national-exam-part-i.pdf,44,6,Atomic Structure/Periodicity,"Which set of quantum numbers (n,l, m l ) is forbidden?",,classified
2009-usnco-national-exam-part-i.pdf,45,6,Atomic Structure/Periodicity,"Which characteristic of an atomic orbital is most closely associated with the magnetic quantum number, ml?",,classified
2009-usnco-national-exam-part-i.pdf,46,6,Atomic Structure/Periodicity,"Which element exhibits Ionization Energy, kJ·mol–1 the successive 1st 738 ionization energies 2nd 1451 given in the table? 3rd 7733 4th 10540 5th 13628",,classified
2009-usnco-national-exam-part-i.pdf,47,6,Atomic Structure/Periodicity,"The energies of the 3s, 3p and 3d orbitals in a multi- electron atom increase in that order. To which factor(s) can this order be attributed? I. the relative penetrations of these orbitals near the nucleus II. the relative average distance of the electron from the nucleus",,classified
2009-usnco-national-exam-part-i.pdf,48,6,Atomic Structure/Periodicity,Which element has the highest first ionization energy?,,classified
2009-usnco-national-exam-part-i.pdf,49,6,Bonding/Molecular Structure,What is the formal charge on the O nitrogen atom in HNO ? 3 H O N O,,classified
2009-usnco-national-exam-part-i.pdf,50,6,Bonding/Molecular Structure,Which substance has the greatest lattice energy?,,classified
2009-usnco-national-exam-part-i.pdf,51,6,Thermodynamics,Hydrazine formation enthalpy from bond energies,The requested result is a formation enthalpy obtained from a bond-energy balance.,classified
2009-usnco-national-exam-part-i.pdf,52,7,Bonding/Molecular Structure,Which species has a trigonal planar geometry?,,classified
2009-usnco-national-exam-part-i.pdf,53,7,Bonding/Molecular Structure,Which of the molecules I. PCl 3 listed have an sp3 II. COCl 2 hybridized central atom? III. SF 4,,classified
2009-usnco-national-exam-part-i.pdf,54,7,Bonding/Molecular Structure,How many isomers exist for a square planar platinum compound which has four different groups attached to the platinum atom?,,classified
2009-usnco-national-exam-part-i.pdf,55,7,Organic/Biochemistry,Molecules of which type(s) I. amide do not contain a C = O II. amine bond? III. ether IV. ester,,classified
2009-usnco-national-exam-part-i.pdf,56,7,Organic/Biochemistry,What is the relationship between the two molecules depicted? They are,,classified
2009-usnco-national-exam-part-i.pdf,57,7,Organic/Biochemistry,For which compound is the –OH group the most acidic?,,classified
2009-usnco-national-exam-part-i.pdf,58,7,Organic/Biochemistry,The most notable difference between a saturated and an unsaturated fat containing the same number of carbon atoms is that the saturated fat,,classified
2009-usnco-national-exam-part-i.pdf,59,7,Organic/Biochemistry,Which C 6 H 10 isomer is the least stable?,,classified
2009-usnco-national-exam-part-i.pdf,60,7,Organic/Biochemistry,Cholesterol molecular length from a structural scale bar,A structural drawing and scale are used to interpret a biochemical molecule.,classified
2008-usnco-national-exam-part-i.pdf,1,3,States Of Matter,Melting-point comparison of ionic and molecular substances,Compares physical properties of solid types.,classified
2008-usnco-national-exam-part-i.pdf,2,3,Descriptive/Laboratory,Which reagents produce a I. HCl and Na SO 2 3 gas when combined? II. NaOH and Al,,classified
2008-usnco-national-exam-part-i.pdf,3,3,Descriptive/Laboratory,First-distillate temperature in pentane/hexane fractional distillation,,classified
2008-usnco-national-exam-part-i.pdf,4,3,Descriptive/Laboratory,Which nitrogen halide is least stable thermodynamically?,Known stability of nitrogen halides is treated as descriptive compound chemistry.,classified
2008-usnco-national-exam-part-i.pdf,5,3,Descriptive/Laboratory,Cyclohexane and water can be separated by using a separatory funnel. Which property contributes to this separation?,,classified
2008-usnco-national-exam-part-i.pdf,6,3,Descriptive/Laboratory,A NaOH solution is to be standardized by titrating it against a known mass of potassium hydrogen phthalate. Which procedure will give a molarity of NaOH that is too low?,,classified
2008-usnco-national-exam-part-i.pdf,7,3,States Of Matter,Relative water solubility of alcohols,Compares miscibility and intermolecular interactions rather than solute concentration arithmetic.,classified
2008-usnco-national-exam-part-i.pdf,8,3,Stoichiometry/Solutions,The mass of a single molecule of an allotrope of sulfur is 3.20×10–22 g. How many sulfur atoms are present in a molecule of this allotrope?,,classified
2008-usnco-national-exam-part-i.pdf,9,3,Stoichiometry/Solutions,100. L of carbon dioxide measured at 740. mmHg and 50 ˚C is produced by the complete combustion of a sample of pentane. 2C H + 16O r 10CO + 12H O 5 12 2 2 2 What mass of pentane reacted?,,classified
2008-usnco-national-exam-part-i.pdf,10,3,Stoichiometry/Solutions,Which 0.10 M aqueous solution has the smallest change in freezing point relative to pure water?,,classified
2008-usnco-national-exam-part-i.pdf,11,3,Stoichiometry/Solutions,"Magnetite, Fe O , can be Molar Mass / g·mol–1 3 4 reduced to iron by heating Fe O 232 3 4 with carbon monoxide according to the equation: Fe 3 O 4 + 4CO r 3Fe + 4CO 2 What mass of Fe O is required in order to obtain 5.0 kg 3 4 of iron if the process is 88% efficient?",,classified
2008-usnco-national-exam-part-i.pdf,12,4,Stoichiometry/Solutions,40.0 g of a solute is dissolved in 500. mL of a solvent to give a solution with a volume of 515 mL. The solvent has a density of 1.00 g/mL. Which statement about this solution is correct?,,classified
2008-usnco-national-exam-part-i.pdf,13,4,Thermodynamics,Vaporization enthalpies from vapor-pressure slopes,The graph is used to compare thermodynamic vaporization enthalpies.,classified
2008-usnco-national-exam-part-i.pdf,14,4,States Of Matter,For which two gases are the rates of effusion 2:1?,,classified
2008-usnco-national-exam-part-i.pdf,15,4,States Of Matter,Which gas has a density of 0.71 g·L–1 at 0 oC and 1 atm?,,classified
2008-usnco-national-exam-part-i.pdf,16,4,States Of Matter,Supercritical carbon dioxide exists at which point on the accompanying phase diagram?,,classified
2008-usnco-national-exam-part-i.pdf,17,4,States Of Matter,Which properties increase I. surface tension with an increase in II. vapor pressure intermolecular forces at 25 ˚C?,,classified
2008-usnco-national-exam-part-i.pdf,18,4,States Of Matter,The atoms in crystals of silver metal are arranged in a cubic closest packed structure. What is the unit cell in this structure?,,classified
2008-usnco-national-exam-part-i.pdf,19,4,Thermodynamics,"Use the information provided to calculate the standard enthalpy of formation of acetylene, CH (g), in kJ·mol–1. 2 2 C H (g) + 5/2O (g) 2 2 2 r 2CO (g) + H O(l) ∆H˚ = –1299.5 kJ 2 2 C(s) + O (g) r CO (g) ∆H˚ = –393.5 kJ 2 2 H (g) + 1/2O (g) r H O(l) ∆H˚ = –285.8 kJ 2 2 2",,classified
2008-usnco-national-exam-part-i.pdf,20,4,Thermodynamics,Which statement is always true for a spontaneous reaction?,,classified
2008-usnco-national-exam-part-i.pdf,21,4,Thermodynamics,The heat of a reaction is measured in a bomb calorimeter. This heat is equal to which thermodynamic quantity?,,classified
2008-usnco-national-exam-part-i.pdf,22,4,Thermodynamics,84.12 g of gold at Specific heat capacities / J . g–1. ˚C–1 120.1 ˚C is placed Au(s) 0.129 in 106.4 g of H 2 O H 2 O(l) 4.184 at 21.4 ˚C. What is the final temperature of this system?,,classified
2008-usnco-national-exam-part-i.pdf,23,4,Thermodynamics,"In order to calculate the lattice energy of NaCl using a Born-Haber cycle, which value is not needed?",,classified
2008-usnco-national-exam-part-i.pdf,24,4,Thermodynamics,Liquid bromine boils at 332.7 K. S˚ / J.mol–1.K–1 Estimate the enthalpy of Br (g) 58.6 2 formation of Br (g) in kJ·mol–1. Br (l) 36.4 2 2,,classified
2008-usnco-national-exam-part-i.pdf,25,5,Kinetics,"A student analyzed the data from a zero order reaction and obtained the graph shown. What labels should be attached to the X and Y axes, respectively?",,classified
2008-usnco-national-exam-part-i.pdf,26,5,Kinetics,"Under certain conditions the reaction of CO with NO to 2 give CO and NO results in the rate law: 2 rate = k[CO][NO ]. 2 What are the units for the rate constant, k?",,classified
2008-usnco-national-exam-part-i.pdf,27,5,Kinetics,"For the reaction: X + Y r Z, initial rate data are given in the table. [X] / M [Y] / M Rate / mol . L–1. s–1 0.10 0.10 0.020 0.10 0.20 0.080 0.30 0.30 0.540 What is the rate law for this reaction?",,classified
2008-usnco-national-exam-part-i.pdf,28,5,Kinetics,The rate of the reaction of chlorine gas with a liquid hydrocarbon can be increased by all of the changes except one. Which change will be ineffective?,,classified
2008-usnco-national-exam-part-i.pdf,29,5,Kinetics,One proposed mechanism of the reaction of HBr with O 2 is given here. HBr + O r HOOBr (slow) 2 HOOBr + HBr r 2HOBr (fast) HOBr + HBr r H O + Br (fast) 2 2 What is the equation for the overall reaction?,,classified
2008-usnco-national-exam-part-i.pdf,30,5,Kinetics,"For the reaction; A r B, the rate law is rate = k[A]. If the reaction is 40.0% complete after 50.0 minutes, what is the value of the rate constant, k?",,classified
2008-usnco-national-exam-part-i.pdf,31,5,Equilibrium,"When 2.00 mol each of H (g) and I (g) are reacted in a 2 2 1.00 L container at a certain temperature, 3.50 mol of HI is present at equilibrium. Calculate the value of the equilibrium constant, K. c",,classified
2008-usnco-national-exam-part-i.pdf,32,5,Equilibrium,"For which equation is the equilibrium constant equal to K for the ammonium ion, NH +? a 4",,classified
2008-usnco-national-exam-part-i.pdf,33,5,Equilibrium,What is the pH of a solution prepared by mixing 45.0 mL of 0.184 M KOH with 65.0 mL of 0.145 M HCl?,,classified
2008-usnco-national-exam-part-i.pdf,34,5,Equilibrium,The gas phase reaction shown is endothermic as written. Which change(s) will increase the quantity of CH CH=CH at 3 2 equilibrium? I. increasing the temperature II. increasing the pressure,,classified
2008-usnco-national-exam-part-i.pdf,35,5,Equilibrium,The curve represents the titration of a weak monoprotic acid. Over what pH range(s) will the acid being titrated serve as a buffer when mixed with its salt? I. pH 4 – 6 II. pH 7 – 9 III. pH 12 – 13,,classified
2008-usnco-national-exam-part-i.pdf,36,6,Equilibrium,The pH of a saturated solution of Fe(OH) is 8.67. What 2 is the K for Fe(OH) ? sp 2,,classified
2008-usnco-national-exam-part-i.pdf,37,6,Oxidation - Reduction,In an operating voltaic cell electrons move through the external circuit and ions move through the electrolyte solution. Which statement describes these movements?,,classified
2008-usnco-national-exam-part-i.pdf,38,6,Oxidation - Reduction,"The reduction potentials I. Ao reduces B2+ for the +2 cations, II. B2+ oxidizes Co e.g. A2+ + 2e– r Ao, III. Bo oxidizes Do of four metals decrease in the order A, B, C, D. Which statement(s) is/are true?",,classified
2008-usnco-national-exam-part-i.pdf,39,6,Oxidation - Reduction,Unknown metal standard reduction potential,,classified
2008-usnco-national-exam-part-i.pdf,40,6,Oxidation - Reduction,Concentration changes increasing an electrochemical cell voltage,,classified
2008-usnco-national-exam-part-i.pdf,41,6,Oxidation - Reduction,"If a voltaic cell has a positive Eo value, what can be concluded about the values of ∆Go and K ? eq",,classified
2008-usnco-national-exam-part-i.pdf,42,6,Oxidation - Reduction,"A 3.00 amp current is used to electrolyze the molten chlorides; CaCl, MgCl , AlCl, and FeCl. The 2 2 3 3 deposition of which mass of metal will require the longest electrolysis time?",,classified
2008-usnco-national-exam-part-i.pdf,43,6,Atomic Structure/Periodicity,Which set of quantum numbers corresponds to an electron in a 4d orbital?,,classified
2008-usnco-national-exam-part-i.pdf,44,6,Atomic Structure/Periodicity,What is the energy of a photon from a laser that emits light at 632.8 nm?,,classified
2008-usnco-national-exam-part-i.pdf,45,6,Atomic Structure/Periodicity,How many unpaired electrons are in a gaseous Co2+ ion in its ground state?,,classified
2008-usnco-national-exam-part-i.pdf,46,6,Atomic Structure/Periodicity,Which ion is not isoelectronic with Ar?,,classified
2008-usnco-national-exam-part-i.pdf,47,6,Atomic Structure/Periodicity,Which process releases the most energy?,,classified
2008-usnco-national-exam-part-i.pdf,48,6,Atomic Structure/Periodicity,In which list are the ions arranged in order of increasing size?,,classified
2008-usnco-national-exam-part-i.pdf,49,6,Bonding/Molecular Structure,Molecules with non-zero I. H C=CHCl 2 dipole moments include II. cis - ClHC=CHCl which of those listed? III. trans - ClHC=CHCl,,classified
2008-usnco-national-exam-part-i.pdf,50,7,Bonding/Molecular Structure,Which species is diamagnetic?,,classified
2008-usnco-national-exam-part-i.pdf,51,7,Bonding/Molecular Structure,What is the I-I-I bond angle in the I – ion? 3,,classified
2008-usnco-national-exam-part-i.pdf,52,7,Bonding/Molecular Structure,Which species has the shortest nitrogen-oxygen bond?,,classified
2008-usnco-national-exam-part-i.pdf,53,7,Bonding/Molecular Structure,Which substance will form hydrogen bonds to water molecules but will not form hydrogen bonds with its own molecules?,Tests hydrogen-bond donor/acceptor capabilities of molecular structures.,classified
2008-usnco-national-exam-part-i.pdf,54,7,Bonding/Molecular Structure,In the gas phase PCl exists as individual molecules but 5 in the solid it takes on the ionic structure PCl+PCl –. 4 6 What are the geometries of these three species PCl PCl + PCl – 5 4 6,,classified
2008-usnco-national-exam-part-i.pdf,55,7,Organic/Biochemistry,Which molecule contains exactly eight carbon atoms?,,classified
2008-usnco-national-exam-part-i.pdf,56,7,Organic/Biochemistry,Which formula represents an alkyne? (Assume all are noncyclic.),,classified
2008-usnco-national-exam-part-i.pdf,57,7,Organic/Biochemistry,How many compounds have the formula CH Cl ? 2 3 3,,classified
2008-usnco-national-exam-part-i.pdf,58,7,Organic/Biochemistry,Which is a condensation polymer?,,classified
2008-usnco-national-exam-part-i.pdf,59,7,Organic/Biochemistry,What is the number of pi (π) bonds in trans-butenedioic acid (C H O )? 4 4 4,Counts pi bonds in an organic acid structure; retained with organic structure.,classified
2008-usnco-national-exam-part-i.pdf,60,7,Organic/Biochemistry,Cellulose and starch are biological polymers. Humans are able to digest starch but not cellulose. This difference is due primarily to a difference in the,,classified
2007-usnco-national-exam-part-i.pdf,1,3,Descriptive/Laboratory,Which absorbs gaseous carbon dioxide most effectively?,,classified
2007-usnco-national-exam-part-i.pdf,2,3,Descriptive/Laboratory,Which laboratory results will tell whether an unknown white solid is NaOH or NH NO? 4 3,,classified
2007-usnco-national-exam-part-i.pdf,3,3,Descriptive/Laboratory,"Which sets of chemicals, when mixed, produce the observation(s) listed? Combination Observation I. NHCl(s) and HO(l) endothermic 4 2 II. 9 M HSO (aq) and HO(l) exothermic 2 4 2 III. 1M NaOH(aq) and 1 M HCl(aq) exothermic",,classified
2007-usnco-national-exam-part-i.pdf,4,3,Descriptive/Laboratory,What happens when 6 M nitric acid is added to an aqueous solution that contains 0.1 M Cl– and 0.1 M Ag(NH)+? 32,,classified
2007-usnco-national-exam-part-i.pdf,5,3,Descriptive/Laboratory,A mixture of which 0.2 M aqueous solutions will form a precipitate that dissolves in 6 M nitric acid?,,classified
2007-usnco-national-exam-part-i.pdf,6,3,Descriptive/Laboratory,When a liquid is delivered from a volumetric pipet a small amount is typically retained in the tip. How should a student proceed in order to deliver the volume of liquid stated on the pipet?,,classified
2007-usnco-national-exam-part-i.pdf,7,3,Stoichiometry/Solutions,What is the molarity of a 0.500 molal aqueous solution of calcium nitrate that has a density of 1.045 g·mL-1?,,classified
2007-usnco-national-exam-part-i.pdf,8,3,Stoichiometry/Solutions,What volume of 0.150 M HSO would be required to 2 4 completely neutralize a mixture of 20.0 mL of 0.200 M NaOH and 40.0 mL of 0.0500 M Ca(OH) ? 2,,classified
2007-usnco-national-exam-part-i.pdf,9,3,Stoichiometry/Solutions,A compound with the formula X O contains 34.8% 2 5 oxygen by mass. Identify element X.,,classified
2007-usnco-national-exam-part-i.pdf,10,3,Stoichiometry/Solutions,A solution of 0.0400 mol of C HBr and 0.0600 mol of 2 4 2 C 3 H 6 Br 2 exerts a vapor pressure of 145.4 mm Hg at a certain temperature. Determine the vapor pressure of pure C 3 H 6 Br 2 at this temperature. Ass ... vapor pressure of C 2 H 4 Br 2 at this temperature is 173 mm Hg and that the solution obeys Raoult's Law.,,classified
2007-usnco-national-exam-part-i.pdf,11,4,Stoichiometry/Solutions,"When 0.1 M aqueous solutions of aluminum nitrate, magnesium nitrate, sodium nitrate and urea, (NH)CO, 22 are arranged in order of increasing boiling point, which order is correct?",,classified
2007-usnco-national-exam-part-i.pdf,12,4,Stoichiometry/Solutions,What is the maximum mass Molar Mass / g·mol–1 of Ba (PO) that can be Ba(PO) 601.84 3 42 3 42 formed from Na PO 163.94 3 4 0.00240 mol of Ba(NO ) and 0.131 g of NaPO ? 32 3 4,,classified
2007-usnco-national-exam-part-i.pdf,13,4,States Of Matter,Matching a phase transition to a segment of a heating curve,,classified
2007-usnco-national-exam-part-i.pdf,14,4,States Of Matter,What is the molar mass of a gas that has a density of 5.66 g.L–1 at 35˚C and 745 mm Hg?,,classified
2007-usnco-national-exam-part-i.pdf,15,4,States Of Matter,"Consider the solids: body-centered cubic (bcc), face- centered cubic (fcc), simple cubic (sc) (or primitive), constructed of spheres of the same size. When they are arranged in increasing order of the percentage of free space in a unit cell, which order is correct?",,classified
2007-usnco-national-exam-part-i.pdf,16,4,Thermodynamics,Phosphorus trichloride vaporization enthalpy,Uses temperature-dependent vapor pressure to calculate enthalpy of vaporization.,classified
2007-usnco-national-exam-part-i.pdf,17,4,States Of Matter,"If the absolute temperature of a sample of gas is increased by a factor of 1.5, by what ratio does the average molecular speed of its molecules increase?",,classified
2007-usnco-national-exam-part-i.pdf,18,4,States Of Matter,"The curves in the accompanying diagram represent the PV/RT behavior of the gases: He, CH and CH. 4 3 8 Which assignment of behavior to gas is correct?",,classified
2007-usnco-national-exam-part-i.pdf,19,4,Thermodynamics,Calculate the standard enthalpy of formation of acetylene (in kJ.mol–1). 2C H(g) + 5O (g) 2 2 2 r 4CO(g) + 2H O(l) ∆H˚ = –2243.6 kJ 2 2 C(s) + O(g) r CO(g) ∆H˚ = –393.5 kJ 2 2 H(g) + 1/2 O (g) r H O(l) ∆H˚ = –285.8 kJ 2 2 2,,classified
2007-usnco-national-exam-part-i.pdf,20,4,Thermodynamics,The boiling point of diethyl ether is 34.6˚C. Which is true for the vaporization of diethyl ether at 25.0˚C?,,classified
2007-usnco-national-exam-part-i.pdf,21,4,Thermodynamics,Estimate the Bond Dissociation Enthalpies / kJ.mol–1 enthalpy of C–C 350 C–O 350 combustion C–H 410 C=O 732 of methane in O–H 460 O–O 180 kJ.mol–1. O=O 498 CH (g) + 2O(g) r CO(g) + 2H O(g) 4 2 2 2,,classified
2007-usnco-national-exam-part-i.pdf,22,5,Thermodynamics,Which reaction has a positive ∆S˚ ? reaction,,classified
2007-usnco-national-exam-part-i.pdf,23,5,Thermodynamics,"For reactions I. constant number of moles conducted at constant II. constant temperature pressure, under what III. constant volume conditions are ∆E and ∆H equal?",,classified
2007-usnco-national-exam-part-i.pdf,24,5,Thermodynamics,"For the reaction, H(g) + I (g) s 2HI(g) 2 2 K = 50.0 at 721 K. What is the value of ∆G˚ for this p reaction (per mole of H ) at 721 K? 2",,classified
2007-usnco-national-exam-part-i.pdf,25,5,Kinetics,Which of these factors I. temperature affect the value of the II. reactant concentration rate constant for a III. use of a catalyst reaction?,,classified
2007-usnco-national-exam-part-i.pdf,26,5,Kinetics,Which is the correct exponential form of the Arrhenius equation? –k k,,classified
2007-usnco-national-exam-part-i.pdf,27,5,Kinetics,Reaction order from a concentration-time graph,,classified
2007-usnco-national-exam-part-i.pdf,28,5,Kinetics,"For the reaction A r B that is first-order in A, the rate constant is 2.08×10–2 s–1. How long would it take for [A] to change from 0.100 M to 0.0450 M?",,classified
2007-usnco-national-exam-part-i.pdf,29,5,Kinetics,These data were obtained for the reaction: X + Y r Z. X (M) Y (M) Rate: ∆Z/∆t / M·min–1 1.00 1.00 2.36×10-4 2.00 2.00 1.89×10-3 2.00 4.00 3.78×10-3 What is the rate law?,,classified
2007-usnco-national-exam-part-i.pdf,30,5,Kinetics,A possible mechanism for the conversion of ozone to oxygen in the upper atmosphere is O (g) s O (g) + O(g) (fast equilibrium) 3 2 O(g) + O (g) s 2O (g) (slow) 3 2 Which rate law is consistent with this mechanism?,,classified
2007-usnco-national-exam-part-i.pdf,31,5,Equilibrium,A 0.050 M solution of an unknown acid is 1.0% ionized. What is the value of its K ? a,,classified
2007-usnco-national-exam-part-i.pdf,32,5,Equilibrium,Which mixture(s) form(s) buffer solutions? I. 100 mL of 0.200 M HF and 200 mL of 0.200 M NaF II. 200 mL of 0.200 M HCl and 200 mL of 0.400 M CHCO Na 3 2 III. 300 mL of 0.100 M CHCO H 3 2 and 100 mL of 0.300 M CHCO Na 3 2,,classified
2007-usnco-national-exam-part-i.pdf,33,5,Equilibrium,Determine the equilibrium constant for the reaction: HF(aq) + NH (aq) s NH +(aq) + F–(aq) 3 4 given the equilibrium constants for the reactions. HF(aq) + H O(l) s H O+(aq) + F–(aq) K = 6.9×10–4 2 3 a NH(aq) + H O(l) s NH+(aq) + OH–(aq) K = 1.8×10–5 3 2 4 b 2HO(l) s H O+(aq) + OH–(aq) K = 1.0×10–14 2 3 w,,classified
2007-usnco-national-exam-part-i.pdf,34,6,Equilibrium,Calculate the pH of a K a 0.15 M solution of HOCl. HOCl 2.9×10–8,,classified
2007-usnco-national-exam-part-i.pdf,35,6,Equilibrium,For which reaction does K = K ? p c,,classified
2007-usnco-national-exam-part-i.pdf,36,6,Equilibrium,CaF has a K = 3.9×10–11 at 25˚C. What is the [F–] in a 2 sp saturated solution of CaF at 25˚C? 2,,classified
2007-usnco-national-exam-part-i.pdf,37,6,Oxidation - Reduction,When the reaction: Cl– + ClO– r Cl + H O is balanced 3 2 2 in acid solution what is the ratio of Cl– to ClO–? 3,,classified
2007-usnco-national-exam-part-i.pdf,38,6,Oxidation - Reduction,Which change could occur at the anode of an electrochemical cell?,,classified
2007-usnco-national-exam-part-i.pdf,39,6,Oxidation - Reduction,E˚ = 0.93 V Standard Reduction Potential / E˚ for the reaction: Fe2+(aq) + 2e– r Fe(s) –0.41 V Fe(s) + 2M+(aq) r Fe2+(aq) + 2M(s). What is the standard potential for M+ + e– r M?,,classified
2007-usnco-national-exam-part-i.pdf,40,6,Oxidation - Reduction,For which half-reaction will a 1.0 unit increase in pH cause the greatest increase in half-cell potential?,,classified
2007-usnco-national-exam-part-i.pdf,41,6,Oxidation - Reduction,A solution of aqueous CuSO is electrolyzed with a 1.50 4 ampere current for 30.0 minutes. What mass of copper metal is deposited?,,classified
2007-usnco-national-exam-part-i.pdf,42,6,Oxidation - Reduction,According to the tabulated standard reduction potentials Mg2+(aq) + 2e– r Mg(s) E˚ = –2.38 V 2HO(l) + 2e– r H (g) + 2OH– (aq) E˚ = –0.83 V 2 2 Br(l) + 2e– r 2Br– (aq) E˚ = 0.53 V 2 O(g) + 4H+(aq) r 2H O(l) E˚ = 1.23 V 2 2 what products are formed during the electrolysis of an aqueous MgBr solution? 2,,classified
2007-usnco-national-exam-part-i.pdf,43,6,Atomic Structure/Periodicity,Which is the symbol for an element whose ground state atoms have the same total numbers of s electrons and p electrons?,,classified
2007-usnco-national-exam-part-i.pdf,44,6,Atomic Structure/Periodicity,Which set of quantum numbers is NOT allowed? n l m m l s,,classified
2007-usnco-national-exam-part-i.pdf,45,6,Atomic Structure/Periodicity,Which change(s) in electron structure occur when a gas phase Mn atom is converted to a Mn2+ ion in the gas phase? I. The number of occupied energy levels decreases. II. The number of half-filled orbitals decreases.,,classified
2007-usnco-national-exam-part-i.pdf,46,6,Atomic Structure/Periodicity,Which list gives the symbols of the elements in the order of increasing first ionization energy?,,classified
2007-usnco-national-exam-part-i.pdf,47,6,Atomic Structure/Periodicity,How many unpaired electrons are in a gas phase Co2+ ion in its ground state?,,classified
2007-usnco-national-exam-part-i.pdf,48,6,Atomic Structure/Periodicity,The energy required to ionize a potassium ion is 419 kJ⋅mol–1. What is the longest wavelength of light that can cause this ionization?,,classified
2007-usnco-national-exam-part-i.pdf,49,6,Bonding/Molecular Structure,Which species has the same electron distribution around the central atom as SiF ? 4,,classified
2007-usnco-national-exam-part-i.pdf,50,7,Bonding/Molecular Structure,Which is/are polar species? I. SF 2 II. SF 4 III. SF 6,,classified
2007-usnco-national-exam-part-i.pdf,51,7,Bonding/Molecular Structure,"According to the Lewis dot structure for ozone, what is the formal charge on the central oxygen atom?",,classified
2007-usnco-national-exam-part-i.pdf,52,7,Bonding/Molecular Structure,"When the species are arranged in order of increasing length of the carbon-oxygen bond, which order is correct?",,classified
2007-usnco-national-exam-part-i.pdf,53,7,Bonding/Molecular Structure,Which ionic solid would require the most energy to form gaseous ions?,Energy required to separate an ionic solid into gaseous ions is lattice bonding strength.,classified
2007-usnco-national-exam-part-i.pdf,54,7,States Of Matter,Cubic versus hexagonal close packing of calcium,Tests crystal-layer stacking and solid-state packing.,classified
2007-usnco-national-exam-part-i.pdf,55,7,Organic/Biochemistry,How many unsaturated compounds have the formula C H? 4 8,,classified
2007-usnco-national-exam-part-i.pdf,56,7,Organic/Biochemistry,Which compound is least soluble in water?,Solubility is compared through organic functional-group properties.,classified
2007-usnco-national-exam-part-i.pdf,57,7,Descriptive/Laboratory,Analytical method based on molecular vibrations,Identifies an instrumental technique; the context of organic analysis does not make this an organic reaction.,classified
2007-usnco-national-exam-part-i.pdf,58,7,Organic/Biochemistry,Which substance reacts most rapidly with water?,,classified
2007-usnco-national-exam-part-i.pdf,59,7,Organic/Biochemistry,What type of compound is formed by the mild oxidation of 2-pentanol?,,classified
2007-usnco-national-exam-part-i.pdf,60,7,Organic/Biochemistry,Which species is lost during the formation of a disaccharide from a monosaccharide?,,classified
2006-usnco-national-exam-part-i.pdf,1,4,Descriptive/Laboratory,Which substance is NOT paired correctly with its name?,,classified
2006-usnco-national-exam-part-i.pdf,2,4,Descriptive/Laboratory,Which acid should be stored in plastic containers rather than in glass ones?,,classified
2006-usnco-national-exam-part-i.pdf,3,4,Descriptive/Laboratory,Which element does NOT occur as distinct allotropes at temperatures between 0°C and 150°C?,,classified
2006-usnco-national-exam-part-i.pdf,4,4,Descriptive/Laboratory,Which gas is odorless?,,classified
2006-usnco-national-exam-part-i.pdf,5,4,Descriptive/Laboratory,Which technique is preferred for delivering a solid into a pre-weighed beaker for weighing?,,classified
2006-usnco-national-exam-part-i.pdf,6,4,Descriptive/Laboratory,Bronze is an alloy of,,classified
2006-usnco-national-exam-part-i.pdf,7,4,Stoichiometry/Solutions,What is the molarity of KI in a solution that is 5.00% KI by mass and has a density of 1.038 g·cm-3?,,classified
2006-usnco-national-exam-part-i.pdf,8,4,Stoichiometry/Solutions,What is the concentration of the solution that results from mixing 40.0 mL of 0.200 M HCl with 60.0 mL of 0.100 M NaOH? (You may assume the volumes are additive.),,classified
2006-usnco-national-exam-part-i.pdf,9,4,Stoichiometry/Solutions,Mole fractions are I. freezing point depression typically used to II. osmotic pressure calculate which III. vapor pressure properties for solutions containing nonvolatile solutes?,Mole fractions are considered as inputs to colligative-property calculations.,classified
2006-usnco-national-exam-part-i.pdf,10,4,Descriptive/Laboratory,Anion identification with silver and barium reagents,"Tests qualitative precipitation analysis, not solution concentration arithmetic.",classified
2006-usnco-national-exam-part-i.pdf,11,4,Stoichiometry/Solutions,A 1.0 L portion of a 0.30m solution of which of the following would be most effective at removing ice from a sidewalk?,,classified
2006-usnco-national-exam-part-i.pdf,12,5,Stoichiometry/Solutions,"CH + Br r CHBr + HBr 6 6 2 6 5 In an experiment to prepare bromobenzene according to the equation, a student reacted 20.0 g of C H with 0.310 6 6 mol of bromine. If 28.0 g of CHBr was obtained, what 6 5 was the percentage yield?",,classified
2006-usnco-national-exam-part-i.pdf,13,5,States Of Matter,"When the substances are I. CH(CH)CH 3 23 3 arranged in order of increasing II. CHCHCH(CH) 3 2 32 boiling points, which III. C(CH) 34 order is correct?",,classified
2006-usnco-national-exam-part-i.pdf,14,5,States Of Matter,A 225 mL sample of H is Vapor Pressure at 25 °C 2 collected over water at HO 24 mmHg 2 25 °C and 735 mmHg pressure. Which expression represents the set-up to find the volume of dry H at 0 °C 2 and 1 atmosphere?,,classified
2006-usnco-national-exam-part-i.pdf,15,5,Thermodynamics,Vaporization enthalpy from a vapor-pressure plot,The requested result is a thermodynamic quantity.,classified
2006-usnco-national-exam-part-i.pdf,16,5,States Of Matter,What occurs I. Dispersion forces are overcome. when liquid II. Dipole-dipole forces are overcome. CHF III. Covalent bonds are broken. 2 2 evaporates?,,classified
2006-usnco-national-exam-part-i.pdf,17,5,States Of Matter,"In the van der Waals equation for real gases, corrections are introduced for both the pressure and the volume terms of the Ideal Gas Equation. Identify the origin of both correction factors and specify whether each is added to or subtracted from the corresponding term. Pressure Volume",,classified
2006-usnco-national-exam-part-i.pdf,18,5,States Of Matter,The structure of a unit cell of an oxide of niobium is depicted here. Niobiums are dark and oxygens are light. What is the empirical formula of this compound?,,classified
2006-usnco-national-exam-part-i.pdf,19,5,Thermodynamics,"For a reaction that is exothermic and non-spontaneous at 25 °C, which quantity must be positive?",,classified
2006-usnco-national-exam-part-i.pdf,20,5,Thermodynamics,Use the thermochemical data given to calculate ?H° for f NO(g) in kJ·mol-1. 2 5 N(g) + O(g) r 2NO(g) ?H° = +180.5 kJ 2 2 2NO(g) + O(g) r 2NO(g) ?H° = –114.1 kJ 2 2 4NO(g) + O(g) r 2NO(g) ?H° = –110.2 kJ 2 2 2 5,,classified
2006-usnco-national-exam-part-i.pdf,21,5,Thermodynamics,Bromine boils at 59°C with ?H° = 29.6 kJ·mol-1. What is vap the value of ?S° in J·mol-1·K-1? vap,,classified
2006-usnco-national-exam-part-i.pdf,22,5,Thermodynamics,The K of calcium fluoride is 3.2´ 10-11. Calculate the ?G° sp (in kJ·mol-1) for the dissolving of solid calcium fluoride at 25°C.,,classified
2006-usnco-national-exam-part-i.pdf,23,5,Thermodynamics,Exothermic reaction with internal-energy change more negative than enthalpy change,,classified
2006-usnco-national-exam-part-i.pdf,24,6,Thermodynamics,"For a reaction at 25°C, ?G = 12.7 kJ when the reaction quotient, Q = 10.0. What is the value of ?G° for this reaction?",,classified
2006-usnco-national-exam-part-i.pdf,25,6,Kinetics,How can the rate of reaction at a specific time be determined from a graph of concentration against time?,,classified
2006-usnco-national-exam-part-i.pdf,26,6,Kinetics,The rate constant for the radioactive decay of C-11 is 0.0341 min-1. How long will it take for a sample of C-11 to decrease to 1/4 of its original activity?,,classified
2006-usnco-national-exam-part-i.pdf,27,6,Kinetics,"If a reaction A r B has the rate law k[A]2, which graph produces a straight line?",,classified
2006-usnco-national-exam-part-i.pdf,28,6,Kinetics,"Two unimolecular reactions, I and II, have the same rate constant at 25 °C but E for reaction I is larger than E for a a reaction II. Which statement about these two reactions is correct?",,classified
2006-usnco-national-exam-part-i.pdf,29,6,Kinetics,"According to the reaction profile given, which reaction step is rate- determining in the forward direction?",,classified
2006-usnco-national-exam-part-i.pdf,30,6,Kinetics,"For the reaction; 2H(g) + 2NO(g) r N(g) + 2HO(g), 2 2 2 rate = k[H][NO]2. 2 This mechanism has been proposed: step 1 H + NO r HO + N 2 2 step 2 N + NO r N + O 2 step 3 O + H r HO 2 2 Which statement about this rate law and mechanism is correct?",,classified
2006-usnco-national-exam-part-i.pdf,31,6,Equilibrium,"C(s) + CO(g) s 2CO(g) I. raising the temperature 2 If this system is at II. adding solid C equilibrium, which III. decreasing the pressure change(s) will alter the value of K ? p",,classified
2006-usnco-national-exam-part-i.pdf,32,6,Equilibrium,A 0.10 M solution of a weak acid is 5.75% ionized. What is the K value for this acid? a,,classified
2006-usnco-national-exam-part-i.pdf,33,6,Equilibrium,Which base is most suitable to prepare a buffer solution with a pH = 11.00?,,classified
2006-usnco-national-exam-part-i.pdf,34,7,Equilibrium,Calculate the pH of HCO Acid Ionization Constants 2 3 a 0.10 M solution K 4.4´ 10-7 1a of H 2 CO 3 . K 2a 4.7´ 10-11,,classified
2006-usnco-national-exam-part-i.pdf,35,7,Equilibrium,Which saturated solution has the highest [OH-]?,,classified
2006-usnco-national-exam-part-i.pdf,36,7,Equilibrium,Consider these mixtures: Mixture I. 100 mL of 0.006 M Pb(NO) plus 50 mL 32 of 0.003 M NaBr Mixture II. 100 mL of 0.008 M Pb(NO) plus 100 mL of 32 0.006 M NaBr Which statement is correct? K sp PbBr 6.6´ 10-6 2,,classified
2006-usnco-national-exam-part-i.pdf,37,7,Oxidation - Reduction,The equation for one of the half-reactions in a lead storage battery is: PbO + 4H+ + SO2- + 2e- r PbSO + 2HO 2 4 4 2 What happens to the properties of the electrolyte as this cell discharges? Density pH,,classified
2006-usnco-national-exam-part-i.pdf,38,7,Oxidation - Reduction,Effects of ion concentrations and electrode sizes on a silver-copper voltaic cell,,classified
2006-usnco-national-exam-part-i.pdf,39,7,Oxidation - Reduction,"3Ni2+ + 2Al r 2Al3+ + 3Ni E° = 1.41 V For the reaction given, which expression gives the value of ?G° in kJ·mol-1?",,classified
2006-usnco-national-exam-part-i.pdf,40,7,Oxidation - Reduction,In which species is the oxidation number for hydrogen different from those in the other three?,,classified
2006-usnco-national-exam-part-i.pdf,41,7,Oxidation - Reduction,A solution Standard Reduction Potential (V) containing Ni2+(aq) + 2e– r Ni(s) –0.236 equimolar Sn2+(aq) + 2e– r Sn(s) –0.141 amounts of NiCl 2 Br 2 (aq) + 2e– r 2Br –(aq) 1.077 and SnBr 2 is Cl 2 (aq) + 2e– r 2Cl –(aq) 1.360 electrolyzed using a 9V battery and graphite electrodes. What are the first products formed?,,classified
2006-usnco-national-exam-part-i.pdf,42,8,Oxidation - Reduction,True statements about the system shown after the passage of one Faraday of electricity include which of those given? I. The number of moles of Al formed is greater than the number of moles of silver formed. II. ... ]. III. The number of electrons reacting with Al3+ ions is the same as the number reacting with Ag+ ions.,,classified
2006-usnco-national-exam-part-i.pdf,43,8,Atomic Structure/Periodicity,"When l = 3, what are the possible values for the quantum number m? l",,classified
2006-usnco-national-exam-part-i.pdf,44,8,Atomic Structure/Periodicity,The first ionization energy of cesium is 6.24´ 10-19 J/atom. What is the minimum frequency of light that is required to ionize a cesium atom?,,classified
2006-usnco-national-exam-part-i.pdf,45,8,Atomic Structure/Periodicity,"When the isoelectronic ions, Cl–, S2– and K+ are arranged in order of increasing size, which order is correct?",,classified
2006-usnco-national-exam-part-i.pdf,46,8,Atomic Structure/Periodicity,Which is most similar for the elements in a group in the periodic table?,,classified
2006-usnco-national-exam-part-i.pdf,47,8,Atomic Structure/Periodicity,How many unpaired electrons are present in a gaseous Co3+ ion in its ground state?,,classified
2006-usnco-national-exam-part-i.pdf,48,8,Atomic Structure/Periodicity,Identifying a nonradioactive nucleus,,classified
2006-usnco-national-exam-part-i.pdf,49,8,Bonding/Molecular Structure,"When the species listed are arranged in order of increasing bond angle, which order is correct?",,classified
2006-usnco-national-exam-part-i.pdf,50,8,Thermodynamics,Exothermic steps in a sodium fluoride Born-Haber cycle,Identifies signs of energy changes in a thermochemical cycle.,classified
2006-usnco-national-exam-part-i.pdf,51,8,Bonding/Molecular Structure,What is the shape of the TeF – anion? 5,,classified
2006-usnco-national-exam-part-i.pdf,52,8,Bonding/Molecular Structure,"How many sigma and pi bonds are in maleic acid, HOCCHCHCOH? 2 2",,classified
2006-usnco-national-exam-part-i.pdf,53,8,Bonding/Molecular Structure,"How many isomers exist for the octahedral compound, Pt(NH)Cl? 32 4",,classified
2006-usnco-national-exam-part-i.pdf,54,8,Bonding/Molecular Structure,What is the formal charge on the sulfur atom in SO ? 2 (Assume a Lewis dot structure in which all atoms obey the octet rule.),,classified
2006-usnco-national-exam-part-i.pdf,55,8,Organic/Biochemistry,How many structural isomers are possible for C H ? 6 14,,classified
2006-usnco-national-exam-part-i.pdf,56,8,Organic/Biochemistry,Which is an ester?,,classified
2006-usnco-national-exam-part-i.pdf,57,8,Organic/Biochemistry,Which type of reaction is typical of aromatic compounds?,,classified
2006-usnco-national-exam-part-i.pdf,58,8,Organic/Biochemistry,IUPAC naming of a branched alkene,,classified
2006-usnco-national-exam-part-i.pdf,59,9,Organic/Biochemistry,Which compound can exist in optically active forms?,,classified
2006-usnco-national-exam-part-i.pdf,60,9,Organic/Biochemistry,"How many different tripeptides can be formed from the amino acids glycine, alanine and valine if each is used only once in each tripeptide?",,classified
2005-usnco-national-exam-part-i.pdf,1,3,Descriptive/Laboratory,Which solution produces a black precipitate when added to an aqueous copper(II) solution?,,classified
2005-usnco-national-exam-part-i.pdf,2,3,Oxidation - Reduction,Reducing ability of oxides,The requested property is reducing-agent strength.,classified
2005-usnco-national-exam-part-i.pdf,3,3,Descriptive/Laboratory,Solutions of which ion produce a red color when vaporized in a Bunsen burner flame?,,classified
2005-usnco-national-exam-part-i.pdf,4,3,Descriptive/Laboratory,Which procedure for dispensing a liquid with a volumetric pipet is correct?,,classified
2005-usnco-national-exam-part-i.pdf,5,3,Descriptive/Laboratory,Which physical characteristic distinguishes copper from brass (an alloy of copper and zinc)?,,classified
2005-usnco-national-exam-part-i.pdf,6,3,Descriptive/Laboratory,Which diagram best represents the change in electrical conductivity of a solution of acetic acid as a solution of sodium hydroxide is added?,,classified
2005-usnco-national-exam-part-i.pdf,7,3,Stoichiometry/Solutions,"Methylamine, CHNH, reacts with O to form CO , N, 3 2 2 2 2 and HO. What amount of O (in moles) is required to 2 2 react completely with 1.00 mol of CH NH? 3 2",,classified
2005-usnco-national-exam-part-i.pdf,8,3,Stoichiometry/Solutions,Iodine adds to the double bonds in fatty acids (one iodine molecule per double bond). How many double bonds are in a molecule of arachidonic acid (Molar mass = 304.5 g/mol) if 0.125 g of the acid require 0.417 g of iodine?,Organic iodine addition supplies the reaction; the result follows quantitative mole ratios.,classified
2005-usnco-national-exam-part-i.pdf,9,3,States Of Matter,Pressure and temperature effects on gas solubility,Tests physical dissolution of gases rather than amount-of-solute arithmetic.,classified
2005-usnco-national-exam-part-i.pdf,10,3,Stoichiometry/Solutions,A mineral containing only manganese and oxygen contains 69.6% Mn by mass. What is its empirical formula?,,classified
2005-usnco-national-exam-part-i.pdf,11,4,Stoichiometry/Solutions,"Toluene, CH, is added to gasoline to increase its octane 7 8 rating. What is the volume ratio of air to toluene vapor to burn completely to form CO and H O? (Assume air is 2 2 20% O by volume.) 2",,classified
2005-usnco-national-exam-part-i.pdf,12,4,Stoichiometry/Solutions,"Acidified solutions of dichromate ion, Cr O2-, oxidize 2 7 Fe2+ to Fe3+, forming Cr3+ in the process. What volume of 0.175 M K CrO in mL is required to oxidize 60.0 mL of 2 2 7 0.250 M FeSO? 4",,classified
2005-usnco-national-exam-part-i.pdf,13,4,States Of Matter,Which property is the same for 1.0 g samples of H2 and CH4 in separate 1.0 L containers at 25 ˚C?,,classified
2005-usnco-national-exam-part-i.pdf,14,4,States Of Matter,"When CsI, SiO, CH OH and C H are listed in order of 2 3 3 8 increasing melting point, which is the correct order?",,classified
2005-usnco-national-exam-part-i.pdf,15,4,Thermodynamics,Relative vaporization enthalpies from vapor-pressure plots,Interprets temperature dependence to compare enthalpies of vaporization.,classified
2005-usnco-national-exam-part-i.pdf,16,4,States Of Matter,An unknown gas effuses through a pin-hole in a container at a rate of 7.2 mmol/s. Under the same conditions gaseous oxygen effuses at a rate of 5.1 mmol/s. What is the molar mass (in g/mol) of the unknown gas?,,classified
2005-usnco-national-exam-part-i.pdf,17,4,States Of Matter,"When NaF, MgO, KCl and CaS are listed in order of increasing lattice energy, which order is correct?",Lattice-energy ordering is interpreted as an ionic-solid property.,classified
2005-usnco-national-exam-part-i.pdf,18,4,States Of Matter,When compared to most I. boiling point other substances of similar II. specific heat capacity molar mass the values of III. surface tension which properties of liquid HO are unusually large? 2,,classified
2005-usnco-national-exam-part-i.pdf,19,4,Thermodynamics,Calculate ∆H˚ for the reaction; ∆Hf˚ kJ/mol TiCl(g) + 2H O(l) TiCl(g) –763 4 2 4 r TiO (s) + 4HCl(g) HO(l) –286 2 2 TiO(s) –945 2 HCl(g) –92,,classified
2005-usnco-national-exam-part-i.pdf,20,4,Thermodynamics,Use bond energies to estimate the Bond Energies value of ∆H˚ for the reaction; kJ/mol N(g) + 3H (g) r 2NH (g) H-H 436 2 2 3 H-N 386 N-N 193 N=N 418 N≡N 941,,classified
2005-usnco-national-exam-part-i.pdf,21,4,Thermodynamics,Internal energy versus enthalpy for gaseous nitrogen and oxygen forming nitrogen dioxide,,classified
2005-usnco-national-exam-part-i.pdf,22,4,Thermodynamics,Spontaneity of endothermic nitrogen dioxide formation from nitrogen and oxygen,,classified
2005-usnco-national-exam-part-i.pdf,23,5,Thermodynamics,Diethyl ether has a normal boiling point of 35.0 ˚C and has an entropy of vaporization of 84.4 J/mol.K. What is its enthalpy of vaporization?,,classified
2005-usnco-national-exam-part-i.pdf,24,5,Thermodynamics,A 9.40 g sample of Solution Properties KBr is dissolved in 105 Molar mass KBr 119 g/mol g of H O at 23.6 ˚C in a ∆H KBr 19.9 kJ/mol 2 soln coffee cup. Find the C solution 4.184 J/g˚C p final temperature of this system. Assume that no heat is transferred to the cup or the surroundings.,,classified
2005-usnco-national-exam-part-i.pdf,25,5,Kinetics,"For the reaction A r B which is I. rate first order in A, which of the II. rate constant following change as the III. Half–life concentration of A changes?",,classified
2005-usnco-national-exam-part-i.pdf,26,5,Kinetics,The equation and rate law for the gas phase reaction between NO and H are; 2 2NO(g) + 2H (g) r N (g) + 2H O(g) 2 2 2 Rate = k[NO]2[H ] 2 What are the units of k if time is in seconds and the concentration is in moles per liter?,,classified
2005-usnco-national-exam-part-i.pdf,27,5,Kinetics,At a given temperature a first-order reaction has a rate constant of 3.33×10-3 s-1. How much time is required for the reaction to be 75% complete?,,classified
2005-usnco-national-exam-part-i.pdf,28,5,Kinetics,Most reactions occur more I. activation energy rapidly at high temperatures II. collision energy than at low temperatures. This III. rate constant is consistent with an increase in which property at higher temperatures?,,classified
2005-usnco-national-exam-part-i.pdf,29,5,Kinetics,Which graph is diagnostic of an irreversible second order reaction A r B?,,classified
2005-usnco-national-exam-part-i.pdf,30,5,Kinetics,The reaction; 2NO(g) + 2H(g) r 2H O(g) + N (g) 2 2 2 obeys the rate equation Rate = k[NO]2[H ] 2 This mechanism has been proposed: 1. 2NO(g) r N O(g) 2 2 2. NO(g) + H (g) r 2HON(g) 2 2 2 3. HON(g) + H(g) r H O(g) + HN(g) 2 2 4. HN(g) + HON(g) r N(g) + H O(g) 2 2 Which step of the mechanism is the rate-determining step?,,classified
2005-usnco-national-exam-part-i.pdf,31,5,Equilibrium,For the hypothetical equilibrium reactions; A s B K = 2.0 B s C K = 0.010 What is the value of K for the reaction; 2C s 2A?,,classified
2005-usnco-national-exam-part-i.pdf,32,5,Equilibrium,For which I. 2N(g) + O (g) s 2N O(g) 2 2 2 reaction is II. C(s) + O(g) s CO (g) K = K ? 2 2 p c III. NO(g) s 2NO(g) 2 4 2,,classified
2005-usnco-national-exam-part-i.pdf,33,5,Equilibrium,What is the pH of a 0.010 M solution of a weak acid HA that is 4.0% ionized?,,classified
2005-usnco-national-exam-part-i.pdf,34,6,Equilibrium,"Given the acid ionization Acid Ionization Constant, K a constants, when the HClO 3.5×10-8 conjugate bases are HClO 1.2×10-2 2 arranged in order of HCN 6.2×10-10 increasing base strength, HPO – 6.2×10-8 2 4 which order is correct?",,classified
2005-usnco-national-exam-part-i.pdf,35,6,Equilibrium,"Calculate the Base Ionization Constant, K b concentration of NH 1.8×10-5 3 hydrogen ion in mol/L of a 0.010 M solution of NH4Cl.",,classified
2005-usnco-national-exam-part-i.pdf,36,6,Equilibrium,For the reaction; PbI (s) s Pb2+(aq) + 2I–(aq) K = 8.4×10-9 2 sp What is the concentration of Pb2+ in mol/L in a saturated solution of PbI 2 in which [I–] = 0.01 M?,,classified
2005-usnco-national-exam-part-i.pdf,37,6,Oxidation - Reduction,"Which statement is correct about the electrochemical cell represented here? Ag | Ag+ || NO–, NO | Pt 3",,classified
2005-usnco-national-exam-part-i.pdf,38,6,Oxidation - Reduction,The overall reaction for the lead storage battery when it discharges is; Pb(s) + PbO (s) + 4H+(aq) + 2SO2-(aq) 2 4 r 2PbSO (s) + 2HO(l) 4 2 I. PbSO is formed only at the cathode. 4 II. The density of the solution decreases. Which statement(s) correctly describe(s) the battery as it discharges?,,classified
2005-usnco-national-exam-part-i.pdf,39,6,Oxidation - Reduction,The standard reduction potential for H+(aq) is 0.00 V. What is the reduction potential for a 1×10-3 M HCl solution?,,classified
2005-usnco-national-exam-part-i.pdf,40,6,Oxidation - Reduction,"What is the Standard Reduction Potential, V approximate value Ag+(aq) + e– r Ag(s) +0.80 of the equilibrium Cr3+(aq) + 3e– r Cr(s) –0.74 constant, K , at 25 oC for the reaction; eq 3Ag+(aq) + Cr(s) r Cr3+(aq) + 3Ag(s)",,classified
2005-usnco-national-exam-part-i.pdf,41,6,Oxidation - Reduction,Which products are formed by the electrolysis of an aqueous solution of AlCl? 3 I. Al(s) II. Cl(g) III. H(g) IV. O(g) 2 2 2,,classified
2005-usnco-national-exam-part-i.pdf,42,6,Oxidation - Reduction,A current of 0.20 amps is passed through an aqueous solution of nickel(II) nitrate for 45.0 minutes. What mass of Ni metal (in grams) will be deposited?,,classified
2005-usnco-national-exam-part-i.pdf,43,6,Atomic Structure/Periodicity,How many orbitals are in an atomic sublevel with l = 3?,,classified
2005-usnco-national-exam-part-i.pdf,44,6,Atomic Structure/Periodicity,A ground state gaseous atom of which element has the greatest number of unpaired electrons?,,classified
2005-usnco-national-exam-part-i.pdf,45,6,Atomic Structure/Periodicity,An atom of which element has the highest s e con d ionization energy?,,classified
2005-usnco-national-exam-part-i.pdf,46,6,Atomic Structure/Periodicity,Which of these properties I. atomic radius increase across the period II. density from Na to Cl? III. electronegativity,,classified
2005-usnco-national-exam-part-i.pdf,47,6,Atomic Structure/Periodicity,"For the elements in group 14 (C to Pb), which property increases with increasing atomic number?",,classified
2005-usnco-national-exam-part-i.pdf,48,6,Atomic Structure/Periodicity,What mode of radioactive decay is most likely for the isotope20Na? 11,,classified
2005-usnco-national-exam-part-i.pdf,49,7,Bonding/Molecular Structure,Oxygen gas is paramagnetic. This observation is best explained by,,classified
2005-usnco-national-exam-part-i.pdf,50,7,Bonding/Molecular Structure,What is the geometry of the iodine atoms in the I- ion? 3,,classified
2005-usnco-national-exam-part-i.pdf,51,7,Bonding/Molecular Structure,Which species has a dipole moment other than zero?,,classified
2005-usnco-national-exam-part-i.pdf,52,7,Bonding/Molecular Structure,"In the Lewis structure what are 2– the formal charges on the sulfur O and oxygen atoms, respectively? O S O O",,classified
2005-usnco-national-exam-part-i.pdf,53,7,Bonding/Molecular Structure,How many different isomers exist for the octahedral complex [Co(NH)Cl]+? 34 2,,classified
2005-usnco-national-exam-part-i.pdf,54,7,Bonding/Molecular Structure,Which order is correct when the species are arranged in order of increasing average N-O bond length?,,classified
2005-usnco-national-exam-part-i.pdf,55,7,Organic/Biochemistry,All of the classes of compounds contain at least one oxygen atom E X CEPT,,classified
2005-usnco-national-exam-part-i.pdf,56,7,Organic/Biochemistry,What is the most characteristic reaction of benzene?,,classified
2005-usnco-national-exam-part-i.pdf,57,7,Organic/Biochemistry,Which organic acid is the strongest?,,classified
2005-usnco-national-exam-part-i.pdf,58,7,Organic/Biochemistry,How many structurally isomeric alcohols have the formula C HOH? 4 9,,classified
2005-usnco-national-exam-part-i.pdf,59,7,Organic/Biochemistry,Which compound can exist as two optical isomers?,,classified
2005-usnco-national-exam-part-i.pdf,60,7,Organic/Biochemistry,Which type of dietary fat is currently considered the least harmful?,,classified
2004-usnco-national-exam-part-i.pdf,1,3,Descriptive/Laboratory,Which element is obtained commercially from seawater?,,classified
2004-usnco-national-exam-part-i.pdf,2,3,Descriptive/Laboratory,Which solution can serve as both reactant and indicator when it is used in redox titrations?,,classified
2004-usnco-national-exam-part-i.pdf,3,3,Descriptive/Laboratory,What is formed when a solution of NH NO is heated 4 2 gently?,,classified
2004-usnco-national-exam-part-i.pdf,4,3,Descriptive/Laboratory,Which method should be used to extinguish burning magnesium metal?,,classified
2004-usnco-national-exam-part-i.pdf,5,3,Descriptive/Laboratory,Which letter indicates A where a thermometer should be placed to determine the boiling point of a distillate? C B D,,classified
2004-usnco-national-exam-part-i.pdf,6,3,Descriptive/Laboratory,A 50 mL sample of gas is collected over water. What will be the effect on the calculated molar mass of the gas if the effect of the water vapor is ignored? It will be,,classified
2004-usnco-national-exam-part-i.pdf,7,3,Stoichiometry/Solutions,A 1.871 gram sample of an unknown metallic carbonate is decomposed by heating to form the metallic oxide and 0.656 g of carbon dioxide according to the equation MCO (s) r MO(s) + CO(g) 3 2 What is the metal?,,classified
2004-usnco-national-exam-part-i.pdf,8,3,Oxidation - Reduction,Balancing bromine disproportionation in base,Requires oxidation-state changes and redox balancing.,classified
2004-usnco-national-exam-part-i.pdf,9,3,Stoichiometry/Solutions,"An ionic compound contains 29.08% sodium, 40.56% sulfur and 30.36% oxygen by mass. What is the formula of the sulfur-containing anion in the compound?",,classified
2004-usnco-national-exam-part-i.pdf,10,3,Stoichiometry/Solutions,A solution is prepared Vapor pressure (mmHg) containing a 2:1 mol ratio of C HBr 173 dibromoethane (CHBr) and 2 4 2 2 4 2 dibromopropane (C HBr). 3 6 2 C HBr 127 What is the total 3 6 2 vapor pressure over the solution assuming ideal behavior?,,classified
2004-usnco-national-exam-part-i.pdf,11,3,Stoichiometry/Solutions,A solution of magnesium chloride that is 5.10% magnesium by mass has a density 1.17 g/mL. How many moles of Cl- ions are in 300. mL of the solution?,,classified
2004-usnco-national-exam-part-i.pdf,12,3,Stoichiometry/Solutions,Which aqueous solution has a freezing point closest to that of 0.30 M C H O ? 12 22 11,,classified
2004-usnco-national-exam-part-i.pdf,13,4,States Of Matter,Properties changing when temperature of a fixed-volume gas increases,,classified
2004-usnco-national-exam-part-i.pdf,14,4,States Of Matter,Which gas has the same density at 546 ˚C and 1.50 atm as that of O gas at STP? 2,,classified
2004-usnco-national-exam-part-i.pdf,15,4,States Of Matter,Which plot involving vapor pressure (VP) and absolute temperature results in a straight line?,,classified
2004-usnco-national-exam-part-i.pdf,16,4,Thermodynamics,Boiling point from vaporization enthalpy and entropy,Uses Gibbs free energy and phase-transition thermodynamic data.,classified
2004-usnco-national-exam-part-i.pdf,17,4,States Of Matter,What is the order of the boiling points (from lowest to highest) for the hydrogen halides?,,classified
2004-usnco-national-exam-part-i.pdf,18,4,States Of Matter,"Of the three types of cubic lattices, which have the highest and lowest densities for the same atoms? Highest Lowest",,classified
2004-usnco-national-exam-part-i.pdf,19,4,Thermodynamics,For which reaction is ∆H (enthalpy change) most nearly equal to ∆E (internal energy change)?,,classified
2004-usnco-national-exam-part-i.pdf,20,4,Thermodynamics,"Which is the best description of the relationship between the absolute entropies, S˚, of solid water at 100 K and at 200 K?",,classified
2004-usnco-national-exam-part-i.pdf,21,4,Thermodynamics,"For the reaction, Bond dissociation kJ.mol-1 CH + Cl energies 4 2 r CHCl + HCl C-H 413 3 which expression C-Cl 328 gives ∆H? Cl-Cl 242 H-Cl 431",,classified
2004-usnco-national-exam-part-i.pdf,22,4,Thermodynamics,Which phase change for water has positive values for both ∆H˚ and ∆G˚?,,classified
2004-usnco-national-exam-part-i.pdf,23,4,Thermodynamics,"When solid CuSO dissolves in water to make a 1M 4 solution, the temperature of the system increases. When solid NHNO dissolves in water to make a 1 M solution, 4 3 the temperature of the system decreases. Which ...  I ∆H˚ values for both processes have the same sign. II ∆G˚ values for both processes have the same sign.",,classified
2004-usnco-national-exam-part-i.pdf,24,4,Oxidation - Reduction,Consistency of cell potential and Gibbs energy signs,Tests the electrochemical relationship between cell potential and Gibbs energy.,classified
2004-usnco-national-exam-part-i.pdf,25,4,Kinetics,The rate constant for I increase in temperature a reaction is affected II concentration of the reactants by which factors? III presence of a catalyst,,classified
2004-usnco-national-exam-part-i.pdf,26,5,Kinetics,"The rate data given were obtained for the reaction, 2NO(g) + 2H (g) r N(g) + 2H O(g) 2 2 2 What is the rate law for this reaction? NO pressure (atm) H pressure (atm) Rate (atm.sec-1) 2 0.375 0.500 6.43 × 10-4 0.375 0.250 3.15 × 10-4 0.188 0.500 1.56 × 10-4",,classified
2004-usnco-national-exam-part-i.pdf,27,5,Kinetics,Reaction order from integrated-rate plots,,classified
2004-usnco-national-exam-part-i.pdf,28,5,Kinetics,What is the rate law for the hypothetical reaction with the mechanism shown? 2A s intermediate 1 fast equilibrium intermediate 1 + B r intermediate 2 slow intermediate 2 + B r AB fast 2 2,,classified
2004-usnco-national-exam-part-i.pdf,29,5,Kinetics,"According to the Arrhenius equation: k = Ae-Ea/RT, a plot of ln k against 1/T yields",,classified
2004-usnco-national-exam-part-i.pdf,30,5,Kinetics,Rate saturation at high reactant concentration in catalytic reactions,,classified
2004-usnco-national-exam-part-i.pdf,31,5,Equilibrium,"HS(aq) s H+(aq) + HS-(aq) K = 9.5 × 10-8 2 HS-(aq) s H+(aq) + S2–(aq) K = 1.0 × 10-19 Given the equilibrium constants provided, what is the equilibrium constant for the reaction; S2–(aq) + 2H+(aq) s H S(aq) K = ? 2",,classified
2004-usnco-national-exam-part-i.pdf,32,5,Equilibrium,"Calculate the hydronium ion concentration in 50.0 mL of 0.10 M NaHAsO. 2 4 (K = 6.0 × 10-3, K = 1.1 × 10-7 K = 3.0 × 10-12) 1 2 3",,classified
2004-usnco-national-exam-part-i.pdf,33,5,Equilibrium,"When the acids; HClO, HBO, HPO, are arranged in 3 3 3 3 4 order of increasing strength, which order is correct?",,classified
2004-usnco-national-exam-part-i.pdf,34,5,Equilibrium,A buffer solution results from mixing equal volumes of which solutions? I 0.10 M HCl and 0.20 M NH 3 II 0.10 M HNO and 0.10 M NaNO 2 2 III 0.20 M HCl and 0.10 M NaCl,,classified
2004-usnco-national-exam-part-i.pdf,35,5,Equilibrium,"A solution is 0.10 M in Ag+, Ca2+, Mg2+, and Al3+ ions. Which compound will precipitate at the lowest [PO3-] 4 when a solution of NaPO is added? 3 4",,classified
2004-usnco-national-exam-part-i.pdf,36,5,Equilibrium,Which salt is significantly more soluble in a strong acid than in water?,,classified
2004-usnco-national-exam-part-i.pdf,37,5,Oxidation - Reduction,"What is the standard cell potential for the reaction, 2Cr(s) + 3Sn2+(aq) r 3Sn(s) + 2Cr3+(aq) given the E˚ values shown? Cr3+(aq) + 3e- r Cr(s) -0.744 V Sn2+(aq) + 2e- r Sn(s) -0.141 V",,classified
2004-usnco-national-exam-part-i.pdf,38,6,Oxidation - Reduction,How many electrons are needed in the balanced half- reaction for the oxidation of ethanol to acetic acid? C HOH r CH COOH 2 5 3,,classified
2004-usnco-national-exam-part-i.pdf,39,6,Oxidation - Reduction,Which is the weakest oxidizing agent in a 1 M aqueous solution?,,classified
2004-usnco-national-exam-part-i.pdf,40,6,Oxidation - Reduction,The standard potential for the reaction Cl(g) + 2Br -(aq) ---> Br(l) + 2Cl-(aq) 2 2 is 0.283 volts. What is the equilibrium constant for this reaction at 25 ˚C?,,classified
2004-usnco-national-exam-part-i.pdf,41,6,Oxidation - Reduction,"When an aqueous solution of potassium fluoride is electrolyzed, which of the following occurs?",,classified
2004-usnco-national-exam-part-i.pdf,42,6,Oxidation - Reduction,A CuSO solution is electrolyzed for 20. minutes with a 4 current of 2.0 ampere. What is the maximum mass of copper that could be deposited?,,classified
2004-usnco-national-exam-part-i.pdf,43,6,Atomic Structure/Periodicity,Which experimental evidence most clearly supports the suggestion that electrons have wave properties?,,classified
2004-usnco-national-exam-part-i.pdf,44,6,Atomic Structure/Periodicity,Which quantum number determines the number of angular nodes in an atomic orbital?,,classified
2004-usnco-national-exam-part-i.pdf,45,6,Atomic Structure/Periodicity,Which element exhibits the greatest number of oxidation states in its compounds?,,classified
2004-usnco-national-exam-part-i.pdf,46,6,Atomic Structure/Periodicity,"Of the elements given, which has the lowest ionization energy?",,classified
2004-usnco-national-exam-part-i.pdf,47,6,Atomic Structure/Periodicity,How many unpaired electrons are in a gaseous Fe2+ ion in its ground state?,,classified
2004-usnco-national-exam-part-i.pdf,48,6,Atomic Structure/Periodicity,Which species is most likely to lose a positron (β+)?,,classified
2004-usnco-national-exam-part-i.pdf,49,6,Bonding/Molecular Structure,"According to the Lewis dot O C N structure shown, what are the formal charges of the O, C and N atoms, respectively, in the cyanate ion?",,classified
2004-usnco-national-exam-part-i.pdf,50,6,Bonding/Molecular Structure,The hybridization of As in AsF is best described as 5,,classified
2004-usnco-national-exam-part-i.pdf,51,6,Bonding/Molecular Structure,In which species do the atoms NOT lie in a single plane?,,classified
2004-usnco-national-exam-part-i.pdf,52,6,Atomic Structure/Periodicity,Periodic stability of group 2 carbonates,Compares carbonate decomposition across group 2; cation size and polarizing power underpin the periodic trend.,classified
2004-usnco-national-exam-part-i.pdf,53,6,Bonding/Molecular Structure,The color of Co(HO) 2+ is best attributed to electronic 2 6 transitions,,classified
2004-usnco-national-exam-part-i.pdf,54,6,Bonding/Molecular Structure,"When the carbon-oxygen bonds in the species; CHOH, CH O and CHO - are arranged in order of increasin 3 g 2 2 length, which is the correct order?",,classified
2004-usnco-national-exam-part-i.pdf,55,7,Organic/Biochemistry,"How many different trichlorobenzenes, C HCl, can be 6 3 3 formed?",,classified
2004-usnco-national-exam-part-i.pdf,56,7,Organic/Biochemistry,What organic product is formed from the mild oxidation of a secondary alcohol?,,classified
2004-usnco-national-exam-part-i.pdf,57,7,Organic/Biochemistry,"The compound with the formula, H NCH CHCOOH, is 2 2 2 best classified as a(n)",,classified
2004-usnco-national-exam-part-i.pdf,58,7,Organic/Biochemistry,The reaction between which pair of reactants occurs the fastest for [OH-] = 0.010 M?,Relative reaction rates are compared through alkyl-halide structure and substitution chemistry.,classified
2004-usnco-national-exam-part-i.pdf,59,7,Organic/Biochemistry,What is the major organic product formed from the reaction of CHCH=CH and HCl? 3 2,,classified
2004-usnco-national-exam-part-i.pdf,60,7,Organic/Biochemistry,Fats and oils are formed from the combination of fatty acids with what other compound?,,classified
2003-usnco-national-exam-part-i.pdf,1,3,Descriptive/Laboratory,"In an experiment to determine the percentage of water in a solid hydrate by heating, what is the best indication that all the water has been removed?",,classified
2003-usnco-national-exam-part-i.pdf,2,3,States Of Matter,Freezing point from a supercooling curve,Interprets liquid-solid phase behavior.,classified
2003-usnco-national-exam-part-i.pdf,3,3,Descriptive/Laboratory,What is the proper way to dispose of a two milliliter sample of hexane after completing experiments with it?,,classified
2003-usnco-national-exam-part-i.pdf,4,3,Oxidation - Reduction,Anion capable of both oxidation and reduction,Tests whether the central element can increase or decrease its oxidation state.,classified
2003-usnco-national-exam-part-i.pdf,5,3,Stoichiometry/Solutions,"Empirical formula from carbon, hydrogen and oxygen percentages",A direct elemental-composition calculation.,classified
2003-usnco-national-exam-part-i.pdf,6,3,Descriptive/Laboratory,Recrystallized solute mass from a solubility curve,A solubility curve supports a recrystallization experiment; retained with laboratory analysis.,classified
2003-usnco-national-exam-part-i.pdf,7,3,Stoichiometry/Solutions,Water-level displacement from masses and densities,The requested volume displacement is computed from sample mass and density.,classified
2003-usnco-national-exam-part-i.pdf,8,3,Stoichiometry/Solutions,"Diborane, B H, can be prepared by the reaction; 2 6 3NaBH + 4BF r 3NaBF + 2BH 4 3 4 2 6 If this reaction has a 70 percent yield, how many moles of NaBH should be used with excess BF in order to 4 3 obtain 0.200 mol of BH? 2 6",,classified
2003-usnco-national-exam-part-i.pdf,9,3,Stoichiometry/Solutions,What volume of 6.0 M HSO should be mixed with 2 4 10.L of 1.0 M HSO to make 20. L of 3.0 M H SO 2 4 2 4 upon dilution to volume?,,classified
2003-usnco-national-exam-part-i.pdf,10,3,Stoichiometry/Solutions,An aqueous solution that is 30.0% NaOH by mass has a density of 1.33 g.mL-1. What is the molarity of NaOH in this solution?,,classified
2003-usnco-national-exam-part-i.pdf,11,4,States Of Matter,Temperature and pressure dependence of gas solubility,Tests physical properties of gases dissolved in liquids.,classified
2003-usnco-national-exam-part-i.pdf,12,4,Stoichiometry/Solutions,"Benzene melts at 5.50 ˚C and has a freezing point depression constant of 5.10 ˚C.m-1. Calculate the freezing point of a solution that contains 0.0500 mole of acetic acid, CH COOH, in 125 g of benzene if acetic acid forms 3 a dimer in this solvent.",,classified
2003-usnco-national-exam-part-i.pdf,13,4,States Of Matter,A 200. mL sample of a gaseous hydrocarbon has a density of 2.53 g.L-1 at 55 ˚C and 720 mmHg. What is its formula?,,classified
2003-usnco-national-exam-part-i.pdf,14,4,Thermodynamics,Enthalpy of vaporization from vapor pressures,A Clausius-Clapeyron thermodynamic calculation.,classified
2003-usnco-national-exam-part-i.pdf,15,4,States Of Matter,"Sulfur and fluorine form SF 6 and Molar Mass g.mol-1 S F , both of which are gases at 2 10 30 ˚C. When an equimolar SF 146 6 mixture of them is allowed to S F 254 effuse through a pinhole, what is 2 10 the ratio SF /S F in the first sample that escapes? 6 2 10",,classified
2003-usnco-national-exam-part-i.pdf,16,4,States Of Matter,The volumes of real gases often exceed those calculated by the ideal gas equation. These deviations are best attributed to the,,classified
2003-usnco-national-exam-part-i.pdf,17,4,States Of Matter,The electrical conductivity of a solid is slight at 25 ˚C and much greater at 125 ˚C. The solid is most likely a(n),,classified
2003-usnco-national-exam-part-i.pdf,18,4,States Of Matter,"According to the phase diagram, what would be the effect of increasing the pressure on this substance?",,classified
2003-usnco-national-exam-part-i.pdf,19,4,Thermodynamics,"When the substances below are arranged in order of increasing entropy values, S˚, at 25 ˚C which is the correct order?",,classified
2003-usnco-national-exam-part-i.pdf,20,4,Thermodynamics,When 50. mL of 0.10 M HCl is mixed with 50. mL of 0.10 M NaOH the temperature of the solution increases by 3.0 ˚C. Calculate the ∆H per mole of HCl. neutralization (The solution has a density = 1.0 g.mL-1 and C = 4.2 J.g-1.˚C-1) p,,classified
2003-usnco-national-exam-part-i.pdf,21,4,Thermodynamics,"The combustion of 0.200 mol of ∆H˚ kJ.mol-1 f liquid carbon disulfide, CS , to 2 give CO 2 (g) and SO 2 (g) releases CO 2 (g) -393.5 2 C 1 S 5 ( k l) J i o n f k h J e .m at. o W l-1? h at is ∆H f ˚ for SO 2 (g) -296.8 2",,classified
2003-usnco-national-exam-part-i.pdf,22,4,Thermodynamics,For the reaction: 2NO 2(g) r N 2 O 4(g) ∆H < 0. What predictions can be made about the sign of ∆S and the temperature conditions under which the reaction would be spontaneous? ∆Srxn Temperature Condition,,classified
2003-usnco-national-exam-part-i.pdf,23,5,Thermodynamics,"As ∆G˚ for a reaction changes from a large negative value to a large positive value, K for the reaction will change from",Tests the thermodynamic relationship between standard Gibbs energy and equilibrium.,classified
2003-usnco-national-exam-part-i.pdf,24,5,Thermodynamics,∆E˚ is measured at constant volume and ∆H˚ is measured at constant pressure. For the reaction; 2C(s) + O(g) r 2CO(g) ∆H˚ < 0 kJ 2 How do the ∆E˚ and ∆H˚ compare for this reaction?,,classified
2003-usnco-national-exam-part-i.pdf,25,5,Kinetics,Which statement about second order reactions is correct?,,classified
2003-usnco-national-exam-part-i.pdf,26,5,Kinetics,A first order reaction has a rate constant of 0.0541 s-1 at 25 ˚C. What is the half-life for this reaction?,,classified
2003-usnco-national-exam-part-i.pdf,27,5,Kinetics,The reaction between NO and I is second-order in NO 2 and first-order in I . What change occurs in the rate of the 2 reaction if the concentration of each reactant is tripled?,,classified
2003-usnco-national-exam-part-i.pdf,28,5,Kinetics,"For the rate equation, Rate = k[A][B]2, what are the units for the rate constant, k, if the rate is given in mol.L-1.sec-1?",,classified
2003-usnco-national-exam-part-i.pdf,29,5,Kinetics,For the reaction 2A + 2B r Product the rate law is Rate = k[A][B]2. Which mechanism is consistent with this information?,,classified
2003-usnco-national-exam-part-i.pdf,30,5,Kinetics,Which straight line gives the activation energy for a reaction?,,classified
2003-usnco-national-exam-part-i.pdf,31,5,Equilibrium,"Based on the equilibrium constant for the reaction below, 2SO (g) s 2SO (g) + O (g) K = 1.8 × 10-5 3 2 2 what is the equilibrium constant for the reaction SO (g) + 1/2O (g) s SO (g) K = ? 2 2 3",,classified
2003-usnco-national-exam-part-i.pdf,32,5,Kinetics,Reverse rate constant from forward constant and equilibrium constant,The requested quantity is a kinetic rate constant.,classified
2003-usnco-national-exam-part-i.pdf,33,5,Equilibrium,"Calculate the [H+] in a 0.25 M solution of methylamine, CH NH (K = 4.4 × 10-4). 3 2 b",,classified
2003-usnco-national-exam-part-i.pdf,34,5,Equilibrium,"A 0.010 M solution of a weak acid, HA, is 0.40% ionized. What is its ionization constant?",,classified
2003-usnco-national-exam-part-i.pdf,35,6,Equilibrium,"1.0 L of an aqueous solution in which [H CO ] = [HCO-] = 0.10 M, has [H+] = 4.2 × 10-7. What 2 3 3 is the [H+] after 0.005 mole of NaOH has been added?",,classified
2003-usnco-national-exam-part-i.pdf,36,6,Equilibrium,A solution of Pb(NO) is added dropwise to a second 3 2 solution in which [Cl-] = [F-] = [I-] = [SO2-] = 0.001 M. 4 What is the first precipitate that forms?,,classified
2003-usnco-national-exam-part-i.pdf,37,6,Oxidation - Reduction,Cl + OH- r Cl- + ClO- What is the 2 coefficient for OH- wh 3 en this equation is balanced with the smallest integer coefficients?,,classified
2003-usnco-national-exam-part-i.pdf,38,6,Oxidation - Reduction,Use the standard reduction potentials; Sn2+(aq) + 2e– r Sn(s) E˚ = -0.141 V Ag+(aq) + e– r Ag(s) E˚ = 0.800 V to calculate E˚ for the reaction; Sn(s) + 2Ag+(aq) r Sn2+(aq) + 2Ag(s),,classified
2003-usnco-national-exam-part-i.pdf,39,6,Oxidation - Reduction,Which of the 1. H(g) is produced 2 processes happen 2. PbO is converted to PbSO during the 2 4 discharging of a lead 3. The density of the electrolyte storage battery? solution decreases,,classified
2003-usnco-national-exam-part-i.pdf,40,6,Oxidation - Reduction,What is the value of ∆G˚ for the reaction? 2Al(s) + 3Cu2+(aq) r 2Al3+(aq) + 3Cu(s) E˚ = 2.02 V,,classified
2003-usnco-national-exam-part-i.pdf,41,6,Oxidation - Reduction,The voltage for the cell Fe ❘ Fe2+(0.0010 M) ❘ ❘ Cu2+(0.10 M) ❘ Cu is 0.807 V at 25 ˚C. What is the value of E˚?,,classified
2003-usnco-national-exam-part-i.pdf,42,6,Oxidation - Reduction,A current of 2.0 A is used to plate Ni(s) from 500 mL of a 1.0 M Ni2+(aq) solution. What is the [Ni2+] after 3.0 hours?,,classified
2003-usnco-national-exam-part-i.pdf,43,6,Atomic Structure/Periodicity,Which region of the electromagnetic spectrum is capable of inducing electron transitions with the greatest energy?,,classified
2003-usnco-national-exam-part-i.pdf,44,6,Atomic Structure/Periodicity,All of the following possess complete d shells EXCEPT,,classified
2003-usnco-national-exam-part-i.pdf,45,6,Atomic Structure/Periodicity,Which orbital fills completely immediately before the 4f?,,classified
2003-usnco-national-exam-part-i.pdf,46,6,Atomic Structure/Periodicity,"Which set of quantum numbers (n, l, m, m) is l s permissible for an electron in an atom?",,classified
2003-usnco-national-exam-part-i.pdf,47,6,Atomic Structure/Periodicity,"When the elements Li, Be, and B, are arranged in order of increasing ionization energy, which is the correct order?",,classified
2003-usnco-national-exam-part-i.pdf,48,6,Atomic Structure/Periodicity,Which forms the most alkaline solution when added to water?,Compares acid-base character of oxides across related periodic elements.,classified
2003-usnco-national-exam-part-i.pdf,49,6,Bonding/Molecular Structure,"What is the total number of valence electrons in the peroxydisulfate, S O2-, ion? 2 8",,classified
2003-usnco-national-exam-part-i.pdf,50,7,Bonding/Molecular Structure,For which species are both 1. ClO- bonds of equal length? 2. NO 2 - 2,,classified
2003-usnco-national-exam-part-i.pdf,51,7,Bonding/Molecular Structure,Which compound has the highest melting point?,Melting-point ranking is used as evidence of relative ionic bonding strengths.,classified
2003-usnco-national-exam-part-i.pdf,52,7,Bonding/Molecular Structure,Which molecular geometry is least likely to result from a trigonal bipyramidal electron geometry?,,classified
2003-usnco-national-exam-part-i.pdf,53,7,Bonding/Molecular Structure,Which diatomic species has the greatest bond strength?,,classified
2003-usnco-national-exam-part-i.pdf,54,7,Bonding/Molecular Structure,"During the complete combustion of methane, CH, what 4 change in hybridization does the carbon atom undergo?",,classified
2003-usnco-national-exam-part-i.pdf,55,7,Organic/Biochemistry,What is the formula for the CH3 compound? CH3,,classified
2003-usnco-national-exam-part-i.pdf,56,7,Organic/Biochemistry,Which is most likely to react by an S 1 mechanism? N,,classified
2003-usnco-national-exam-part-i.pdf,57,7,Organic/Biochemistry,Which substance will react most rapidly with Br (aq)? 2,,classified
2003-usnco-national-exam-part-i.pdf,58,7,Organic/Biochemistry,Which compound includes a carbon atom with an sp hybridized orbital?,Identifies an alkyne through hybridization in an organic carbon skeleton.,classified
2003-usnco-national-exam-part-i.pdf,59,7,Organic/Biochemistry,Which compound has the highest vapor pressure at 25 ˚C?,Vapor pressure is compared through organic functional-group intermolecular interactions.,classified
2003-usnco-national-exam-part-i.pdf,60,7,Organic/Biochemistry,Which of the molecules can exist as optical isomers?,,classified
2002-usnco-national-exam-part-i.pdf,1,3,Atomic Structure/Periodicity,Element with common +1 and +3 oxidation states,"Tests characteristic oxidation states/inert-pair behavior of elements, rather than a redox reaction.",classified
2002-usnco-national-exam-part-i.pdf,2,3,Descriptive/Laboratory,Which procedure is best to extinguish burning magnesium?,,classified
2002-usnco-national-exam-part-i.pdf,3,3,Descriptive/Laboratory,Which two sets of reactants best represent the amphoterism of Zn(OH) ? 2 Set 1. Zn(OH)(s) and OH–(aq) 2 Set 2. Zn(OH)(s) and HO(l) 2 2 Set 3. Zn(OH)(s) and H+(aq) 2 Set 4. Zn(OH)(s) and NH(aq) 2 3,,classified
2002-usnco-national-exam-part-i.pdf,4,3,Descriptive/Laboratory,Which of these statements about sulfur is not correct?,,classified
2002-usnco-national-exam-part-i.pdf,5,3,Stoichiometry/Solutions,Sulfuric acid molarity from mass percentage and density,Converts composition and density into solution concentration.,classified
2002-usnco-national-exam-part-i.pdf,6,3,Descriptive/Laboratory,"A weighed quantity of a gas is collected over water at 25 °C and 742 mmHg. The molar mass of the gas is to be determined at standard temperature and pressure. If the vapor pressure of water is ignored during th ... , what is the effect on the calculated pressure and calculated molar mass of the gas? pressure molar mass",,classified
2002-usnco-national-exam-part-i.pdf,7,3,Equilibrium,Acidity of aqueous hydrogen-anion salts,Compares acid-base speciation of the salts.,classified
2002-usnco-national-exam-part-i.pdf,8,3,Stoichiometry/Solutions,The mineral trona has the formula Na CO .NaHCO .2HO and a formula mass of 226 g.mol–1. Ho 2 w m 3 any mL o 3 f 2 0.125 M HCl are needed to convert all the carbonate and bicarbonate in a 0.407 g sample of trona into carbon dioxide and water?,,classified
2002-usnco-national-exam-part-i.pdf,9,3,Stoichiometry/Solutions,"The percentages by mass of C, H, and Cl in a compound are C 52.2%, H 3.7%, and Cl 44.1%. How many carbon atoms are in the simplest formula of the compound?",,classified
2002-usnco-national-exam-part-i.pdf,10,3,Stoichiometry/Solutions,4KO(s) + 2CO (g) ® 2K CO (s) + 3O(g) 2 2 2 3 2 What is the maximum volume of oxygen that can be produced when 150. mL of CO is passed over 0.500 g 2 of KO? Assume all gases are measured at 0 °C and 2 1 atm.,,classified
2002-usnco-national-exam-part-i.pdf,11,4,Stoichiometry/Solutions,The first vertical line in the diagram represents a thermometer with the boiling and freezing points for a pure solvent. The numbered lines represent possible boiling and freezing points for a solution of a non ... alues for the pure solvent? Note: The differences in temperatures are not to scale. Solvent 1 2 3 4 bp fp,,classified
2002-usnco-national-exam-part-i.pdf,12,4,States Of Matter,Partial pressures of equal-mass gas samples,Applies gas mixtures and Dalton partial pressures.,classified
2002-usnco-national-exam-part-i.pdf,13,4,States Of Matter,"According to this phase diagram, which phases can exist at pressures lower than the triple point pressure? Temperature ®",,classified
2002-usnco-national-exam-part-i.pdf,14,4,States Of Matter,"1.00 g of water is Vapor Pressure, 50 °C introduced into a 5.00 L HO 92.5 mmHg evacuated flask at 50 °C. 2 What mass of water is present as liquid when equilibrium is established?",,classified
2002-usnco-national-exam-part-i.pdf,15,4,States Of Matter,Which substance has the greatest lattice energy?,,classified
2002-usnco-national-exam-part-i.pdf,16,4,States Of Matter,"When the temperature of a sample of HS gas is lowered, 2 the pressure decreases more than predicted by the ideal gas equation. To what is this deviation from expected behavior due? 1. attractive forces between molecules 2. mass of the molecules 3. volume of the molecules",,classified
2002-usnco-national-exam-part-i.pdf,17,4,States Of Matter,Heat of fusion from a heating curve,,classified
2002-usnco-national-exam-part-i.pdf,18,4,Thermodynamics,Heat and work in coffee-cup and bomb calorimeters,Tests the thermodynamic constraints of constant-pressure and constant-volume calorimetry.,classified
2002-usnco-national-exam-part-i.pdf,19,4,Thermodynamics,"Consider this reaction. 4PH (g) + 8O(g) ® P O (s) + 6HO(g) D Ho= –4500 kJ 3 2 4 10 2 Calculate D Ho f of P 4 O 10 (s) in kJ·mol–1. Substance D Ho, kJ·mol–1 f PH (g) +9.2 3 HO(g) –241.8 2",,classified
2002-usnco-national-exam-part-i.pdf,20,4,Thermodynamics,For which substances and conditions can So = 0? I. elements at 0 K II. compounds at 0 K III. gases at 298 K,,classified
2002-usnco-national-exam-part-i.pdf,21,5,Thermodynamics,50.0 mL of 0.10 M HCl is Solution Values mixed with 50.0 mL of 0.10 M NaOH. The C 4.18 J·g–1·°C–1 p solution temperature rises density 1.0 g·mL–1 by 3.0 °C. Calculate the enthalpy of neutralization per mole of HCl.,,classified
2002-usnco-national-exam-part-i.pdf,22,5,Thermodynamics,Enthalpy and entropy from a Gibbs-energy versus temperature graph,,classified
2002-usnco-national-exam-part-i.pdf,23,5,Thermodynamics,"The boiling point of chloroform, CHCl, is 61.7 °C and 3 its enthalpy of vaporization is 31.4 kJ·mol–1. Calculate the molar entropy of vaporization for chloroform.",,classified
2002-usnco-national-exam-part-i.pdf,24,5,Thermodynamics,D Go for a reaction at 25 °C is 30.5 kJ·mol–1. What is the value of K?,Converts standard Gibbs energy into an equilibrium constant.,classified
2002-usnco-national-exam-part-i.pdf,25,5,Kinetics,This is the rate law for a reaction that consumes X. rate = k [X]2 Which plot gives a straight line?,,classified
2002-usnco-national-exam-part-i.pdf,26,5,Kinetics,"For a first order reaction, the concentration decreases to 30% of its initial value in 5.0 min. What is the rate constant?",,classified
2002-usnco-national-exam-part-i.pdf,27,5,Kinetics,The rate of a reaction at 75 °C is 30.0 times that at 25 °C. What is its activation energy?,,classified
2002-usnco-national-exam-part-i.pdf,28,5,Kinetics,"6I–(aq) + BrO –(aq) + 6H+(aq) ® 3I (aq) + Br–(aq) + 3HO(l) 3 2 2 These data were obtained when this reaction was studied. [I–], M [BrO –], M [H+], M Reaction rate, 3 mol·L–1·s–1 0.0010 0.0020 0.010 8.0 ´ 10–5 0 ... .010 1.6 ´ 10–4 0.0010 0.0040 0.020 1.6 ´ 10–4 What are the units of the rate constant for this reaction?",,classified
2002-usnco-national-exam-part-i.pdf,29,5,Kinetics,"Consider this gas phase reaction. Cl(g) + CHCl(g) ® HCl(g) + CCl (g) 2 3 4 The reaction is found experimentally to follow this rate law. rate = k [CHCl] [Cl ]1/2 3 2 Based on this information, what conclusions  ... . Cl 2 (g) ¾ 2Cl(g) Step 2. Cl(g) + CHCl (g) ® HCl(g) + CCl (g) 3 3 Step 3. Cl(g) + CCl (g) ® CCl (g) 3 4",,classified
2002-usnco-national-exam-part-i.pdf,30,5,Equilibrium,Combining equilibrium constants for nitrogen oxychloride reactions,"Combines equilibrium constants, not rate laws.",classified
2002-usnco-national-exam-part-i.pdf,31,6,Equilibrium,"What is the pH of a 0.15 M Hydrazine K solution of hydrazine, NH? b 2 4 NH 1.0 ´ 10–6 2 4",,classified
2002-usnco-national-exam-part-i.pdf,32,6,Kinetics,Rate saturation in catalyzed reactions,Tests catalyst active-site saturation and its effect on reaction rate.,classified
2002-usnco-national-exam-part-i.pdf,33,6,Equilibrium,What is the percent ionization of a 0.10 M solution of formic acid at 25 °C?,,classified
2002-usnco-national-exam-part-i.pdf,34,6,Equilibrium,How many moles of sodium formate must be added to 1.0 L of a 0.20 M formic acid solution to produce a pH of 4.00?,,classified
2002-usnco-national-exam-part-i.pdf,35,6,Equilibrium,"During the titration of a weak base with a strong acid, one should use an acid-base indicator that changes color in the",Uses the acid-base behavior at the equivalence point to choose an indicator.,classified
2002-usnco-national-exam-part-i.pdf,36,6,Equilibrium,What is the solubility Substance K of calcium hydroxide sp in mol·L–1? calcium hydroxide 4.0 ´ 10–6,,classified
2002-usnco-national-exam-part-i.pdf,37,6,Oxidation - Reduction,"What is the average oxidation number of tungsten in the ion, WOCl 2–? 6 6 12",,classified
2002-usnco-national-exam-part-i.pdf,38,6,Oxidation - Reduction,"How many moles of electrons must be removed from each mole of toluene, CHCH , when it is oxidized to 6 5 3 benzoic acid, C HCOOH? 6 5",,classified
2002-usnco-national-exam-part-i.pdf,39,6,Oxidation - Reduction,What is the value of Eo for a voltaic cell based on this reaction? Reaction E o Cu2+(aq) + 2e–® Cu(s) +0.34 V Al3+(aq) + 3e–® Al(s) –1.66 V,,classified
2002-usnco-national-exam-part-i.pdf,40,6,Oxidation - Reduction,What value should be used for n in the Nernst equation to determine the effect of changes in Al3+(aq) and Cu2+(aq) concentrations in this reaction?,,classified
2002-usnco-national-exam-part-i.pdf,41,6,Oxidation - Reduction,Use the given standard reduction potentials to determine the reduction potential for this half-reaction. MnO–(aq) + 3e– + 4H+ ® MnO (s) + 2HO(l) 4 2 2 Reaction E o MnO–(aq) + e–® MnO 2–(aq) +0.564 V 4 4 MnO2–(aq) + 2e– + 4H+ ® MnO (s) + 2HO(l) +2.261 V 4 2 2,,classified
2002-usnco-national-exam-part-i.pdf,42,6,Oxidation - Reduction,How many Faradays are required to reduce all the chromium in 0.150 L of 0.115 M of Cr O2– to Cr2+? 2 7,,classified
2002-usnco-national-exam-part-i.pdf,43,6,Atomic Structure/Periodicity,In which list are the elements arranged in order of increasing first ionization energy?,,classified
2002-usnco-national-exam-part-i.pdf,44,6,Atomic Structure/Periodicity,Which quantum number is associated with the shape of an atomic orbital?,,classified
2002-usnco-national-exam-part-i.pdf,45,7,Atomic Structure/Periodicity,"Consider the ions Li+, Na+, Be2+, and Mg2+. Which two are closest to one another in size?",,classified
2002-usnco-national-exam-part-i.pdf,46,7,Atomic Structure/Periodicity,What is the electron configuration for a gas phase +3 ion of iron (Z = 26)?,,classified
2002-usnco-national-exam-part-i.pdf,47,7,Atomic Structure/Periodicity,"Magnesium (Z = 12) has isotopes that range from Mg–20 to Mg–31. Only Mg–24, Mg–25, and Mg–26 are not radioactive. What mode of radioactive decay would convert Mg–20, Mg–21, Mg–22, and Mg–23 into stable isotopes most quickly?",,classified
2002-usnco-national-exam-part-i.pdf,48,7,Bonding/Molecular Structure,Molecular versus extended structures of oxides,Distinguishes molecular/covalent bonding structures rather than atomic electronic configurations.,classified
2002-usnco-national-exam-part-i.pdf,49,7,Bonding/Molecular Structure,How many sigma and pi O bonds are in this compound? C OH,,classified
2002-usnco-national-exam-part-i.pdf,50,7,Bonding/Molecular Structure,Which pair of ions has the same shape?,,classified
2002-usnco-national-exam-part-i.pdf,51,7,Bonding/Molecular Structure,Which resonance form makes the greatest contribution to the structure of NO? 2,,classified
2002-usnco-national-exam-part-i.pdf,52,7,Bonding/Molecular Structure,Which species has the strongest oxygen-oxygen bond according to molecular orbital theory?,,classified
2002-usnco-national-exam-part-i.pdf,53,7,Bonding/Molecular Structure,How many atoms are covalently bonded to the chromium atom in Cr(NH )Cl? 34 3,,classified
2002-usnco-national-exam-part-i.pdf,54,7,Bonding/Molecular Structure,"When the carbon-oxygen bonds in HCOH, HCO, and 3 2 HCO– are arranged in order of increasing length, what is 2 the correct order?",,classified
2002-usnco-national-exam-part-i.pdf,55,7,Organic/Biochemistry,Which reaction is an oxidation? (Only the carbon- containing molecules are shown.),Identifies oxidation among organic functional-group transformations.,classified
2002-usnco-national-exam-part-i.pdf,56,7,Organic/Biochemistry,What is the molecular formula of indigo?,,classified
2002-usnco-national-exam-part-i.pdf,57,7,Organic/Biochemistry,What is the hybridization of the carbon atoms bonded to oxygen?,Hybridization is interpreted in the supplied organic indigo structure.,classified
2002-usnco-national-exam-part-i.pdf,58,7,Organic/Biochemistry,"Aniline, C HNH, does not dissolve well in water. 6 5 2 Which reagent could be used to increase its aqueous solubility?",,classified
2002-usnco-national-exam-part-i.pdf,59,8,Organic/Biochemistry,Which molecule reacts most rapidly with water?,,classified
2002-usnco-national-exam-part-i.pdf,60,8,Organic/Biochemistry,Which of these elements is found in hemoglobin?,,classified
2001-usnco-national-exam-part-i.pdf,1,3,Descriptive/Laboratory,Which of these compounds is amphoteric? I. Al(OH) II. Ba(OH) III. Zn(OH) 3 2 2,,classified
2001-usnco-national-exam-part-i.pdf,2,3,Descriptive/Laboratory,Calcium hydride reacts with excess water to form,,classified
2001-usnco-national-exam-part-i.pdf,3,3,States Of Matter,Boiling point of a hexane-heptane mixture,Tests liquid-mixture vaporization behavior.,classified
2001-usnco-national-exam-part-i.pdf,4,3,Atomic Structure/Periodicity,Melting-point trend across period 3 elements,Elemental melting points reflect changing bonding across a period; retained as a periodic-property comparison.,classified
2001-usnco-national-exam-part-i.pdf,5,3,Descriptive/Laboratory,Which substance participates readily in both acid-base and oxidation-reduction reactions?,,classified
2001-usnco-national-exam-part-i.pdf,6,3,Stoichiometry/Solutions,Magnesium hydroxide mass required for neutralization,"An acid-base amount calculation, not an equilibrium pH calculation.",classified
2001-usnco-national-exam-part-i.pdf,7,3,Descriptive/Laboratory,Purpose of laboratory condenser apparatus,Requires recognizing laboratory apparatus.,classified
2001-usnco-national-exam-part-i.pdf,8,3,Stoichiometry/Solutions,Calculate the mass of Substance Molar Mass ammonia that can be produced from the (NH)PtCl 443.9 g·mol–1 42 6 decomposition of a sample of (NH)PtCl containing 0.100 g Pt. 42 6,,classified
2001-usnco-national-exam-part-i.pdf,9,3,Stoichiometry/Solutions,"Assume 0.10 L of N and 0.18 L of H, both at 50 atm 2 2 and 450 °C, are reacted to form NH . Assuming the 3 reaction goes to completion, identify the reagent that is in excess and determine the volume that remains at the same temperature and pressure.",,classified
2001-usnco-national-exam-part-i.pdf,10,3,Stoichiometry/Solutions,Concentrated hydrochloric acid is 12.0 M and is 36.0% hydrogen chloride by mass. What is its density?,,classified
2001-usnco-national-exam-part-i.pdf,11,4,Stoichiometry/Solutions,CHO + CHO ® C HO + C HO 7 6 3 4 6 3 9 8 4 2 4 2 salicylic acetic aspirin acetic acid anhydride acid What is the percent yield if Substance Molar Mass 0.85 g of aspirin is formed C HO 138.12 g·mol–1 in the react ... l–1 salicylic acid with excess 4 6 3 C HO 180.15 g·mol–1 acetic anhydride? 9 8 4 C HO 60.05 g·mol–1 2 4 2,,classified
2001-usnco-national-exam-part-i.pdf,12,4,States Of Matter,Pressure-temperature region of stable liquid carbon dioxide,Uses the triple point and critical temperature to identify a phase region.,classified
2001-usnco-national-exam-part-i.pdf,13,4,States Of Matter,"The vapor pressure of water at 20 °C is 17.54 mmHg. What will be the vapor pressure of the water in the apparatus shown after the piston is water vapor lowered, decreasing the volume of the gas above the liquid to one half of its initial volume? (Assume liquid water no temperature change.)",,classified
2001-usnco-national-exam-part-i.pdf,14,4,States Of Matter,"What is the density of propane, CH, at 25 °C and 3 8 740. mmHg?",,classified
2001-usnco-national-exam-part-i.pdf,15,4,States Of Matter,"An unknown gas effuses through a small hole one half as fast as methane, CH , under the same conditions. What is 4 the molar mass of the unknown gas?",,classified
2001-usnco-national-exam-part-i.pdf,16,4,States Of Matter,What is the average velocity of H molecules at 100 K 2 relative to their velocity at 50 K?,,classified
2001-usnco-national-exam-part-i.pdf,17,4,Bonding/Molecular Structure,Arsenic doping of silicon,Tests electronic structure/charge carriers of a semiconductor.,classified
2001-usnco-national-exam-part-i.pdf,18,4,States Of Matter,The heat of formation of Bond Bond Energy NO from its elements is +90 kJ·mol–1. What is the N N 941 kJ·mol–1 approximate bond O O 499 kJ·mol–1 dissociation energy of the bond in NO?,Reaction enthalpy and bond energies form a thermochemical energy balance.,classified
2001-usnco-national-exam-part-i.pdf,19,4,Thermodynamics,"How much energy must be Data for Water, HO supplied to change 36 g of 2 ice at 0 °C to water at room D Ho 6.01 kJ·mol–1 fusion temperature, 25 °C? C 4.18 J·K–1·g–1 P, liquid",,classified
2001-usnco-national-exam-part-i.pdf,20,4,Thermodynamics,"For a process that is both endothermic and spontaneous,",,classified
2001-usnco-national-exam-part-i.pdf,21,4,Thermodynamics,Consider the values for D Ho (in kJ·mol–1) and for D So (in J·mol–1·K–1) given for four different reactions. For which reaction will D Go increase the most (becoming more positive) when the temperature is increased from 0 °C to 25 °C?,,classified
2001-usnco-national-exam-part-i.pdf,22,5,Thermodynamics,A certain reaction is exothermic by 220 kJ and does 10 kJ of work. What is the change in the internal energy of the system at constant temperature?,,classified
2001-usnco-national-exam-part-i.pdf,23,5,Thermodynamics,FeO(s) + 3/2C(s) ® 3/2CO(g) + 2Fe(s) D Ho = +234.1 kJ 2 3 2 C(s) + O (g) ® CO(g) D Ho = –393.5 kJ 2 2 Use these equations and D Ho values to calculate D Ho for this reaction. 4Fe(s) + 3O(g) ® 2FeO(s) 2 2 3,,classified
2001-usnco-national-exam-part-i.pdf,24,5,Thermodynamics,A large positive value of D Go corresponds to which of these?,Interprets the relationship between standard Gibbs energy and equilibrium constant.,classified
2001-usnco-national-exam-part-i.pdf,25,5,Kinetics,Activated complex and intermediate on a reaction-coordinate diagram,,classified
2001-usnco-national-exam-part-i.pdf,26,5,Kinetics,"Gadolinium-153, which is used to detect osteoporosis, has a half-life of 242 days. Which value is closest to the percentage of the Gd-153 left in a patient's system after 2 years (730 days)?",,classified
2001-usnco-national-exam-part-i.pdf,27,5,Kinetics,Consider this reaction. 2NO(g) + O(g) ® N O(g) + O(g) 2 3 2 5 2 The reaction of nitrogen dioxide and ozone represented is first order in NO(g) and in O(g). Which of these possible 2 3 reaction mechanisms is con ...  + NO ® N O fast 3 2 2 5 Mechanism II. O 3 ¾ O 2 + O fast NO + O ® NO slow 2 3 NO + NO ® N O fast 3 2 2 5,,classified
2001-usnco-national-exam-part-i.pdf,28,5,Kinetics,"When the temperature of a reaction is raised from 300 K to 310 K, the reaction rate doubles. Determine the activation energy, E, associated with the reaction. a",,classified
2001-usnco-national-exam-part-i.pdf,29,5,Kinetics,"Use the experimental data in the table to determine the rate law for this reaction. A +B ® AB These data were obtained when the reaction was studied. [A], M [B], M D [ AB ] D tmol·L–1·s–1 0.100 0.100 2.0 ´ 10–4 0.200 0.100 2.0 ´ 10–4 0.300 0.300 1.8 ´ 10–3 What is the rate equation for the reaction?",,classified
2001-usnco-national-exam-part-i.pdf,30,5,Kinetics,Which of the reactions represented in these diagrams will show the greatest increase in rate for a given increase in temperature? Reaction I Reaction II,,classified
2001-usnco-national-exam-part-i.pdf,31,6,Equilibrium,What is K for this reaction? p 1/2N 2 (g) + 3/2H 2 (g) ¾ NH 3 (g),,classified
2001-usnco-national-exam-part-i.pdf,32,6,Equilibrium,What is the expression for K at 250 °C for this reaction? c 2NH 3 (g) ¾ N 2 (g) + 3H 2 (g) K K,,classified
2001-usnco-national-exam-part-i.pdf,33,6,Equilibrium,HCOOH(aq) ¾ H+(aq) + HCOO–(aq) K a = 1.7 ´ 10–4 The ionization of formic acid is represented. Calculate [H+] of a solution initially containing 0.10 M HCOOH and 0.050 M HCOONa.,,classified
2001-usnco-national-exam-part-i.pdf,34,6,Equilibrium,Which are strong acids? I. HClO II. H SeO III. H AsO 3 2 3 3 4,,classified
2001-usnco-national-exam-part-i.pdf,35,6,Equilibrium,"Carbonic acid, HCO , is a diprotic acid for which 2 3 K = 4.2 ´ 10–7 and K = 4.7 ´ 10–11. Which solution will 1 2 produce a pH closest to 9?",,classified
2001-usnco-national-exam-part-i.pdf,36,6,Equilibrium,"What is the pH of a saturated solution of magnesium hydroxide, Mg(OH) at 25 °C? (K = 6.0 ´ 10–12 at 25˚C) 2 sp",,classified
2001-usnco-national-exam-part-i.pdf,37,6,Oxidation - Reduction,"P (s) + 3OH–(aq) + 3H O(l) ® PH (g) + 3HPO –(aq) 4 2 3 2 2 For this reaction, the oxidizing and reducing agents are, respectively,",,classified
2001-usnco-national-exam-part-i.pdf,38,6,Oxidation - Reduction,Al3+(aq) + 3e– ® Al(s) Eo = –1.66 V Cu2+(aq) +2e– ® Cu(s) Eo = +0.34 V What voltage is produced under standard conditions by combining the half-reactions with these Standard Electrode Potentials?,,classified
2001-usnco-national-exam-part-i.pdf,39,6,Oxidation - Reduction,For which of these oxidation/reduction pairs will the reduction potential vary with pH? I. AmO2+/AmO+ II. AmO 2+/Am4+ III. Am4+/Am2+ 2 2 2,,classified
2001-usnco-national-exam-part-i.pdf,40,6,Oxidation - Reduction,2Ag+(aq) + Cu(s) ® Cu2+(aq) + 2Ag(s) The standard potential for this reaction is 0.46 V. Which change will increase the potential the most?,,classified
2001-usnco-national-exam-part-i.pdf,41,6,Oxidation - Reduction,10Cl–(aq) + 2MnO –(aq) + 16H+(aq) ® 4 5Cl(g) + 2Mn2+(aq) + 8H O(l) 2 2 The value of Eo for this reaction at 25 °C is 0.15 V. What is the value of K for this reaction?,,classified
2001-usnco-national-exam-part-i.pdf,42,6,Oxidation - Reduction,"When water is electrolyzed, hydrogen and oxygen gas are produced. If 1.008 g of H is liberated at the cathode, 2 what mass of O is formed at the anode? 2",,classified
2001-usnco-national-exam-part-i.pdf,43,6,Atomic Structure/Periodicity,Which property of an element is most dependent on the shielding effect?,,classified
2001-usnco-national-exam-part-i.pdf,44,7,Atomic Structure/Periodicity,How many unpaired electrons are present in a ground state gaseous Ni2+ ion?,,classified
2001-usnco-national-exam-part-i.pdf,45,7,Atomic Structure/Periodicity,"When the elements carbon, nitrogen and oxygen are arranged in order of increasing ionization energies, what is the correct order?",,classified
2001-usnco-national-exam-part-i.pdf,46,7,Atomic Structure/Periodicity,"Given this set of quantum numbers for a multi-electron atom: 2, 0, 0, 1/2 and 2, 0, 0, –1/2. What is the next higher allowed set of n and l quantum numbers for this atom in its ground state?",,classified
2001-usnco-national-exam-part-i.pdf,47,7,Atomic Structure/Periodicity,Which element will exhibit the photoelectric effect with light of the longest wavelength?,,classified
2001-usnco-national-exam-part-i.pdf,48,7,Atomic Structure/Periodicity,All these elements have common allotropes except,Tests characteristic elemental allotropy as descriptive periodic behavior.,classified
2001-usnco-national-exam-part-i.pdf,49,7,Bonding/Molecular Structure,How many sigma and pi H H O bonds are shown in this H N C C C C C H compound? H,,classified
2001-usnco-national-exam-part-i.pdf,50,7,Bonding/Molecular Structure,Which reaction involves a change in the electron-pair geometry for the underlined atom?,,classified
2001-usnco-national-exam-part-i.pdf,51,7,Bonding/Molecular Structure,Which compound has the largest lattice energy?,,classified
2001-usnco-national-exam-part-i.pdf,52,7,Bonding/Molecular Structure,Which is the best description of a covalent bond?,,classified
2001-usnco-national-exam-part-i.pdf,53,7,Bonding/Molecular Structure,What is the formal charge on the chlorine atom in the oxyacid HOClO if it contains only single bonds? 2,,classified
2001-usnco-national-exam-part-i.pdf,54,7,Bonding/Molecular Structure,Which of these compounds is not adequately represented by a valence bond model? I. CO II. SO III. SiO 2 2 2,,classified
2001-usnco-national-exam-part-i.pdf,55,7,Organic/Biochemistry,Which compound is not correctly matched with its class name?,,classified
2001-usnco-national-exam-part-i.pdf,56,7,Organic/Biochemistry,How many toluene derivatives have the formula C HCl? 7 7,,classified
2001-usnco-national-exam-part-i.pdf,57,7,Organic/Biochemistry,"When the compounds CH COOH, CHOH and C HOH 3 2 5 6 5 are arranged in order of increasing acidity in aqueous solution, which order is correct?",,classified
2001-usnco-national-exam-part-i.pdf,58,7,Organic/Biochemistry,Which can be used as a catalyst in an esterification reaction? I. NaOH II. H SO 2 4,,classified
2001-usnco-national-exam-part-i.pdf,59,8,Organic/Biochemistry,Which term best describes a carbocation?,,classified
2001-usnco-national-exam-part-i.pdf,60,8,Organic/Biochemistry,A racemic mixture has equal amounts of,,classified
2000-usnco-national-exam-part-i.pdf,1,3,Descriptive/Laboratory,Which of these ions is expected to be colored in aqueous solution? I Fe3+ II Ni2+ III Al3+,,classified
2000-usnco-national-exam-part-i.pdf,2,3,Descriptive/Laboratory,Which substance is stored in contact with water to prevent it from reacting with air?,,classified
2000-usnco-national-exam-part-i.pdf,3,3,Descriptive/Laboratory,A solution of concentrated aqueous ammonia is added dropwise to 1 mL of a dilute aqueous solution of copper(II) nitrate until a total of 1 mL of the ammonia solution has been added. What observations can be made during this process?,,classified
2000-usnco-national-exam-part-i.pdf,4,3,Descriptive/Laboratory,What gas is produced when dilute HNO is added to 3 silver metal?,,classified
2000-usnco-national-exam-part-i.pdf,5,3,Descriptive/Laboratory,"A substance is analyzed by paper chromatography, giving the chromatogram shown. start solvent front 0.0 2.0 4.0 6.0 8.0 10.0 12.0 cm What is the R value of the substance represented by the f spot at 8.0 cm?",,classified
2000-usnco-national-exam-part-i.pdf,6,3,Descriptive/Laboratory,"The molarity of a Cu2+ solution is to be determined from its absorbance, measured under the same conditions as those used to prepare this calibration curve. What will be the percent uncertainty in the concentra ... certainty [Cu2+], M in the absorbance reading is ±0.01 absorbance units? ecnabrosbA 0.40 0.30 0.20 0.10 0",,classified
2000-usnco-national-exam-part-i.pdf,7,3,Stoichiometry/Solutions,"A 1.50 g sample of an ore containing silver was dissolved, and all of the Ag+ was converted to 0.124 g of Ag S. What was the percentage of silver in the ore? 2",,classified
2000-usnco-national-exam-part-i.pdf,8,3,Stoichiometry/Solutions,"Methyl-t-butyl ether, C H O, is added to gasoline to 5 12 promote cleaner burning. How many moles of oxygen gas, O , are required to burn 1.0 mol of this compound 2 completely to form carbon dioxide and water?",,classified
2000-usnco-national-exam-part-i.pdf,9,3,Stoichiometry/Solutions,"A 0.200 g sample of Substance Molar Mass benzoic acid, C H COOH, 6 5 is titrated with a 0.120 M C H COOH 122.1 g·mol–1 6 5 Ba(OH) solution. What 2 volume of the Ba(OH) solution is required to reach the 2 equivalence point?",,classified
2000-usnco-national-exam-part-i.pdf,10,4,Stoichiometry/Solutions,Chlorine can be prepared by reacting HCl with MnO. 2 The reaction is represented by this equation. MnO (s) + 4HCl(aq) → Cl (g) + MnCl(aq) + 2HO(l) 2 2 2 2 Assuming the reaction goes to completion what mass of concentrated HCl solution (36.0% HCl by mass) is needed to produce 2.50 g of Cl ? 2,,classified
2000-usnco-national-exam-part-i.pdf,11,4,Stoichiometry/Solutions,What is the Na+ ion concentration in the solution formed by mixing 20. mL of 0.10 M Na SO solution with 2 4 50. mL of 0.30 M Na PO solution? 3 4,,classified
2000-usnco-national-exam-part-i.pdf,12,4,Stoichiometry/Solutions,"A solution prepared by Compound K b dissolving a 2.50 g sample C H 2.53 °C·m–1 of an unknown compound 6 6 dissolved in 34.0 g of benzene, C H , boils 1.38 °C 6 6 higher than pure benzene. Which expression gives the molar mass of the unknown compound? 2.50",,classified
2000-usnco-national-exam-part-i.pdf,13,4,States Of Matter,"What is the total pressure in a 2.00 L container that holds 1.00 g He, 14.0 g CO, and 10.0 g of NO at 27.0 °C?",,classified
2000-usnco-national-exam-part-i.pdf,14,4,States Of Matter,What type of solid is generally characterized by having low melting point and low electrical conductivity?,,classified
2000-usnco-national-exam-part-i.pdf,15,4,States Of Matter,How many nearest neighbors surround each particle in a face-centered cubic lattice?,,classified
2000-usnco-national-exam-part-i.pdf,16,4,States Of Matter,"Hydrogen is Compound Vapor Pressure collected over water at 22 °C at 22 °C and a HO 20. mmHg barometer reading 2 of 740 mmHg. If 300. mL of hydrogen is collected, which expression will give the volume of dry hydrogen at the same temperature and pressure? 740mmHg–20mmHg",,classified
2000-usnco-national-exam-part-i.pdf,17,4,States Of Matter,"What is the normal melting point of the substance represented by the phase diagram? A B C D T, °C mta,P 1.0",,classified
2000-usnco-national-exam-part-i.pdf,18,4,Thermodynamics,"A bomb calorimeter has a heat capacity of 783 J·°C–1 and contains 254 g of water, which has a specific heat of 4.184 J·g–1·°C–1. How much heat is evolved or absorbed by a reaction when the temperature goes from 23.73 °C to 26.01 °C?",The requested quantity is heat calculated from calorimeter and water heat capacities.,classified
2000-usnco-national-exam-part-i.pdf,19,4,Thermodynamics,Consider this equation and the associated value for ∆Ho. 2H (g) + 2Cl (g) → 4HCl(g) ∆Ho = –92.3 kJ 2 2 Which statement about this information is incorrect?,,classified
2000-usnco-national-exam-part-i.pdf,20,5,Thermodynamics,Determine the heat of reaction for this process. FeO(s) + FeO (s) → Fe O (s) 2 3 3 4 Given information: 2Fe(s) + O(g) → 2FeO(s) ∆Ho = –544.0 kJ 2 4Fe(s) + 3O(g) → 2Fe O (s) ∆Ho = –1648.4 kJ 2 2 3 Fe O (s) → 3Fe(s) + 2O(g) ∆Ho = +1118.4 kJ 3 4 2,,classified
2000-usnco-national-exam-part-i.pdf,21,5,Thermodynamics,For which process will ∆Ho and ∆Go be expected to be most similar?,,classified
2000-usnco-national-exam-part-i.pdf,22,5,Thermodynamics,Use bond energies to estimate ∆H for this Bond Bond Energy reaction. H–H 436 kJ·mol–1 H (g) + O(g) → H O (g) O–O 142 kJ·mol–1 2 2 2 2 O=O 499 kJ·mol–1 H–O 460 kJ·mol–1,,classified
2000-usnco-national-exam-part-i.pdf,23,5,Thermodynamics,"For a particular reaction, ∆Ho = –38.3 kJ and ∆So = –113 J·K–1. This reaction is",,classified
2000-usnco-national-exam-part-i.pdf,24,5,Thermodynamics,What is ∆Go for this reaction? 1/2N (g) + 3/2H (g) = NH(g) K = 4.42 × 104 at 25 °C. 2 2 3 p,,classified
2000-usnco-national-exam-part-i.pdf,25,5,Kinetics,"A reaction follows this concentration-time diagram. The instantaneous rate for this reaction at 20 seconds will be closest to which value? 0 20 40 60 Time, sec ytiraloM 0.40 0.30 0.20 0.10 0",,classified
2000-usnco-national-exam-part-i.pdf,26,5,Kinetics,"If the half-life of a reaction increases as the initial concentration of substance increases, the order of the reaction is",,classified
2000-usnco-national-exam-part-i.pdf,27,5,Kinetics,"The radioisotope N-13, which has a half-life of 10 minutes, is used to image organs in the body. If an injected sample has an activity of 40 microcuries (40 µCi), what is its activity after 25 minutes in the body?",,classified
2000-usnco-national-exam-part-i.pdf,28,5,Kinetics,"Propanone reacts with iodine in acid solution as shown in this equation. H+ CH C(O)CH + I → CH C(O)CH I + HI 3 3 2 3 2 These data were obtained when the reaction was studied. [CH C(O)CH ], M [I ], M [H+], M  ... 1 0.020 0.010 0.010 2 0.020 0.020 0.010 2 0.020 0.010 0.020 4 What is the rate equation for the reaction?",,classified
2000-usnco-national-exam-part-i.pdf,29,5,Kinetics,A particular reaction rate increases by a factor of five when the temperature is increased from 5 °C to 27 °C. What is the activation energy of the reaction?,,classified
2000-usnco-national-exam-part-i.pdf,30,6,Kinetics,Consider this reaction. 2H (g) + 2NO(g) → N (g) + 2HO(g) 2 2 2 The rate law for this reaction is rate = k [H ] [NO]2. 2 Under what conditions could these steps represent the mechanism? Step 1. 2NO = NO 2 2 Step 2. N O + H → N O + H O 2 2 2 2 2 Step 3. N O + H → N + H O 2 2 2 2,,classified
2000-usnco-national-exam-part-i.pdf,31,6,Kinetics,Reverse rate constant from forward constant and equilibrium constant,The requested result is a kinetic rate constant.,classified
2000-usnco-national-exam-part-i.pdf,32,6,Equilibrium,"For the reaction 2A(g) + 2B(g) = 3C(g) at a certain temperature, K is 2.5 × 10–2. For which conditions will the reaction proceed to the right at the same temperature? [A], M [B], M [C], M",,classified
2000-usnco-national-exam-part-i.pdf,33,6,Equilibrium,What is the K of a weak base that produces one OH– per b molecule if a 0.050 M solution is 2.5% ionized?,,classified
2000-usnco-national-exam-part-i.pdf,34,6,Equilibrium,What is the [OH–] of a Acid K 0.65 M solution of a NaOCl? HOCl 2.8 × 10–8,,classified
2000-usnco-national-exam-part-i.pdf,35,6,Equilibrium,Which acid is the strongest?,,classified
2000-usnco-national-exam-part-i.pdf,36,6,Equilibrium,What is the conjugate acid of HPO 2–? 4,,classified
2000-usnco-national-exam-part-i.pdf,37,6,Equilibrium,Indicator choice for bicarbonate antacid titration,Selects an indicator using acid-base constants of bicarbonate/carbonic acid.,classified
2000-usnco-national-exam-part-i.pdf,38,6,Equilibrium,How many moles of Acid K NaOCl must be added to a 150 mL of 0.025 M HOCl HOCl 2.8 × 10–8 to obtain a buffer solution with a pH = 7.50?,,classified
2000-usnco-national-exam-part-i.pdf,39,6,Equilibrium,Concentration combinations precipitating barium fluoride,,classified
2000-usnco-national-exam-part-i.pdf,40,6,Oxidation - Reduction,What takes place when zinc metal is added to a aqueous solution containing magnesium nitrate and silver nitrate? 1. Zn is oxidized. 2. Mg2+ is reduced. 3. Ag+ is reduced. 4. No reaction takes place.,,classified
2000-usnco-national-exam-part-i.pdf,41,7,Oxidation - Reduction,Standard Gibbs energy of a copper-silver cell reaction,,classified
2000-usnco-national-exam-part-i.pdf,42,7,Oxidation - Reduction,Nernst equation for a copper-silver cell,,classified
2000-usnco-national-exam-part-i.pdf,43,7,Oxidation - Reduction,Which increases immediately if the surface area of the silver electrode is increased?,Examines electrode area effects on an operating electrochemical cell.,classified
2000-usnco-national-exam-part-i.pdf,44,7,Oxidation - Reduction,"In the galvanizing process, iron is coated with zinc. The resulting chemical protection is most similar to that provided when",,classified
2000-usnco-national-exam-part-i.pdf,45,7,Atomic Structure/Periodicity,How many unpaired electrons are in a gaseous Fe2+ ion in the ground state?,,classified
2000-usnco-national-exam-part-i.pdf,46,7,Atomic Structure/Periodicity,Which element has the smallest first–ionization energy?,,classified
2000-usnco-national-exam-part-i.pdf,47,7,Atomic Structure/Periodicity,Which set of orbitals is listed in the sequential order of filling in a many-electron atom?,,classified
2000-usnco-national-exam-part-i.pdf,48,7,Atomic Structure/Periodicity,Which set is expected to show the smallest difference in first–ionization energy?,,classified
2000-usnco-national-exam-part-i.pdf,49,7,Atomic Structure/Periodicity,"When the atoms Li, Be, B, and Na are arranged in order of increasing atomic radius, what is the correct order?",,classified
2000-usnco-national-exam-part-i.pdf,50,7,Bonding/Molecular Structure,Which species has the same shape as the NO – ion? 3,,classified
2000-usnco-national-exam-part-i.pdf,51,7,Bonding/Molecular Structure,What is the formal charge on the central atom in N O? N N O 2,,classified
2000-usnco-national-exam-part-i.pdf,52,7,Bonding/Molecular Structure,How many bonding pairs and lone pairs surround the central atom in the I – ion? 3 Bonding Pairs Lone Pairs,,classified
2000-usnco-national-exam-part-i.pdf,53,8,Bonding/Molecular Structure,"The nitrogen atoms in NH , NH –, and NH + are all 3 2 4 surrounded by eight electrons. When these three species are arranged in order of increasing H–N–H bond angle, what is the correct order?",,classified
2000-usnco-national-exam-part-i.pdf,54,8,Bonding/Molecular Structure,"What hybrid orbitals are employed by carbon atoms O 1,2, and 3, respectively, as H C C C N 3 labeled in the compound 1 2 3 shown?",,classified
2000-usnco-national-exam-part-i.pdf,55,8,Bonding/Molecular Structure,"In which pair, or pairs, is the stronger bond found in the first species? 1. O –, O 2. N , N + 3. NO+, NO– 2 2 2 2",,classified
2000-usnco-national-exam-part-i.pdf,56,8,Organic/Biochemistry,What is the molecular CH formula of this chemical 3 structure? CH 3,,classified
2000-usnco-national-exam-part-i.pdf,57,8,Organic/Biochemistry,Which is the formula for an alkyne?,,classified
2000-usnco-national-exam-part-i.pdf,58,8,Organic/Biochemistry,How many isomers have the formula C H O? 3 8,,classified
2000-usnco-national-exam-part-i.pdf,59,8,Organic/Biochemistry,Which type of organic compound is most resistant to oxidation by acidified potassium dichromate?,,classified
2000-usnco-national-exam-part-i.pdf,60,8,Organic/Biochemistry,"What product, in addition to water, is produced by this reaction? CH OH + C H COOH → 3 6 5",,classified
1999-usnco-national-exam-part-i.pdf,1,3,Descriptive/Laboratory,Which substance is most likely to be soluble in a nonpolar solvent?,Recognizes qualitative solubility of familiar substances; intermolecular forces also contribute.,classified
1999-usnco-national-exam-part-i.pdf,2,3,Descriptive/Laboratory,A solution of which substance can best be used as both a titrant and its own indicator in an oxidation–reduction titration?,,classified
1999-usnco-national-exam-part-i.pdf,3,3,Descriptive/Laboratory,Temperature rise from an experimental calorimetry graph,Interprets an experimental calorimetry temperature graph; no reaction-energy calculation is requested.,classified
1999-usnco-national-exam-part-i.pdf,4,3,Descriptive/Laboratory,Fe3+(aq) + SCN–(aq) ¾ FeSCN2+(aq) The equilibrium constant for this reaction can best be determined by means of,,classified
1999-usnco-national-exam-part-i.pdf,5,3,Descriptive/Laboratory,Which solid reacts with dilute hydrochloric acid at 25 ˚C to produce a gas that is more dense than air?,,classified
1999-usnco-national-exam-part-i.pdf,6,3,Stoichiometry/Solutions,"A 20.00 mL sample of a Ba(OH) solution is titrated with 2 0.245 M HCl. If 27.15 mL of HCl is required, what is the molarity of the Ba(OH) solution? 2",,classified
1999-usnco-national-exam-part-i.pdf,7,3,Descriptive/Laboratory,Products of ionic hydrides reacting with water,Requires descriptive reaction-product knowledge rather than a numerical amount calculation.,classified
1999-usnco-national-exam-part-i.pdf,8,3,Stoichiometry/Solutions,"0.250 g of an element, M, reacts with excess fluorine to produce 0.547 g of the hexafluoride, MF. What is the 6 element?",,classified
1999-usnco-national-exam-part-i.pdf,9,3,Stoichiometry/Solutions,How many moles of Na+ ions are in 20 mL of 0.40 M Na PO ? 3 4,,classified
1999-usnco-national-exam-part-i.pdf,10,3,Stoichiometry/Solutions,"What is the mass Molar Mass, M percent of oxygen in Al(SO) ·18HO 666.43 g·mol Al(SO) ·18HO? 2 4 3 2 2 4 3 2",,classified
1999-usnco-national-exam-part-i.pdf,11,3,Oxidation - Reduction,Bismuthate-manganese redox equation balancing,Requires oxidation-state changes and balanced redox half-reactions.,classified
1999-usnco-national-exam-part-i.pdf,12,4,Stoichiometry/Solutions,What is the number of O molecules in the 2.5 g of O 2 2 inhaled by the average person in one minute?,,classified
1999-usnco-national-exam-part-i.pdf,13,4,States Of Matter,"Which point in the A phase diagram best represents supercritical conditions? mta ,P B C D T, (cid:176) C",,classified
1999-usnco-national-exam-part-i.pdf,14,4,States Of Matter,The vapor pressure of a liquid in a closed container depends on 1. temperature of the liquid 2. quantity of liquid 3. surface area of the liquid,,classified
1999-usnco-national-exam-part-i.pdf,15,4,States Of Matter,What is the maximum number of phases that can be in equilibrium in a one component system?,,classified
1999-usnco-national-exam-part-i.pdf,16,4,States Of Matter,The molar mass of a gas with a density of 5.8 g·L–1 at 25 ˚C and 740 mm Hg is closest to,,classified
1999-usnco-national-exam-part-i.pdf,17,4,States Of Matter,Which substance would be expected to exhibit the greatest surface tension at 25 ˚C?,,classified
1999-usnco-national-exam-part-i.pdf,18,4,Thermodynamics,3NO(g) + 2NH(g) fi 4N (g) + 3HO(g) D H = –879.6 kJ 2 3 2 2 What is D H˚ for NO in Heats of Formation f 2 kJ·mol–1? NH –45.9 kJ·mol–1 3 HO –241.8 kJ·mol–1 2,,classified
1999-usnco-national-exam-part-i.pdf,19,4,Thermodynamics,"What is the change in internal energy, D E, for a reaction that gives off 65 joules of heat and does 38 joules of work?",,classified
1999-usnco-national-exam-part-i.pdf,20,4,Thermodynamics,What are the signs of D H and D S for this reaction? 2C(s) + O(g) fi 2CO(g) 2 D H D S,,classified
1999-usnco-national-exam-part-i.pdf,21,4,Kinetics,Relative oxygen disappearance and ozone formation rates,The requested quantity is a reaction rate linked by reaction stoichiometry.,classified
1999-usnco-national-exam-part-i.pdf,22,4,Thermodynamics,Which statements are true? 1. S˚ values for all elements in their standard states are positive. 2. S˚ values for all aqueous ions are positive. 3. D S˚ values for all spontaneous reactions are positive.,,classified
1999-usnco-national-exam-part-i.pdf,23,4,Thermodynamics,"Ag+(aq) + 2 NH(aq) ¾ Ag(NH )+(aq) 3 3 2 For this reaction, K = 1.7 · 107 at 25 ˚C. What is the value of D G˚ in kJ?",,classified
1999-usnco-national-exam-part-i.pdf,24,4,Thermodynamics,"The value of D H for a reaction can be found by appropriate combination of bond enthalpies (the energy required to break a particular bond, represented BE). Which expression will give D H for this reaction? C H(g) + H(g) fi CH(g) 2 4 2 2 6",,classified
1999-usnco-national-exam-part-i.pdf,25,5,Oxidation - Reduction,Gibbs energy and equilibrium for a positive-potential cell,The given cell potential is interpreted using electrochemical thermodynamics.,classified
1999-usnco-national-exam-part-i.pdf,26,5,Kinetics,The reaction between NO(g) and O(g) to give NO(g) is 2 2 second order in NO(g) and first order in O(g). By what 2 factor will the reaction rate change if the concentrations of both reactants are doubled?,,classified
1999-usnco-national-exam-part-i.pdf,27,5,Kinetics,The decomposition of ethane into two methyl radicals has a first order rate constant of 5.5 · 10–4 sec–1 at 700 ˚C. What is the half-life for this decomposition in minutes?,,classified
1999-usnco-national-exam-part-i.pdf,28,5,Kinetics,The dependence of the rate constant of a reaction on temperature is given by the equation k=e–E a kT. Under what conditions is k the smallest?,,classified
1999-usnco-national-exam-part-i.pdf,29,5,Kinetics,The reaction CHCl(g) + Cl(g) fi CCl (g) + HCl(g) 3 2 4 is believed to proceed by this mechanism: Cl(g) fi 2Cl(g) fast 2 Cl(g) + CHCl(g) fi HCl(g) + CCl(g) slow 3 3 CCl(g) + Cl(g) fi CCl (g) fast 3 4 What rate equation is consistent with this mechanism?,,classified
1999-usnco-national-exam-part-i.pdf,30,5,Kinetics,The activation energy of a certain reaction is 87 kJ·mol–1. What is the ratio of the rate constants for this reaction when the temperature is decreased from 37 ˚C to 15 ˚C?,,classified
1999-usnco-national-exam-part-i.pdf,31,5,Equilibrium,"P (s) + 6Cl(g) ¾ 4PCl (g) 4 2 3 Phosphorus reacts with chlorine as shown. What is the equilibrium constant expression, K , for this reaction? p",,classified
1999-usnco-national-exam-part-i.pdf,32,5,Equilibrium,The equilibrium constant for the reaction NO(g) ¾ 2NO (g) 2 4 2 is 6.10 · 10–3 at 25˚C. Calculate the value of K for this reaction: NO(g) ¾ 1/2NO(g) 2 2 4,,classified
1999-usnco-national-exam-part-i.pdf,33,5,Equilibrium,The ion-product constant for water at 45 ˚C is 4.0 · 10–14. What is the pH of pure water at this temperature?,,classified
1999-usnco-national-exam-part-i.pdf,34,5,Equilibrium,"The position of equilibrium lies to the right in each of these reactions. NH+ + NH ¾ NH + + NH 2 5 3 4 2 4 NH + HBr ¾ NH + + Br – 3 4 NH + HBr ¾ N H+ + Br– 2 4 2 5 Based on this information, what is the order of acid strength?",,classified
1999-usnco-national-exam-part-i.pdf,35,5,Equilibrium,HCN is a weak acid (K = 6.2 · 10–10). NH is a weak a 3 base (K = 1.8 · 10–5). A 1.0 M solution of NHCN b 4 would be,,classified
1999-usnco-national-exam-part-i.pdf,36,5,Equilibrium,What is the percent ionization of a 0.010 M HCN solution? (K = 6.2 · 10–10) a,,classified
1999-usnco-national-exam-part-i.pdf,37,6,Equilibrium,How many moles of HCOONa must be added to 1.0 L of 0.10 M HCOOH to prepare a buffer solution with a pH of 3.4? (HCOOH K = 2 · 10–4) a,,classified
1999-usnco-national-exam-part-i.pdf,38,6,Equilibrium,"The acid–base indicator methyl red has a K of 1 · 10–5. a Its acidic form is red while its alkaline form is yellow. If methyl red is added to a colorless solution with a pH = 7, the color will be",The indicator color is inferred using its acid dissociation constant and solution pH.,classified
1999-usnco-national-exam-part-i.pdf,39,6,Equilibrium,Silver ions are added to a solution with [Br–] = [Cl–] = [CO2–] = [AsO 3–] = 0.1 M. 3 4 Which compound will precipitate at the lowest [Ag+]?,,classified
1999-usnco-national-exam-part-i.pdf,40,6,Oxidation - Reduction,Consider a voltaic cell based on these half–cells. Ag+(aq) + e– fi Ag(s) E˚ = +0.80 V Cd2+(aq) + 2e– fi Cd(s) E˚ = –0.40 V Identify the anode and give the voltage of this cell under standard conditions.,,classified
1999-usnco-national-exam-part-i.pdf,41,6,Oxidation - Reduction,Which two species react spontaneously?,,classified
1999-usnco-national-exam-part-i.pdf,42,6,Oxidation - Reduction,"When aluminum oxide is electrolyzed in the industrial process for the production of aluminum metal, aluminum is produced at one electrode and oxygen gas is produced at the other. For a given quantity of electricity, what is the ratio of moles of aluminum to moles of oxygen gas?",,classified
1999-usnco-national-exam-part-i.pdf,43,6,Oxidation - Reduction,Gibbs energy from the chromium-copper cell potential,,classified
1999-usnco-national-exam-part-i.pdf,44,6,Oxidation - Reduction,Nernst potential for a chromium-copper cell,,classified
1999-usnco-national-exam-part-i.pdf,45,6,Atomic Structure/Periodicity,All of these sets of quantum numbers are permissible except n l m m l s,,classified
1999-usnco-national-exam-part-i.pdf,46,6,Atomic Structure/Periodicity,Which element can exhibit more than one oxidation state in compounds? 1. Cr 2. Pb 3. Sr,Tests characteristic elemental oxidation states as periodic chemistry.,classified
1999-usnco-national-exam-part-i.pdf,47,6,Atomic Structure/Periodicity,"When the isoelectronic species, K+, Ca2+, and Cl–, are arranged in order of increasing radius, what is the correct order?",,classified
1999-usnco-national-exam-part-i.pdf,48,6,Atomic Structure/Periodicity,Which Group 2 element has chemical properties least like the other members of the group?,,classified
1999-usnco-national-exam-part-i.pdf,49,7,Atomic Structure/Periodicity,In the vapor state which atom has the largest ionization energy?,,classified
1999-usnco-national-exam-part-i.pdf,50,7,Bonding/Molecular Structure,All of these species have the same number of valence electrons as NO – except 3,,classified
1999-usnco-national-exam-part-i.pdf,51,7,Bonding/Molecular Structure,Which set contains no ionic species?,,classified
1999-usnco-national-exam-part-i.pdf,52,7,Bonding/Molecular Structure,"When these species are arranged in order of increasing bond energy, what is the correct sequence?",,classified
1999-usnco-national-exam-part-i.pdf,53,7,Bonding/Molecular Structure,The geometry of the atoms in the species PCl + is best 4 described as,,classified
1999-usnco-national-exam-part-i.pdf,54,7,Bonding/Molecular Structure,Which are nonpolar molecules? 1. NCl 2. SO 3. PCl 3 3 5,,classified
1999-usnco-national-exam-part-i.pdf,55,7,Bonding/Molecular Structure,What are the hybridizations of CH CHCH carbon 1 and carbon 2 in the 3 2 1 2 hydrocarbon?,,classified
1999-usnco-national-exam-part-i.pdf,56,7,Organic/Biochemistry,How many carbon–carbon bonds are in a molecule of 2-methyl-2-butanol?,Counts bonds in the named organic carbon skeleton; retained with organic structure.,classified
1999-usnco-national-exam-part-i.pdf,57,7,Organic/Biochemistry,Which molecule can exist as stereoisomers?,,classified
1999-usnco-national-exam-part-i.pdf,58,7,Organic/Biochemistry,What are the most likely products in the reaction between CH CH CH OH and HI? 3 2 2,,classified
1999-usnco-national-exam-part-i.pdf,59,7,Organic/Biochemistry,Addition polymers include 1. polyamide 2. polyethylene 3. polyester,,classified
1999-usnco-national-exam-part-i.pdf,60,7,Organic/Biochemistry,All of these are aromatic compounds except,,classified
